2025-08-31 21:34:05,326 [INFO] 调用commond，路径: C:\Users\9512601\Desktop\smartTOOL\IPOソース参照\MAQR8700.ipo，程序ID: MAQR8700
2025-08-31 21:34:05,342 [ERROR] 文件不存在: C:\Users\9512601\Desktop\smartTOOL\IPOソース参照\MAQR8700.ipo
2025-08-31 21:34:05,343 [INFO] ❌ commond调用失败: 文件不存在: C:\Users\9512601\Desktop\smartTOOL\IPOソース参照\MAQR8700.ipo
2025-08-31 23:20:38,272 [INFO] 🔍 开始解析文件: MAET8600.ipo
2025-08-31 23:20:38,272 [INFO] 📋 程序ID: MAET8600
2025-08-31 23:20:38,295 [INFO] 📖 成功读取 15 行
2025-08-31 23:20:38,295 [INFO] 🎯 找到PROGRAM-ID: MAET8600
2025-08-31 23:20:38,295 [INFO] 🎯 找到PROGRAM-NAME: ＡＣＰ同一人識別番号付加処理
2025-08-31 23:20:38,296 [INFO] 🎯 找到PATTERN-ID: UZ0Q07
2025-08-31 23:20:38,296 [INFO] ✅ 提取成功:
2025-08-31 23:20:38,296 [INFO]    PROGRAM-ID: MAET8600
2025-08-31 23:20:38,296 [INFO]    PROGRAM-NAME: ＡＣＰ同一人識別番号付加処理
2025-08-31 23:20:38,296 [INFO]    PATTERN-ID: UZ0Q07
2025-09-01 00:02:59,507 [INFO] 🔍 开始解析文件: MAQR6100.ipo
2025-09-01 00:02:59,507 [INFO] 📋 程序ID: MAQR6100
2025-09-01 00:02:59,509 [INFO] 📖 成功读取 15 行
2025-09-01 00:02:59,510 [INFO] 🎯 找到PROGRAM-ID: MAQR6100
2025-09-01 00:02:59,510 [INFO] 🎯 找到PROGRAM-NAME: ＡＣＰ提携重複勘定再設定勘定設定例外事項Ｃ／Ｃデータ作成
2025-09-01 00:02:59,510 [INFO] 🎯 找到PATTERN-ID: UZ0Q06
2025-09-01 00:02:59,510 [INFO] ✅ 提取成功:
2025-09-01 00:02:59,510 [INFO]    PROGRAM-ID: MAQR6100
2025-09-01 00:02:59,510 [INFO]    PROGRAM-NAME: ＡＣＰ提携重複勘定再設定勘定設定例外事項Ｃ／Ｃデータ作成
2025-09-01 00:02:59,510 [INFO]    PATTERN-ID: UZ0Q06
2025-09-01 00:03:33,030 [INFO] 🔍 开始解析文件: MAQR5600.ipo
2025-09-01 00:03:33,030 [INFO] 📋 程序ID: MAQR5600
2025-09-01 00:03:33,032 [INFO] 📖 成功读取 15 行
2025-09-01 00:03:33,032 [INFO] 🎯 找到PROGRAM-ID: MAQR5600
2025-09-01 00:03:33,032 [INFO] 🎯 找到PROGRAM-NAME: ＡＣＰ提携ＮＩＳＡ口座移管更新Ｃ／Ｃデータ作成
2025-09-01 00:03:33,033 [INFO] 🎯 找到PATTERN-ID: UZ0Q06
2025-09-01 00:03:33,033 [INFO] ✅ 提取成功:
2025-09-01 00:03:33,033 [INFO]    PROGRAM-ID: MAQR5600
2025-09-01 00:03:33,033 [INFO]    PROGRAM-NAME: ＡＣＰ提携ＮＩＳＡ口座移管更新Ｃ／Ｃデータ作成
2025-09-01 00:03:33,033 [INFO]    PATTERN-ID: UZ0Q06
2025-09-01 00:49:40,412 [INFO] 🔍 开始解析文件: MAQR5600.ipo
2025-09-01 00:49:40,412 [INFO] 📋 程序ID: MAQR5600
2025-09-01 00:49:40,414 [INFO] 📖 成功读取 15 行
2025-09-01 00:49:40,414 [INFO] 🎯 找到PROGRAM-ID: MAQR5600
2025-09-01 00:49:40,414 [INFO] 🎯 找到PROGRAM-NAME: ＡＣＰ提携ＮＩＳＡ口座移管更新Ｃ／Ｃデータ作成
2025-09-01 00:49:40,414 [INFO] 🎯 找到PATTERN-ID: UZ0Q06
2025-09-01 00:49:40,414 [INFO] ✅ 提取成功:
2025-09-01 00:49:40,415 [INFO]    PROGRAM-ID: MAQR5600
2025-09-01 00:49:40,415 [INFO]    PROGRAM-NAME: ＡＣＰ提携ＮＩＳＡ口座移管更新Ｃ／Ｃデータ作成
2025-09-01 00:49:40,415 [INFO]    PATTERN-ID: UZ0Q06
2025-09-01 00:52:35,123 [INFO] 🔍 开始解析文件: MAET8600.ipo
2025-09-01 00:52:35,123 [INFO] 📋 程序ID: MAET8600
2025-09-01 00:52:35,125 [INFO] 📖 成功读取 15 行
2025-09-01 00:52:35,125 [INFO] 🎯 找到PROGRAM-ID: MAET8600
2025-09-01 00:52:35,125 [INFO] 🎯 找到PROGRAM-NAME: ＡＣＰ同一人識別番号付加処理
2025-09-01 00:52:35,125 [INFO] 🎯 找到PATTERN-ID: UZ0Q07
2025-09-01 00:52:35,125 [INFO] ✅ 提取成功:
2025-09-01 00:52:35,125 [INFO]    PROGRAM-ID: MAET8600
2025-09-01 00:52:35,126 [INFO]    PROGRAM-NAME: ＡＣＰ同一人識別番号付加処理
2025-09-01 00:52:35,126 [INFO]    PATTERN-ID: UZ0Q07
2025-09-01 00:52:51,731 [INFO] 🔍 开始解析文件: MAET8600.ipo
2025-09-01 00:52:51,732 [INFO] 📋 程序ID: MAET8600
2025-09-01 00:52:51,732 [INFO] 📖 成功读取 15 行
2025-09-01 00:52:51,732 [INFO] 🎯 找到PROGRAM-ID: MAET8600
2025-09-01 00:52:51,732 [INFO] 🎯 找到PROGRAM-NAME: ＡＣＰ同一人識別番号付加処理
2025-09-01 00:52:51,733 [INFO] 🎯 找到PATTERN-ID: UZ0Q07
2025-09-01 00:52:51,733 [INFO] ✅ 提取成功:
2025-09-01 00:52:51,733 [INFO]    PROGRAM-ID: MAET8600
2025-09-01 00:52:51,733 [INFO]    PROGRAM-NAME: ＡＣＰ同一人識別番号付加処理
2025-09-01 00:52:51,733 [INFO]    PATTERN-ID: UZ0Q07
2025-09-01 00:55:06,782 [INFO] 🔍 开始解析文件: MAQR5600.ipo
2025-09-01 00:55:06,782 [INFO] 📋 程序ID: MAQR5600
2025-09-01 00:55:06,784 [INFO] 📖 成功读取 15 行
2025-09-01 00:55:06,784 [INFO] 🎯 找到PROGRAM-ID: MAQR5600
2025-09-01 00:55:06,784 [INFO] 🎯 找到PROGRAM-NAME: ＡＣＰ提携ＮＩＳＡ口座移管更新Ｃ／Ｃデータ作成
2025-09-01 00:55:06,784 [INFO] 🎯 找到PATTERN-ID: UZ0Q06
2025-09-01 00:55:06,784 [INFO] ✅ 提取成功:
2025-09-01 00:55:06,784 [INFO]    PROGRAM-ID: MAQR5600
2025-09-01 00:55:06,784 [INFO]    PROGRAM-NAME: ＡＣＰ提携ＮＩＳＡ口座移管更新Ｃ／Ｃデータ作成
2025-09-01 00:55:06,784 [INFO]    PATTERN-ID: UZ0Q06
2025-09-01 01:03:56,540 [INFO] 🔍 开始解析文件: MBAC3900.ipo
2025-09-01 01:03:56,540 [INFO] 📋 程序ID: MBAC3900
2025-09-01 01:03:56,542 [INFO] 📖 成功读取 15 行
2025-09-01 01:03:56,542 [INFO] 🎯 找到PROGRAM-ID: MBAC3900
2025-09-01 01:03:56,542 [INFO] 🎯 找到PROGRAM-NAME: ＡＣＰ株式売買注文約定照会当日詳細（インターネット）
2025-09-01 01:03:56,542 [INFO] 🎯 找到PATTERN-ID: UZ0C08
2025-09-01 01:03:56,543 [INFO] ✅ 提取成功:
2025-09-01 01:03:56,543 [INFO]    PROGRAM-ID: MBAC3900
2025-09-01 01:03:56,543 [INFO]    PROGRAM-NAME: ＡＣＰ株式売買注文約定照会当日詳細（インターネット）
2025-09-01 01:03:56,543 [INFO]    PATTERN-ID: UZ0C08
2025-09-01 01:47:42,201 [INFO] 🔍 开始解析文件: MAQR5600.ipo
2025-09-01 01:47:42,202 [INFO] 📋 程序ID: MAQR5600
2025-09-01 01:47:42,204 [INFO] 📖 成功读取 15 行
2025-09-01 01:47:42,204 [INFO] 🎯 找到PROGRAM-ID: MAQR5600
2025-09-01 01:47:42,204 [INFO] 🎯 找到PROGRAM-NAME: ＡＣＰ提携ＮＩＳＡ口座移管更新Ｃ／Ｃデータ作成
2025-09-01 01:47:42,204 [INFO] 🎯 找到PATTERN-ID: UZ0Q06
2025-09-01 01:47:42,204 [INFO] ✅ 提取成功:
2025-09-01 01:47:42,204 [INFO]    PROGRAM-ID: MAQR5600
2025-09-01 01:47:42,204 [INFO]    PROGRAM-NAME: ＡＣＰ提携ＮＩＳＡ口座移管更新Ｃ／Ｃデータ作成
2025-09-01 01:47:42,204 [INFO]    PATTERN-ID: UZ0Q06
2025-09-01 01:48:21,743 [INFO] 🔍 开始解析文件: MAET8600.ipo
2025-09-01 01:48:21,743 [INFO] 📋 程序ID: MAET8600
2025-09-01 01:48:21,745 [INFO] 📖 成功读取 15 行
2025-09-01 01:48:21,745 [INFO] 🎯 找到PROGRAM-ID: MAET8600
2025-09-01 01:48:21,745 [INFO] 🎯 找到PROGRAM-NAME: ＡＣＰ同一人識別番号付加処理
2025-09-01 01:48:21,746 [INFO] 🎯 找到PATTERN-ID: UZ0Q07
2025-09-01 01:48:21,746 [INFO] ✅ 提取成功:
2025-09-01 01:48:21,746 [INFO]    PROGRAM-ID: MAET8600
2025-09-01 01:48:21,746 [INFO]    PROGRAM-NAME: ＡＣＰ同一人識別番号付加処理
2025-09-01 01:48:21,746 [INFO]    PATTERN-ID: UZ0Q07
2025-09-01 01:48:25,975 [INFO] 🔍 开始解析文件: MAQR5600.ipo
2025-09-01 01:48:25,975 [INFO] 📋 程序ID: MAQR5600
2025-09-01 01:48:25,976 [INFO] 📖 成功读取 15 行
2025-09-01 01:48:25,976 [INFO] 🎯 找到PROGRAM-ID: MAQR5600
2025-09-01 01:48:25,976 [INFO] 🎯 找到PROGRAM-NAME: ＡＣＰ提携ＮＩＳＡ口座移管更新Ｃ／Ｃデータ作成
2025-09-01 01:48:25,976 [INFO] 🎯 找到PATTERN-ID: UZ0Q06
2025-09-01 01:48:25,976 [INFO] ✅ 提取成功:
2025-09-01 01:48:25,976 [INFO]    PROGRAM-ID: MAQR5600
2025-09-01 01:48:25,976 [INFO]    PROGRAM-NAME: ＡＣＰ提携ＮＩＳＡ口座移管更新Ｃ／Ｃデータ作成
2025-09-01 01:48:25,976 [INFO]    PATTERN-ID: UZ0Q06
2025-09-01 01:48:31,656 [INFO] 🔍 开始解析文件: MAQR6100.ipo
2025-09-01 01:48:31,657 [INFO] 📋 程序ID: MAQR6100
2025-09-01 01:48:31,658 [INFO] 📖 成功读取 15 行
2025-09-01 01:48:31,658 [INFO] 🎯 找到PROGRAM-ID: MAQR6100
2025-09-01 01:48:31,658 [INFO] 🎯 找到PROGRAM-NAME: ＡＣＰ提携重複勘定再設定勘定設定例外事項Ｃ／Ｃデータ作成
2025-09-01 01:48:31,658 [INFO] 🎯 找到PATTERN-ID: UZ0Q06
2025-09-01 01:48:31,658 [INFO] ✅ 提取成功:
2025-09-01 01:48:31,658 [INFO]    PROGRAM-ID: MAQR6100
2025-09-01 01:48:31,658 [INFO]    PROGRAM-NAME: ＡＣＰ提携重複勘定再設定勘定設定例外事項Ｃ／Ｃデータ作成
2025-09-01 01:48:31,658 [INFO]    PATTERN-ID: UZ0Q06
2025-09-01 01:48:33,371 [ERROR] 文件不存在: MAQR6100
2025-09-01 01:48:52,556 [INFO] 🔍 开始解析文件: MAET8600.ipo
2025-09-01 01:48:52,556 [INFO] 📋 程序ID: MAET8600
2025-09-01 01:48:52,557 [INFO] 📖 成功读取 15 行
2025-09-01 01:48:52,557 [INFO] 🎯 找到PROGRAM-ID: MAET8600
2025-09-01 01:48:52,557 [INFO] 🎯 找到PROGRAM-NAME: ＡＣＰ同一人識別番号付加処理
2025-09-01 01:48:52,557 [INFO] 🎯 找到PATTERN-ID: UZ0Q07
2025-09-01 01:48:52,557 [INFO] ✅ 提取成功:
2025-09-01 01:48:52,557 [INFO]    PROGRAM-ID: MAET8600
2025-09-01 01:48:52,557 [INFO]    PROGRAM-NAME: ＡＣＰ同一人識別番号付加処理
2025-09-01 01:48:52,557 [INFO]    PATTERN-ID: UZ0Q07
2025-09-01 01:48:54,010 [ERROR] 文件不存在: MAET8600
2025-09-01 01:49:05,475 [ERROR] 文件不存在: MAET8600
2025-09-01 01:49:13,402 [ERROR] 文件不存在: MAET8600
2025-09-01 01:51:13,355 [INFO] 🔍 开始解析文件: MBAC3900.ipo
2025-09-01 01:51:13,356 [INFO] 📋 程序ID: MBAC3900
2025-09-01 01:51:13,360 [INFO] 📖 成功读取 15 行
2025-09-01 01:51:13,360 [INFO] 🎯 找到PROGRAM-ID: MBAC3900
2025-09-01 01:51:13,360 [INFO] 🎯 找到PROGRAM-NAME: ＡＣＰ株式売買注文約定照会当日詳細（インターネット）
2025-09-01 01:51:13,360 [INFO] 🎯 找到PATTERN-ID: UZ0C08
2025-09-01 01:51:13,360 [INFO] ✅ 提取成功:
2025-09-01 01:51:13,360 [INFO]    PROGRAM-ID: MBAC3900
2025-09-01 01:51:13,360 [INFO]    PROGRAM-NAME: ＡＣＰ株式売買注文約定照会当日詳細（インターネット）
2025-09-01 01:51:13,361 [INFO]    PATTERN-ID: UZ0C08
2025-09-01 01:51:46,108 [ERROR] 文件不存在: MBAC3900
2025-09-01 02:07:39,835 [INFO] 🔍 开始解析文件: MAQR5600.ipo
2025-09-01 02:07:39,835 [INFO] 📋 程序ID: MAQR5600
2025-09-01 02:07:39,837 [INFO] 📖 成功读取 15 行
2025-09-01 02:07:39,838 [INFO] 🎯 找到PROGRAM-ID: MAQR5600
2025-09-01 02:07:39,838 [INFO] 🎯 找到PROGRAM-NAME: ＡＣＰ提携ＮＩＳＡ口座移管更新Ｃ／Ｃデータ作成
2025-09-01 02:07:39,838 [INFO] 🎯 找到PATTERN-ID: UZ0Q06
2025-09-01 02:07:39,838 [INFO] ✅ 提取成功:
2025-09-01 02:07:39,838 [INFO]    PROGRAM-ID: MAQR5600
2025-09-01 02:07:39,838 [INFO]    PROGRAM-NAME: ＡＣＰ提携ＮＩＳＡ口座移管更新Ｃ／Ｃデータ作成
2025-09-01 02:07:39,838 [INFO]    PATTERN-ID: UZ0Q06
2025-09-01 02:09:17,227 [INFO] 🔍 开始解析文件: MAQR5600.ipo
2025-09-01 02:09:17,227 [INFO] 📋 程序ID: MAQR5600
2025-09-01 02:09:17,229 [INFO] 📖 成功读取 15 行
2025-09-01 02:09:17,229 [INFO] 🎯 找到PROGRAM-ID: MAQR5600
2025-09-01 02:09:17,229 [INFO] 🎯 找到PROGRAM-NAME: ＡＣＰ提携ＮＩＳＡ口座移管更新Ｃ／Ｃデータ作成
2025-09-01 02:09:17,229 [INFO] 🎯 找到PATTERN-ID: UZ0Q06
2025-09-01 02:09:17,229 [INFO] ✅ 提取成功:
2025-09-01 02:09:17,229 [INFO]    PROGRAM-ID: MAQR5600
2025-09-01 02:09:17,229 [INFO]    PROGRAM-NAME: ＡＣＰ提携ＮＩＳＡ口座移管更新Ｃ／Ｃデータ作成
2025-09-01 02:09:17,229 [INFO]    PATTERN-ID: UZ0Q06
2025-09-01 02:09:34,960 [INFO] 🔍 开始解析文件: MAQR5600.ipo
2025-09-01 02:09:34,960 [INFO] 📋 程序ID: MAQR5600
2025-09-01 02:09:34,962 [INFO] 📖 成功读取 15 行
2025-09-01 02:09:34,962 [INFO] 🎯 找到PROGRAM-ID: MAQR5600
2025-09-01 02:09:34,962 [INFO] 🎯 找到PROGRAM-NAME: ＡＣＰ提携ＮＩＳＡ口座移管更新Ｃ／Ｃデータ作成
2025-09-01 02:09:34,962 [INFO] 🎯 找到PATTERN-ID: UZ0Q06
2025-09-01 02:09:34,962 [INFO] ✅ 提取成功:
2025-09-01 02:09:34,962 [INFO]    PROGRAM-ID: MAQR5600
2025-09-01 02:09:34,962 [INFO]    PROGRAM-NAME: ＡＣＰ提携ＮＩＳＡ口座移管更新Ｃ／Ｃデータ作成
2025-09-01 02:09:34,962 [INFO]    PATTERN-ID: UZ0Q06
2025-09-01 02:09:47,794 [INFO] 🔍 开始解析文件: MAQR5600.ipo
2025-09-01 02:09:47,794 [INFO] 📋 程序ID: MAQR5600
2025-09-01 02:09:47,796 [INFO] 📖 成功读取 15 行
2025-09-01 02:09:47,796 [INFO] 🎯 找到PROGRAM-ID: MAQR5600
2025-09-01 02:09:47,796 [INFO] 🎯 找到PROGRAM-NAME: ＡＣＰ提携ＮＩＳＡ口座移管更新Ｃ／Ｃデータ作成
2025-09-01 02:09:47,796 [INFO] 🎯 找到PATTERN-ID: UZ0Q06
2025-09-01 02:09:47,796 [INFO] ✅ 提取成功:
2025-09-01 02:09:47,796 [INFO]    PROGRAM-ID: MAQR5600
2025-09-01 02:09:47,796 [INFO]    PROGRAM-NAME: ＡＣＰ提携ＮＩＳＡ口座移管更新Ｃ／Ｃデータ作成
2025-09-01 02:09:47,796 [INFO]    PATTERN-ID: UZ0Q06
2025-09-01 02:09:56,288 [INFO] 🔍 开始解析文件: MAET8600.ipo
2025-09-01 02:09:56,288 [INFO] 📋 程序ID: MAET8600
2025-09-01 02:09:56,289 [INFO] 📖 成功读取 15 行
2025-09-01 02:09:56,289 [INFO] 🎯 找到PROGRAM-ID: MAET8600
2025-09-01 02:09:56,289 [INFO] 🎯 找到PROGRAM-NAME: ＡＣＰ同一人識別番号付加処理
2025-09-01 02:09:56,289 [INFO] 🎯 找到PATTERN-ID: UZ0Q07
2025-09-01 02:09:56,289 [INFO] ✅ 提取成功:
2025-09-01 02:09:56,289 [INFO]    PROGRAM-ID: MAET8600
2025-09-01 02:09:56,289 [INFO]    PROGRAM-NAME: ＡＣＰ同一人識別番号付加処理
2025-09-01 02:09:56,289 [INFO]    PATTERN-ID: UZ0Q07
2025-09-01 02:10:03,325 [INFO] 🔍 开始解析文件: MAQR5600.ipo
2025-09-01 02:10:03,325 [INFO] 📋 程序ID: MAQR5600
2025-09-01 02:10:03,326 [INFO] 📖 成功读取 15 行
2025-09-01 02:10:03,326 [INFO] 🎯 找到PROGRAM-ID: MAQR5600
2025-09-01 02:10:03,326 [INFO] 🎯 找到PROGRAM-NAME: ＡＣＰ提携ＮＩＳＡ口座移管更新Ｃ／Ｃデータ作成
2025-09-01 02:10:03,326 [INFO] 🎯 找到PATTERN-ID: UZ0Q06
2025-09-01 02:10:03,326 [INFO] ✅ 提取成功:
2025-09-01 02:10:03,326 [INFO]    PROGRAM-ID: MAQR5600
2025-09-01 02:10:03,326 [INFO]    PROGRAM-NAME: ＡＣＰ提携ＮＩＳＡ口座移管更新Ｃ／Ｃデータ作成
2025-09-01 02:10:03,326 [INFO]    PATTERN-ID: UZ0Q06
2025-09-01 02:10:09,136 [INFO] 🔍 开始解析文件: MAQR5600.ipo
2025-09-01 02:10:09,137 [INFO] 📋 程序ID: MAQR5600
2025-09-01 02:10:09,137 [INFO] 📖 成功读取 15 行
2025-09-01 02:10:09,137 [INFO] 🎯 找到PROGRAM-ID: MAQR5600
2025-09-01 02:10:09,138 [INFO] 🎯 找到PROGRAM-NAME: ＡＣＰ提携ＮＩＳＡ口座移管更新Ｃ／Ｃデータ作成
2025-09-01 02:10:09,138 [INFO] 🎯 找到PATTERN-ID: UZ0Q06
2025-09-01 02:10:09,138 [INFO] ✅ 提取成功:
2025-09-01 02:10:09,138 [INFO]    PROGRAM-ID: MAQR5600
2025-09-01 02:10:09,138 [INFO]    PROGRAM-NAME: ＡＣＰ提携ＮＩＳＡ口座移管更新Ｃ／Ｃデータ作成
2025-09-01 02:10:09,138 [INFO]    PATTERN-ID: UZ0Q06
2025-09-01 02:10:21,680 [INFO] 🔍 开始解析文件: MAQR5600.ipo
2025-09-01 02:10:21,680 [INFO] 📋 程序ID: MAQR5600
2025-09-01 02:10:21,682 [INFO] 📖 成功读取 15 行
2025-09-01 02:10:21,682 [INFO] 🎯 找到PROGRAM-ID: MAQR5600
2025-09-01 02:10:21,682 [INFO] 🎯 找到PROGRAM-NAME: ＡＣＰ提携ＮＩＳＡ口座移管更新Ｃ／Ｃデータ作成
2025-09-01 02:10:21,682 [INFO] 🎯 找到PATTERN-ID: UZ0Q06
2025-09-01 02:10:21,682 [INFO] ✅ 提取成功:
2025-09-01 02:10:21,682 [INFO]    PROGRAM-ID: MAQR5600
2025-09-01 02:10:21,682 [INFO]    PROGRAM-NAME: ＡＣＰ提携ＮＩＳＡ口座移管更新Ｃ／Ｃデータ作成
2025-09-01 02:10:21,682 [INFO]    PATTERN-ID: UZ0Q06
2025-09-01 02:10:36,937 [INFO] 🔍 开始解析文件: MAQR5600.ipo
2025-09-01 02:10:36,937 [INFO] 📋 程序ID: MAQR5600
2025-09-01 02:10:36,939 [INFO] 📖 成功读取 15 行
2025-09-01 02:10:36,939 [INFO] 🎯 找到PROGRAM-ID: MAQR5600
2025-09-01 02:10:36,939 [INFO] 🎯 找到PROGRAM-NAME: ＡＣＰ提携ＮＩＳＡ口座移管更新Ｃ／Ｃデータ作成
2025-09-01 02:10:36,939 [INFO] 🎯 找到PATTERN-ID: UZ0Q06
2025-09-01 02:10:36,939 [INFO] ✅ 提取成功:
2025-09-01 02:10:36,939 [INFO]    PROGRAM-ID: MAQR5600
2025-09-01 02:10:36,939 [INFO]    PROGRAM-NAME: ＡＣＰ提携ＮＩＳＡ口座移管更新Ｃ／Ｃデータ作成
2025-09-01 02:10:36,939 [INFO]    PATTERN-ID: UZ0Q06
2025-09-01 02:13:47,881 [INFO] 🔍 开始解析文件: MAET8600.ipo
2025-09-01 02:13:47,882 [INFO] 📋 程序ID: MAET8600
2025-09-01 02:13:47,884 [INFO] 📖 成功读取 15 行
2025-09-01 02:13:47,884 [INFO] 🎯 找到PROGRAM-ID: MAET8600
2025-09-01 02:13:47,884 [INFO] 🎯 找到PROGRAM-NAME: ＡＣＰ同一人識別番号付加処理
2025-09-01 02:13:47,884 [INFO] 🎯 找到PATTERN-ID: UZ0Q07
2025-09-01 02:13:47,884 [INFO] ✅ 提取成功:
2025-09-01 02:13:47,884 [INFO]    PROGRAM-ID: MAET8600
2025-09-01 02:13:47,884 [INFO]    PROGRAM-NAME: ＡＣＰ同一人識別番号付加処理
2025-09-01 02:13:47,884 [INFO]    PATTERN-ID: UZ0Q07
2025-09-01 09:31:22,969 [INFO] 🔍 开始解析文件: MBAC3900.ipo
2025-09-01 09:31:22,970 [INFO] 📋 程序ID: MBAC3900
2025-09-01 09:31:22,989 [INFO] 📖 成功读取 15 行
2025-09-01 09:31:22,990 [INFO] 🎯 找到PROGRAM-ID: MBAC3900
2025-09-01 09:31:22,990 [INFO] 🎯 找到PROGRAM-NAME: ＡＣＰ株式売買注文約定照会当日詳細（インターネット）
2025-09-01 09:31:22,990 [INFO] 🎯 找到PATTERN-ID: UZ0C08
2025-09-01 09:31:22,990 [INFO] ✅ 提取成功:
2025-09-01 09:31:22,990 [INFO]    PROGRAM-ID: MBAC3900
2025-09-01 09:31:22,990 [INFO]    PROGRAM-NAME: ＡＣＰ株式売買注文約定照会当日詳細（インターネット）
2025-09-01 09:31:22,990 [INFO]    PATTERN-ID: UZ0C08
2025-09-01 09:31:39,906 [INFO] 🔍 开始解析文件: MBAC3900.ipo
2025-09-01 09:31:39,906 [INFO] 📋 程序ID: MBAC3900
2025-09-01 09:31:39,907 [INFO] 📖 成功读取 15 行
2025-09-01 09:31:39,907 [INFO] 🎯 找到PROGRAM-ID: MBAC3900
2025-09-01 09:31:39,907 [INFO] 🎯 找到PROGRAM-NAME: ＡＣＰ株式売買注文約定照会当日詳細（インターネット）
2025-09-01 09:31:39,907 [INFO] 🎯 找到PATTERN-ID: UZ0C08
2025-09-01 09:31:39,907 [INFO] ✅ 提取成功:
2025-09-01 09:31:39,907 [INFO]    PROGRAM-ID: MBAC3900
2025-09-01 09:31:39,908 [INFO]    PROGRAM-NAME: ＡＣＰ株式売買注文約定照会当日詳細（インターネット）
2025-09-01 09:31:39,908 [INFO]    PATTERN-ID: UZ0C08
2025-09-01 09:31:58,027 [INFO] 🔍 开始解析文件: MBAC3900.ipo
2025-09-01 09:31:58,028 [INFO] 📋 程序ID: MBAC3900
2025-09-01 09:31:58,029 [INFO] 📖 成功读取 15 行
2025-09-01 09:31:58,029 [INFO] 🎯 找到PROGRAM-ID: MBAC3900
2025-09-01 09:31:58,029 [INFO] 🎯 找到PROGRAM-NAME: ＡＣＰ株式売買注文約定照会当日詳細（インターネット）
2025-09-01 09:31:58,029 [INFO] 🎯 找到PATTERN-ID: UZ0C08
2025-09-01 09:31:58,029 [INFO] ✅ 提取成功:
2025-09-01 09:31:58,029 [INFO]    PROGRAM-ID: MBAC3900
2025-09-01 09:31:58,029 [INFO]    PROGRAM-NAME: ＡＣＰ株式売買注文約定照会当日詳細（インターネット）
2025-09-01 09:31:58,030 [INFO]    PATTERN-ID: UZ0C08
2025-09-01 09:32:17,846 [INFO] 🔍 开始解析文件: MBAC3900.ipo
2025-09-01 09:32:17,846 [INFO] 📋 程序ID: MBAC3900
2025-09-01 09:32:17,848 [INFO] 📖 成功读取 15 行
2025-09-01 09:32:17,848 [INFO] 🎯 找到PROGRAM-ID: MBAC3900
2025-09-01 09:32:17,848 [INFO] 🎯 找到PROGRAM-NAME: ＡＣＰ株式売買注文約定照会当日詳細（インターネット）
2025-09-01 09:32:17,848 [INFO] 🎯 找到PATTERN-ID: UZ0C08
2025-09-01 09:32:17,848 [INFO] ✅ 提取成功:
2025-09-01 09:32:17,848 [INFO]    PROGRAM-ID: MBAC3900
2025-09-01 09:32:17,849 [INFO]    PROGRAM-NAME: ＡＣＰ株式売買注文約定照会当日詳細（インターネット）
2025-09-01 09:32:17,849 [INFO]    PATTERN-ID: UZ0C08
2025-09-01 09:32:32,225 [INFO] 🔍 开始解析文件: MBAC3900.ipo
2025-09-01 09:32:32,226 [INFO] 📋 程序ID: MBAC3900
2025-09-01 09:32:32,229 [INFO] 📖 成功读取 15 行
2025-09-01 09:32:32,229 [INFO] 🎯 找到PROGRAM-ID: MBAC3900
2025-09-01 09:32:32,229 [INFO] 🎯 找到PROGRAM-NAME: ＡＣＰ株式売買注文約定照会当日詳細（インターネット）
2025-09-01 09:32:32,229 [INFO] 🎯 找到PATTERN-ID: UZ0C08
2025-09-01 09:32:32,229 [INFO] ✅ 提取成功:
2025-09-01 09:32:32,229 [INFO]    PROGRAM-ID: MBAC3900
2025-09-01 09:32:32,229 [INFO]    PROGRAM-NAME: ＡＣＰ株式売買注文約定照会当日詳細（インターネット）
2025-09-01 09:32:32,229 [INFO]    PATTERN-ID: UZ0C08
2025-09-01 09:32:52,382 [INFO] 🔍 开始解析文件: MBAC3900.ipo
2025-09-01 09:32:52,382 [INFO] 📋 程序ID: MBAC3900
2025-09-01 09:32:52,384 [INFO] 📖 成功读取 15 行
2025-09-01 09:32:52,384 [INFO] 🎯 找到PROGRAM-ID: MBAC3900
2025-09-01 09:32:52,384 [INFO] 🎯 找到PROGRAM-NAME: ＡＣＰ株式売買注文約定照会当日詳細（インターネット）
2025-09-01 09:32:52,384 [INFO] 🎯 找到PATTERN-ID: UZ0C08
2025-09-01 09:32:52,384 [INFO] ✅ 提取成功:
2025-09-01 09:32:52,384 [INFO]    PROGRAM-ID: MBAC3900
2025-09-01 09:32:52,384 [INFO]    PROGRAM-NAME: ＡＣＰ株式売買注文約定照会当日詳細（インターネット）
2025-09-01 09:32:52,384 [INFO]    PATTERN-ID: UZ0C08
2025-09-01 09:40:10,922 [INFO] 🔍 开始解析文件: MBAC3900.ipo
2025-09-01 09:40:10,923 [INFO] 📋 程序ID: MBAC3900
2025-09-01 09:40:10,925 [INFO] 📖 成功读取 15 行
2025-09-01 09:40:10,925 [INFO] 🎯 找到PROGRAM-ID: MBAC3900
2025-09-01 09:40:10,925 [INFO] 🎯 找到PROGRAM-NAME: ＡＣＰ株式売買注文約定照会当日詳細（インターネット）
2025-09-01 09:40:10,925 [INFO] 🎯 找到PATTERN-ID: UZ0C08
2025-09-01 09:40:10,925 [INFO] ✅ 提取成功:
2025-09-01 09:40:10,925 [INFO]    PROGRAM-ID: MBAC3900
2025-09-01 09:40:10,925 [INFO]    PROGRAM-NAME: ＡＣＰ株式売買注文約定照会当日詳細（インターネット）
2025-09-01 09:40:10,925 [INFO]    PATTERN-ID: UZ0C08
2025-09-01 09:40:19,255 [INFO] 🔍 开始解析文件: MAEF7400.ipo
2025-09-01 09:40:19,255 [INFO] 📋 程序ID: MAEF7400
2025-09-01 09:40:19,256 [INFO] 📖 成功读取 15 行
2025-09-01 09:40:19,256 [INFO] 🎯 找到PROGRAM-ID: MAEF7400
2025-09-01 09:40:19,256 [INFO] 🎯 找到PROGRAM-NAME: ＡＣＰＮＩＳＡ口座移管更新Ｃ／Ｃ
2025-09-01 09:40:19,256 [INFO] 🎯 找到PATTERN-ID: UZ0C02
2025-09-01 09:40:19,256 [INFO] ✅ 提取成功:
2025-09-01 09:40:19,256 [INFO]    PROGRAM-ID: MAEF7400
2025-09-01 09:40:19,256 [INFO]    PROGRAM-NAME: ＡＣＰＮＩＳＡ口座移管更新Ｃ／Ｃ
2025-09-01 09:40:19,256 [INFO]    PATTERN-ID: UZ0C02
2025-09-01 09:40:32,424 [INFO] 🔍 开始解析文件: MBAC3900.ipo
2025-09-01 09:40:32,425 [INFO] 📋 程序ID: MBAC3900
2025-09-01 09:40:32,427 [INFO] 📖 成功读取 15 行
2025-09-01 09:40:32,427 [INFO] 🎯 找到PROGRAM-ID: MBAC3900
2025-09-01 09:40:32,427 [INFO] 🎯 找到PROGRAM-NAME: ＡＣＰ株式売買注文約定照会当日詳細（インターネット）
2025-09-01 09:40:32,427 [INFO] 🎯 找到PATTERN-ID: UZ0C08
2025-09-01 09:40:32,427 [INFO] ✅ 提取成功:
2025-09-01 09:40:32,427 [INFO]    PROGRAM-ID: MBAC3900
2025-09-01 09:40:32,427 [INFO]    PROGRAM-NAME: ＡＣＰ株式売買注文約定照会当日詳細（インターネット）
2025-09-01 09:40:32,427 [INFO]    PATTERN-ID: UZ0C08
2025-09-01 09:40:50,326 [INFO] 🔍 开始解析文件: MAQR5600.ipo
2025-09-01 09:40:50,326 [INFO] 📋 程序ID: MAQR5600
2025-09-01 09:40:50,328 [INFO] 📖 成功读取 15 行
2025-09-01 09:40:50,328 [INFO] 🎯 找到PROGRAM-ID: MAQR5600
2025-09-01 09:40:50,328 [INFO] 🎯 找到PROGRAM-NAME: ＡＣＰ提携ＮＩＳＡ口座移管更新Ｃ／Ｃデータ作成
2025-09-01 09:40:50,329 [INFO] 🎯 找到PATTERN-ID: UZ0Q06
2025-09-01 09:40:50,329 [INFO] ✅ 提取成功:
2025-09-01 09:40:50,329 [INFO]    PROGRAM-ID: MAQR5600
2025-09-01 09:40:50,329 [INFO]    PROGRAM-NAME: ＡＣＰ提携ＮＩＳＡ口座移管更新Ｃ／Ｃデータ作成
2025-09-01 09:40:50,329 [INFO]    PATTERN-ID: UZ0Q06
2025-09-01 09:40:51,623 [INFO] 开始解析SECTION ID - 文件: MAQR5600.ipo 程序ID: MAQR5600
2025-09-01 09:40:51,625 [INFO] 成功读取 810 行
2025-09-01 09:40:51,626 [INFO] 找到SECTION ID: CONFIGURATION (行 21)
2025-09-01 09:40:51,626 [INFO] 找到SECTION ID: INPUT-OUTPUT (行 26)
2025-09-01 09:40:51,627 [INFO] 找到SECTION ID: FILE (行 38)
2025-09-01 09:40:51,627 [INFO] 找到SECTION ID: WORKING-STORAGE (行 60)
2025-09-01 09:40:51,633 [INFO] 找到SECTION ID: LINKAGE (行 317)
2025-09-01 09:40:51,633 [INFO] 找到SECTION ID: ＭＡＱＲ５６００−ＭＡＩＮ (行 337)
2025-09-01 09:40:51,634 [INFO] 找到SECTION ID: Ｓ０００−初期処理 (行 355)
2025-09-01 09:40:51,634 [INFO] 找到SECTION ID: Ｓ１００−ワークエリア初期化処理 (行 396)
2025-09-01 09:40:51,635 [INFO] 找到SECTION ID: Ｍ０００−主処理 (行 424)
2025-09-01 09:40:51,636 [INFO] 找到SECTION ID: Ｅ０００−終了処理 (行 456)
2025-09-01 09:40:51,636 [INFO] 找到SECTION ID: Ｅ１００−入出力件数出力処理 (行 477)
2025-09-01 09:40:51,637 [INFO] 找到SECTION ID: Ｅ１１０−ジョブログ出力処理 (行 514)
2025-09-01 09:40:51,638 [INFO] 找到SECTION ID: Ｒ１００−マスタ入力処理 (行 550)
2025-09-01 09:40:51,638 [INFO] 找到SECTION ID: Ｒ２００−トラン入力処理 (行 573)
2025-09-01 09:40:51,639 [INFO] 找到SECTION ID: Ｗ１００−編集出力処理 (行 596)
2025-09-01 09:40:51,642 [INFO] 找到SECTION ID: Ｗ１１０−年齢計算処理 (行 746)
2025-09-01 09:40:51,643 [INFO] 找到SECTION ID: ＺＡ００−メッセージ出力処理 (行 785)
2025-09-01 09:40:51,643 [INFO] 找到SECTION ID: ＺＺ００−異常終了処理 (行 798)
2025-09-01 09:40:51,672 [INFO] 成功提取 13 个SECTION ID
2025-09-01 09:41:08,883 [INFO] 🔍 开始解析文件: MAET8600.ipo
2025-09-01 09:41:08,883 [INFO] 📋 程序ID: MAET8600
2025-09-01 09:41:08,884 [INFO] 📖 成功读取 15 行
2025-09-01 09:41:08,884 [INFO] 🎯 找到PROGRAM-ID: MAET8600
2025-09-01 09:41:08,884 [INFO] 🎯 找到PROGRAM-NAME: ＡＣＰ同一人識別番号付加処理
2025-09-01 09:41:08,884 [INFO] 🎯 找到PATTERN-ID: UZ0Q07
2025-09-01 09:41:08,884 [INFO] ✅ 提取成功:
2025-09-01 09:41:08,884 [INFO]    PROGRAM-ID: MAET8600
2025-09-01 09:41:08,885 [INFO]    PROGRAM-NAME: ＡＣＰ同一人識別番号付加処理
2025-09-01 09:41:08,885 [INFO]    PATTERN-ID: UZ0Q07
2025-09-01 09:41:09,974 [INFO] 开始解析SECTION ID - 文件: MAET8600.ipo 程序ID: MAET8600
2025-09-01 09:41:09,975 [INFO] 成功读取 602 行
2025-09-01 09:41:09,975 [INFO] 找到SECTION ID: CONFIGURATION (行 22)
2025-09-01 09:41:09,976 [INFO] 找到SECTION ID: INPUT-OUTPUT (行 27)
2025-09-01 09:41:09,976 [INFO] 找到SECTION ID: FILE (行 40)
2025-09-01 09:41:09,977 [INFO] 找到SECTION ID: WORKING-STORAGE (行 60)
2025-09-01 09:41:09,982 [INFO] 找到SECTION ID: LINKAGE (行 267)
2025-09-01 09:41:09,983 [INFO] 找到SECTION ID: ＭＡＥＴ８６００−ＭＡＩＮ (行 287)
2025-09-01 09:41:09,983 [INFO] 找到SECTION ID: Ｓ０００−初期処理 (行 307)
2025-09-01 09:41:09,984 [INFO] 找到SECTION ID: Ｓ２００−ワークエリア初期化処理 (行 356)
2025-09-01 09:41:09,985 [INFO] 找到SECTION ID: Ｍ０００−主処理 (行 382)
2025-09-01 09:41:09,985 [INFO] 找到SECTION ID: Ｅ０００−終了処理 (行 428)
2025-09-01 09:41:09,986 [INFO] 找到SECTION ID: Ｅ１００−入出力件数表示処理 (行 449)
2025-09-01 09:41:09,986 [INFO] 找到SECTION ID: Ｅ１１０−件数出力処理 (行 480)
2025-09-01 09:41:09,987 [INFO] 找到SECTION ID: Ｒ１００−マスタ入力処理 (行 514)
2025-09-01 09:41:09,988 [INFO] 找到SECTION ID: Ｒ２００−トラン入力処理 (行 538)
2025-09-01 09:41:09,988 [INFO] 找到SECTION ID: Ｗ１００−主口座データ同一人識別番号付加データの編集出力処理 (行 562)
2025-09-01 09:41:09,989 [INFO] 找到SECTION ID: ＺＡ００−メッセージ出力処理 (行 591)
2025-09-01 09:41:09,989 [INFO] 成功提取 11 个SECTION ID
2025-09-01 09:45:12,899 [INFO] 🔍 开始解析文件: MAET8600.ipo
2025-09-01 09:45:12,899 [INFO] 📋 程序ID: MAET8600
2025-09-01 09:45:12,901 [INFO] 📖 成功读取 15 行
2025-09-01 09:45:12,901 [INFO] 🎯 找到PROGRAM-ID: MAET8600
2025-09-01 09:45:12,902 [INFO] 🎯 找到PROGRAM-NAME: ＡＣＰ同一人識別番号付加処理
2025-09-01 09:45:12,902 [INFO] 🎯 找到PATTERN-ID: UZ0Q07
2025-09-01 09:45:12,902 [INFO] ✅ 提取成功:
2025-09-01 09:45:12,902 [INFO]    PROGRAM-ID: MAET8600
2025-09-01 09:45:12,902 [INFO]    PROGRAM-NAME: ＡＣＰ同一人識別番号付加処理
2025-09-01 09:45:12,902 [INFO]    PATTERN-ID: UZ0Q07
2025-09-01 09:45:14,189 [INFO] 开始解析SECTION ID - 文件: MAET8600.ipo 程序ID: MAET8600
2025-09-01 09:45:14,190 [INFO] 成功读取 602 行
2025-09-01 09:45:14,192 [INFO] 找到SECTION ID: CONFIGURATION (行 22)
2025-09-01 09:45:14,192 [INFO] 找到SECTION ID: INPUT-OUTPUT (行 27)
2025-09-01 09:45:14,193 [INFO] 找到SECTION ID: FILE (行 40)
2025-09-01 09:45:14,193 [INFO] 找到SECTION ID: WORKING-STORAGE (行 60)
2025-09-01 09:45:14,199 [INFO] 找到SECTION ID: LINKAGE (行 267)
2025-09-01 09:45:14,199 [INFO] 找到SECTION ID: ＭＡＥＴ８６００−ＭＡＩＮ (行 287)
2025-09-01 09:45:14,200 [INFO] 找到SECTION ID: Ｓ０００−初期処理 (行 307)
2025-09-01 09:45:14,200 [INFO] 找到SECTION ID: Ｓ２００−ワークエリア初期化処理 (行 356)
2025-09-01 09:45:14,201 [INFO] 找到SECTION ID: Ｍ０００−主処理 (行 382)
2025-09-01 09:45:14,202 [INFO] 找到SECTION ID: Ｅ０００−終了処理 (行 428)
2025-09-01 09:45:14,202 [INFO] 找到SECTION ID: Ｅ１００−入出力件数表示処理 (行 449)
2025-09-01 09:45:14,203 [INFO] 找到SECTION ID: Ｅ１１０−件数出力処理 (行 480)
2025-09-01 09:45:14,203 [INFO] 找到SECTION ID: Ｒ１００−マスタ入力処理 (行 514)
2025-09-01 09:45:14,204 [INFO] 找到SECTION ID: Ｒ２００−トラン入力処理 (行 538)
2025-09-01 09:45:14,204 [INFO] 找到SECTION ID: Ｗ１００−主口座データ同一人識別番号付加データの編集出力処理 (行 562)
2025-09-01 09:45:14,205 [INFO] 找到SECTION ID: ＺＡ００−メッセージ出力処理 (行 591)
2025-09-01 09:45:14,205 [INFO] 成功提取 11 个SECTION ID
2025-09-01 09:47:08,930 [INFO] 🔍 开始解析文件: MAET8600.ipo
2025-09-01 09:47:08,930 [INFO] 📋 程序ID: MAET8600
2025-09-01 09:47:08,932 [INFO] 📖 成功读取 15 行
2025-09-01 09:47:08,932 [INFO] 🎯 找到PROGRAM-ID: MAET8600
2025-09-01 09:47:08,932 [INFO] 🎯 找到PROGRAM-NAME: ＡＣＰ同一人識別番号付加処理
2025-09-01 09:47:08,933 [INFO] 🎯 找到PATTERN-ID: UZ0Q07
2025-09-01 09:47:08,933 [INFO] ✅ 提取成功:
2025-09-01 09:47:08,933 [INFO]    PROGRAM-ID: MAET8600
2025-09-01 09:47:08,933 [INFO]    PROGRAM-NAME: ＡＣＰ同一人識別番号付加処理
2025-09-01 09:47:08,933 [INFO]    PATTERN-ID: UZ0Q07
2025-09-01 09:47:10,232 [INFO] 开始解析SECTION ID - 文件: MAET8600.ipo 程序ID: MAET8600
2025-09-01 09:47:10,234 [INFO] 成功读取 602 行
2025-09-01 09:47:10,236 [INFO] 找到SECTION ID: CONFIGURATION (行 22)
2025-09-01 09:47:10,236 [INFO] 找到SECTION ID: INPUT-OUTPUT (行 27)
2025-09-01 09:47:10,237 [INFO] 找到SECTION ID: FILE (行 40)
2025-09-01 09:47:10,239 [INFO] 找到SECTION ID: WORKING-STORAGE (行 60)
2025-09-01 09:47:10,243 [INFO] 找到SECTION ID: LINKAGE (行 267)
2025-09-01 09:47:10,244 [INFO] 找到SECTION ID: ＭＡＥＴ８６００−ＭＡＩＮ (行 287)
2025-09-01 09:47:10,244 [INFO] 找到SECTION ID: Ｓ０００−初期処理 (行 307)
2025-09-01 09:47:10,245 [INFO] 找到SECTION ID: Ｓ２００−ワークエリア初期化処理 (行 356)
2025-09-01 09:47:10,245 [INFO] 找到SECTION ID: Ｍ０００−主処理 (行 382)
2025-09-01 09:47:10,246 [INFO] 找到SECTION ID: Ｅ０００−終了処理 (行 428)
2025-09-01 09:47:10,246 [INFO] 找到SECTION ID: Ｅ１００−入出力件数表示処理 (行 449)
2025-09-01 09:47:10,247 [INFO] 找到SECTION ID: Ｅ１１０−件数出力処理 (行 480)
2025-09-01 09:47:10,247 [INFO] 找到SECTION ID: Ｒ１００−マスタ入力処理 (行 514)
2025-09-01 09:47:10,248 [INFO] 找到SECTION ID: Ｒ２００−トラン入力処理 (行 538)
2025-09-01 09:47:10,248 [INFO] 找到SECTION ID: Ｗ１００−主口座データ同一人識別番号付加データの編集出力処理 (行 562)
2025-09-01 09:47:10,249 [INFO] 找到SECTION ID: ＺＡ００−メッセージ出力処理 (行 591)
2025-09-01 09:47:10,249 [INFO] 成功提取 11 个SECTION ID
2025-09-01 23:29:16,267 [INFO] 🔍 开始解析文件: MAET8600.ipo
2025-09-01 23:29:16,268 [INFO] 📋 程序ID: MAET8600
2025-09-01 23:29:16,280 [INFO] 📖 成功读取 15 行
2025-09-01 23:29:16,281 [INFO] 🎯 找到PROGRAM-ID: MAET8600
2025-09-01 23:29:16,281 [INFO] 🎯 找到PROGRAM-NAME: ＡＣＰ同一人識別番号付加処理
2025-09-01 23:29:16,281 [INFO] 🎯 找到PATTERN-ID: UZ0Q07
2025-09-01 23:29:16,281 [INFO] ✅ 提取成功:
2025-09-01 23:29:16,281 [INFO]    PROGRAM-ID: MAET8600
2025-09-01 23:29:16,281 [INFO]    PROGRAM-NAME: ＡＣＰ同一人識別番号付加処理
2025-09-01 23:29:16,281 [INFO]    PATTERN-ID: UZ0Q07
2025-09-01 23:30:32,876 [INFO] 🔍 开始解析文件: MAET8600.ipo
2025-09-01 23:30:32,876 [INFO] 📋 程序ID: MAET8600
2025-09-01 23:30:32,879 [INFO] 📖 成功读取 15 行
2025-09-01 23:30:32,879 [INFO] 🎯 找到PROGRAM-ID: MAET8600
2025-09-01 23:30:32,879 [INFO] 🎯 找到PROGRAM-NAME: ＡＣＰ同一人識別番号付加処理
2025-09-01 23:30:32,879 [INFO] 🎯 找到PATTERN-ID: UZ0Q07
2025-09-01 23:30:32,879 [INFO] ✅ 提取成功:
2025-09-01 23:30:32,879 [INFO]    PROGRAM-ID: MAET8600
2025-09-01 23:30:32,879 [INFO]    PROGRAM-NAME: ＡＣＰ同一人識別番号付加処理
2025-09-01 23:30:32,879 [INFO]    PATTERN-ID: UZ0Q07
2025-09-01 23:34:39,507 [INFO] 🔍 开始解析文件: MAET8600.ipo
2025-09-01 23:34:39,508 [INFO] 📋 程序ID: MAET8600
2025-09-01 23:34:39,510 [INFO] 📖 成功读取 15 行
2025-09-01 23:34:39,510 [INFO] 🎯 找到PROGRAM-ID: MAET8600
2025-09-01 23:34:39,510 [INFO] 🎯 找到PROGRAM-NAME: ＡＣＰ同一人識別番号付加処理
2025-09-01 23:34:39,510 [INFO] 🎯 找到PATTERN-ID: UZ0Q07
2025-09-01 23:34:39,510 [INFO] ✅ 提取成功:
2025-09-01 23:34:39,510 [INFO]    PROGRAM-ID: MAET8600
2025-09-01 23:34:39,510 [INFO]    PROGRAM-NAME: ＡＣＰ同一人識別番号付加処理
2025-09-01 23:34:39,510 [INFO]    PATTERN-ID: UZ0Q07
2025-09-01 23:37:45,623 [INFO] 🔍 开始解析文件: MAET8600.ipo
2025-09-01 23:37:45,623 [INFO] 📋 程序ID: MAET8600
2025-09-01 23:37:45,625 [INFO] 📖 成功读取 15 行
2025-09-01 23:37:45,626 [INFO] 🎯 找到PROGRAM-ID: MAET8600
2025-09-01 23:37:45,626 [INFO] 🎯 找到PROGRAM-NAME: ＡＣＰ同一人識別番号付加処理
2025-09-01 23:37:45,626 [INFO] 🎯 找到PATTERN-ID: UZ0Q07
2025-09-01 23:37:45,626 [INFO] ✅ 提取成功:
2025-09-01 23:37:45,626 [INFO]    PROGRAM-ID: MAET8600
2025-09-01 23:37:45,626 [INFO]    PROGRAM-NAME: ＡＣＰ同一人識別番号付加処理
2025-09-01 23:37:45,626 [INFO]    PATTERN-ID: UZ0Q07
2025-09-01 23:37:47,829 [INFO] 开始解析SECTION ID - 文件: MAET8600.ipo 程序ID: MAET8600
2025-09-01 23:37:47,830 [INFO] 成功读取 602 行
2025-09-01 23:37:47,831 [INFO] 找到SECTION ID: CONFIGURATION (行 22)
2025-09-01 23:37:47,832 [INFO] 找到SECTION ID: INPUT-OUTPUT (行 27)
2025-09-01 23:37:47,832 [INFO] 找到SECTION ID: FILE (行 40)
2025-09-01 23:37:47,833 [INFO] 找到SECTION ID: WORKING-STORAGE (行 60)
2025-09-01 23:37:47,838 [INFO] 找到SECTION ID: LINKAGE (行 267)
2025-09-01 23:37:47,838 [INFO] 找到SECTION ID: ＭＡＥＴ８６００−ＭＡＩＮ (行 287)
2025-09-01 23:37:47,839 [INFO] 找到SECTION ID: Ｓ０００−初期処理 (行 307)
2025-09-01 23:37:47,841 [INFO] 找到SECTION ID: Ｓ２００−ワークエリア初期化処理 (行 356)
2025-09-01 23:37:47,841 [INFO] 找到SECTION ID: Ｍ０００−主処理 (行 382)
2025-09-01 23:37:47,842 [INFO] 找到SECTION ID: Ｅ０００−終了処理 (行 428)
2025-09-01 23:37:47,842 [INFO] 找到SECTION ID: Ｅ１００−入出力件数表示処理 (行 449)
2025-09-01 23:37:47,843 [INFO] 找到SECTION ID: Ｅ１１０−件数出力処理 (行 480)
2025-09-01 23:37:47,844 [INFO] 找到SECTION ID: Ｒ１００−マスタ入力処理 (行 514)
2025-09-01 23:37:47,844 [INFO] 找到SECTION ID: Ｒ２００−トラン入力処理 (行 538)
2025-09-01 23:37:47,844 [INFO] 找到SECTION ID: Ｗ１００−主口座データ同一人識別番号付加データの編集出力処理 (行 562)
2025-09-01 23:37:47,845 [INFO] 找到SECTION ID: ＺＡ００−メッセージ出力処理 (行 591)
2025-09-01 23:37:47,846 [INFO] 成功提取 11 个SECTION ID
2025-09-01 23:43:34,184 [INFO] 🔍 开始解析文件: MAET8600.ipo
2025-09-01 23:43:34,184 [INFO] 📋 程序ID: MAET8600
2025-09-01 23:43:34,186 [INFO] 📖 成功读取 15 行
2025-09-01 23:43:34,187 [INFO] 🎯 找到PROGRAM-ID: MAET8600
2025-09-01 23:43:34,187 [INFO] 🎯 找到PROGRAM-NAME: ＡＣＰ同一人識別番号付加処理
2025-09-01 23:43:34,187 [INFO] 🎯 找到PATTERN-ID: UZ0Q07
2025-09-01 23:43:34,187 [INFO] ✅ 提取成功:
2025-09-01 23:43:34,187 [INFO]    PROGRAM-ID: MAET8600
2025-09-01 23:43:34,187 [INFO]    PROGRAM-NAME: ＡＣＰ同一人識別番号付加処理
2025-09-01 23:43:34,187 [INFO]    PATTERN-ID: UZ0Q07
2025-09-01 23:43:46,388 [INFO] 🔍 开始解析文件: MAQR5600.ipo
2025-09-01 23:43:46,388 [INFO] 📋 程序ID: MAQR5600
2025-09-01 23:43:46,391 [INFO] 📖 成功读取 15 行
2025-09-01 23:43:46,391 [INFO] 🎯 找到PROGRAM-ID: MAQR5600
2025-09-01 23:43:46,391 [INFO] 🎯 找到PROGRAM-NAME: ＡＣＰ提携ＮＩＳＡ口座移管更新Ｃ／Ｃデータ作成
2025-09-01 23:43:46,391 [INFO] 🎯 找到PATTERN-ID: UZ0Q06
2025-09-01 23:43:46,391 [INFO] ✅ 提取成功:
2025-09-01 23:43:46,391 [INFO]    PROGRAM-ID: MAQR5600
2025-09-01 23:43:46,391 [INFO]    PROGRAM-NAME: ＡＣＰ提携ＮＩＳＡ口座移管更新Ｃ／Ｃデータ作成
2025-09-01 23:43:46,391 [INFO]    PATTERN-ID: UZ0Q06
2025-09-01 23:43:48,608 [INFO] 开始解析SECTION ID - 文件: MAQR5600.ipo 程序ID: MAQR5600
2025-09-01 23:43:48,610 [INFO] 成功读取 810 行
2025-09-01 23:43:48,611 [INFO] 找到SECTION ID: CONFIGURATION (行 21)
2025-09-01 23:43:48,611 [INFO] 找到SECTION ID: INPUT-OUTPUT (行 26)
2025-09-01 23:43:48,611 [INFO] 找到SECTION ID: FILE (行 38)
2025-09-01 23:43:48,612 [INFO] 找到SECTION ID: WORKING-STORAGE (行 60)
2025-09-01 23:43:48,617 [INFO] 找到SECTION ID: LINKAGE (行 317)
2025-09-01 23:43:48,618 [INFO] 找到SECTION ID: ＭＡＱＲ５６００−ＭＡＩＮ (行 337)
2025-09-01 23:43:48,619 [INFO] 找到SECTION ID: Ｓ０００−初期処理 (行 355)
2025-09-01 23:43:48,620 [INFO] 找到SECTION ID: Ｓ１００−ワークエリア初期化処理 (行 396)
2025-09-01 23:43:48,620 [INFO] 找到SECTION ID: Ｍ０００−主処理 (行 424)
2025-09-01 23:43:48,621 [INFO] 找到SECTION ID: Ｅ０００−終了処理 (行 456)
2025-09-01 23:43:48,621 [INFO] 找到SECTION ID: Ｅ１００−入出力件数出力処理 (行 477)
2025-09-01 23:43:48,622 [INFO] 找到SECTION ID: Ｅ１１０−ジョブログ出力処理 (行 514)
2025-09-01 23:43:48,623 [INFO] 找到SECTION ID: Ｒ１００−マスタ入力処理 (行 550)
2025-09-01 23:43:48,623 [INFO] 找到SECTION ID: Ｒ２００−トラン入力処理 (行 573)
2025-09-01 23:43:48,624 [INFO] 找到SECTION ID: Ｗ１００−編集出力処理 (行 596)
2025-09-01 23:43:48,630 [INFO] 找到SECTION ID: Ｗ１１０−年齢計算処理 (行 746)
2025-09-01 23:43:48,630 [INFO] 找到SECTION ID: ＺＡ００−メッセージ出力処理 (行 785)
2025-09-01 23:43:48,631 [INFO] 找到SECTION ID: ＺＺ００−異常終了処理 (行 798)
2025-09-01 23:43:48,631 [INFO] 成功提取 13 个SECTION ID
2025-09-02 23:03:29,257 [INFO] 🔍 开始解析文件: MAET8600.ipo
2025-09-02 23:03:29,258 [INFO] 📋 程序ID: MAET8600
2025-09-02 23:03:29,277 [INFO] 📖 成功读取 15 行
2025-09-02 23:03:29,277 [INFO] 🎯 找到PROGRAM-ID: MAET8600
2025-09-02 23:03:29,277 [INFO] 🎯 找到PROGRAM-NAME: ＡＣＰ同一人識別番号付加処理
2025-09-02 23:03:29,277 [INFO] 🎯 找到PATTERN-ID: UZ0Q07
2025-09-02 23:03:29,277 [INFO] ✅ 提取成功:
2025-09-02 23:03:29,277 [INFO]    PROGRAM-ID: MAET8600
2025-09-02 23:03:29,277 [INFO]    PROGRAM-NAME: ＡＣＰ同一人識別番号付加処理
2025-09-02 23:03:29,277 [INFO]    PATTERN-ID: UZ0Q07
2025-09-02 23:03:43,222 [INFO] 🔍 开始解析文件: MAET8600.ipo
2025-09-02 23:03:43,223 [INFO] 📋 程序ID: MAET8600
2025-09-02 23:03:43,224 [INFO] 📖 成功读取 15 行
2025-09-02 23:03:43,224 [INFO] 🎯 找到PROGRAM-ID: MAET8600
2025-09-02 23:03:43,224 [INFO] 🎯 找到PROGRAM-NAME: ＡＣＰ同一人識別番号付加処理
2025-09-02 23:03:43,224 [INFO] 🎯 找到PATTERN-ID: UZ0Q07
2025-09-02 23:03:43,224 [INFO] ✅ 提取成功:
2025-09-02 23:03:43,224 [INFO]    PROGRAM-ID: MAET8600
2025-09-02 23:03:43,225 [INFO]    PROGRAM-NAME: ＡＣＰ同一人識別番号付加処理
2025-09-02 23:03:43,225 [INFO]    PATTERN-ID: UZ0Q07
2025-09-02 23:04:00,404 [INFO] 🔍 开始解析文件: MAQR5600.ipo
2025-09-02 23:04:00,404 [INFO] 📋 程序ID: MAQR5600
2025-09-02 23:04:00,405 [INFO] 📖 成功读取 15 行
2025-09-02 23:04:00,405 [INFO] 🎯 找到PROGRAM-ID: MAQR5600
2025-09-02 23:04:00,405 [INFO] 🎯 找到PROGRAM-NAME: ＡＣＰ提携ＮＩＳＡ口座移管更新Ｃ／Ｃデータ作成
2025-09-02 23:04:00,405 [INFO] 🎯 找到PATTERN-ID: UZ0Q06
2025-09-02 23:04:00,405 [INFO] ✅ 提取成功:
2025-09-02 23:04:00,405 [INFO]    PROGRAM-ID: MAQR5600
2025-09-02 23:04:00,406 [INFO]    PROGRAM-NAME: ＡＣＰ提携ＮＩＳＡ口座移管更新Ｃ／Ｃデータ作成
2025-09-02 23:04:00,406 [INFO]    PATTERN-ID: UZ0Q06
2025-09-02 23:04:11,650 [INFO] 开始解析SECTION ID - 文件: MAQR5600.ipo 程序ID: MAQR5600
2025-09-02 23:04:11,651 [INFO] 成功读取 810 行
2025-09-02 23:04:11,653 [INFO] 找到SECTION ID: CONFIGURATION (行 21)
2025-09-02 23:04:11,653 [INFO] 找到SECTION ID: INPUT-OUTPUT (行 26)
2025-09-02 23:04:11,654 [INFO] 找到SECTION ID: FILE (行 38)
2025-09-02 23:04:11,655 [INFO] 找到SECTION ID: WORKING-STORAGE (行 60)
2025-09-02 23:04:11,662 [INFO] 找到SECTION ID: LINKAGE (行 317)
2025-09-02 23:04:11,662 [INFO] 找到SECTION ID: ＭＡＱＲ５６００−ＭＡＩＮ (行 337)
2025-09-02 23:04:11,662 [INFO] 找到SECTION ID: Ｓ０００−初期処理 (行 355)
2025-09-02 23:04:11,663 [INFO] 找到SECTION ID: Ｓ１００−ワークエリア初期化処理 (行 396)
2025-09-02 23:04:11,664 [INFO] 找到SECTION ID: Ｍ０００−主処理 (行 424)
2025-09-02 23:04:11,664 [INFO] 找到SECTION ID: Ｅ０００−終了処理 (行 456)
2025-09-02 23:04:11,664 [INFO] 找到SECTION ID: Ｅ１００−入出力件数出力処理 (行 477)
2025-09-02 23:04:11,665 [INFO] 找到SECTION ID: Ｅ１１０−ジョブログ出力処理 (行 514)
2025-09-02 23:04:11,666 [INFO] 找到SECTION ID: Ｒ１００−マスタ入力処理 (行 550)
2025-09-02 23:04:11,666 [INFO] 找到SECTION ID: Ｒ２００−トラン入力処理 (行 573)
2025-09-02 23:04:11,667 [INFO] 找到SECTION ID: Ｗ１００−編集出力処理 (行 596)
2025-09-02 23:04:11,670 [INFO] 找到SECTION ID: Ｗ１１０−年齢計算処理 (行 746)
2025-09-02 23:04:11,671 [INFO] 找到SECTION ID: ＺＡ００−メッセージ出力処理 (行 785)
2025-09-02 23:04:11,671 [INFO] 找到SECTION ID: ＺＺ００−異常終了処理 (行 798)
2025-09-02 23:04:11,672 [INFO] 成功提取 13 个SECTION ID
2025-09-02 23:04:56,890 [INFO] 开始解析SECTION ID - 文件: MAQR5600.ipo 程序ID: MAQR5600
2025-09-02 23:04:56,891 [INFO] 成功读取 810 行
2025-09-02 23:04:56,892 [INFO] 找到SECTION ID: CONFIGURATION (行 21)
2025-09-02 23:04:56,892 [INFO] 找到SECTION ID: INPUT-OUTPUT (行 26)
2025-09-02 23:04:56,892 [INFO] 找到SECTION ID: FILE (行 38)
2025-09-02 23:04:56,893 [INFO] 找到SECTION ID: WORKING-STORAGE (行 60)
2025-09-02 23:04:56,898 [INFO] 找到SECTION ID: LINKAGE (行 317)
2025-09-02 23:04:56,898 [INFO] 找到SECTION ID: ＭＡＱＲ５６００−ＭＡＩＮ (行 337)
2025-09-02 23:04:56,899 [INFO] 找到SECTION ID: Ｓ０００−初期処理 (行 355)
2025-09-02 23:04:56,900 [INFO] 找到SECTION ID: Ｓ１００−ワークエリア初期化処理 (行 396)
2025-09-02 23:04:56,901 [INFO] 找到SECTION ID: Ｍ０００−主処理 (行 424)
2025-09-02 23:04:56,902 [INFO] 找到SECTION ID: Ｅ０００−終了処理 (行 456)
2025-09-02 23:04:56,902 [INFO] 找到SECTION ID: Ｅ１００−入出力件数出力処理 (行 477)
2025-09-02 23:04:56,902 [INFO] 找到SECTION ID: Ｅ１１０−ジョブログ出力処理 (行 514)
2025-09-02 23:04:56,903 [INFO] 找到SECTION ID: Ｒ１００−マスタ入力処理 (行 550)
2025-09-02 23:04:56,903 [INFO] 找到SECTION ID: Ｒ２００−トラン入力処理 (行 573)
2025-09-02 23:04:56,904 [INFO] 找到SECTION ID: Ｗ１００−編集出力処理 (行 596)
2025-09-02 23:04:56,907 [INFO] 找到SECTION ID: Ｗ１１０−年齢計算処理 (行 746)
2025-09-02 23:04:56,908 [INFO] 找到SECTION ID: ＺＡ００−メッセージ出力処理 (行 785)
2025-09-02 23:04:56,908 [INFO] 找到SECTION ID: ＺＺ００−異常終了処理 (行 798)
2025-09-02 23:04:56,908 [INFO] 成功提取 13 个SECTION ID
2025-09-02 23:22:41,157 [INFO] 🔍 开始解析文件: MAQR5600.ipo
2025-09-02 23:22:41,158 [INFO] 📋 程序ID: MAQR5600
2025-09-02 23:22:41,160 [INFO] 📖 成功读取 15 行
2025-09-02 23:22:41,160 [INFO] 🎯 找到PROGRAM-ID: MAQR5600
2025-09-02 23:22:41,160 [INFO] 🎯 找到PROGRAM-NAME: ＡＣＰ提携ＮＩＳＡ口座移管更新Ｃ／Ｃデータ作成
2025-09-02 23:22:41,160 [INFO] 🎯 找到PATTERN-ID: UZ0Q06
2025-09-02 23:22:41,160 [INFO] ✅ 提取成功:
2025-09-02 23:22:41,160 [INFO]    PROGRAM-ID: MAQR5600
2025-09-02 23:22:41,160 [INFO]    PROGRAM-NAME: ＡＣＰ提携ＮＩＳＡ口座移管更新Ｃ／Ｃデータ作成
2025-09-02 23:22:41,160 [INFO]    PATTERN-ID: UZ0Q06
2025-09-02 23:26:51,129 [INFO] 🔍 开始解析文件: MAET8600.ipo
2025-09-02 23:26:51,130 [INFO] 📋 程序ID: MAET8600
2025-09-02 23:26:51,132 [INFO] 📖 成功读取 15 行
2025-09-02 23:26:51,132 [INFO] 🎯 找到PROGRAM-ID: MAET8600
2025-09-02 23:26:51,132 [INFO] 🎯 找到PROGRAM-NAME: ＡＣＰ同一人識別番号付加処理
2025-09-02 23:26:51,132 [INFO] 🎯 找到PATTERN-ID: UZ0Q07
2025-09-02 23:26:51,132 [INFO] ✅ 提取成功:
2025-09-02 23:26:51,132 [INFO]    PROGRAM-ID: MAET8600
2025-09-02 23:26:51,132 [INFO]    PROGRAM-NAME: ＡＣＰ同一人識別番号付加処理
2025-09-02 23:26:51,132 [INFO]    PATTERN-ID: UZ0Q07
2025-09-02 23:30:14,014 [INFO] 🔍 开始解析文件: MAET8600.ipo
2025-09-02 23:30:14,014 [INFO] 📋 程序ID: MAET8600
2025-09-02 23:30:14,016 [INFO] 📖 成功读取 15 行
2025-09-02 23:30:14,016 [INFO] 🎯 找到PROGRAM-ID: MAET8600
2025-09-02 23:30:14,016 [INFO] 🎯 找到PROGRAM-NAME: ＡＣＰ同一人識別番号付加処理
2025-09-02 23:30:14,017 [INFO] 🎯 找到PATTERN-ID: UZ0Q07
2025-09-02 23:30:14,017 [INFO] ✅ 提取成功:
2025-09-02 23:30:14,017 [INFO]    PROGRAM-ID: MAET8600
2025-09-02 23:30:14,017 [INFO]    PROGRAM-NAME: ＡＣＰ同一人識別番号付加処理
2025-09-02 23:30:14,017 [INFO]    PATTERN-ID: UZ0Q07
2025-09-02 23:32:03,234 [INFO] 🔍 开始解析文件: MAQR6100.ipo
2025-09-02 23:32:03,235 [INFO] 📋 程序ID: MAQR6100
2025-09-02 23:32:03,237 [INFO] 📖 成功读取 15 行
2025-09-02 23:32:03,237 [INFO] 🎯 找到PROGRAM-ID: MAQR6100
2025-09-02 23:32:03,237 [INFO] 🎯 找到PROGRAM-NAME: ＡＣＰ提携重複勘定再設定勘定設定例外事項Ｃ／Ｃデータ作成
2025-09-02 23:32:03,237 [INFO] 🎯 找到PATTERN-ID: UZ0Q06
2025-09-02 23:32:03,237 [INFO] ✅ 提取成功:
2025-09-02 23:32:03,237 [INFO]    PROGRAM-ID: MAQR6100
2025-09-02 23:32:03,237 [INFO]    PROGRAM-NAME: ＡＣＰ提携重複勘定再設定勘定設定例外事項Ｃ／Ｃデータ作成
2025-09-02 23:32:03,237 [INFO]    PATTERN-ID: UZ0Q06
2025-09-02 23:36:08,912 [INFO] 🔍 开始解析文件: MAQR6100.ipo
2025-09-02 23:36:08,913 [INFO] 📋 程序ID: MAQR6100
2025-09-02 23:36:08,915 [INFO] 📖 成功读取 15 行
2025-09-02 23:36:08,915 [INFO] 🎯 找到PROGRAM-ID: MAQR6100
2025-09-02 23:36:08,915 [INFO] 🎯 找到PROGRAM-NAME: ＡＣＰ提携重複勘定再設定勘定設定例外事項Ｃ／Ｃデータ作成
2025-09-02 23:36:08,915 [INFO] 🎯 找到PATTERN-ID: UZ0Q06
2025-09-02 23:36:08,915 [INFO] ✅ 提取成功:
2025-09-02 23:36:08,915 [INFO]    PROGRAM-ID: MAQR6100
2025-09-02 23:36:08,915 [INFO]    PROGRAM-NAME: ＡＣＰ提携重複勘定再設定勘定設定例外事項Ｃ／Ｃデータ作成
2025-09-02 23:36:08,915 [INFO]    PATTERN-ID: UZ0Q06
2025-09-02 23:36:10,438 [INFO] 开始解析SECTION ID - 文件: MAQR6100.ipo 程序ID: MAQR6100
2025-09-02 23:36:10,439 [INFO] 成功读取 715 行
2025-09-02 23:36:10,440 [INFO] 找到SECTION ID: CONFIGURATION (行 21)
2025-09-02 23:36:10,440 [INFO] 找到SECTION ID: INPUT-OUTPUT (行 26)
2025-09-02 23:36:10,441 [INFO] 找到SECTION ID: FILE (行 38)
2025-09-02 23:36:10,441 [INFO] 找到SECTION ID: WORKING-STORAGE (行 60)
2025-09-02 23:36:10,445 [INFO] 找到SECTION ID: LINKAGE (行 299)
2025-09-02 23:36:10,445 [INFO] 找到SECTION ID: ＭＡＱＲ６１００−ＭＡＩＮ (行 319)
2025-09-02 23:36:10,446 [INFO] 找到SECTION ID: Ｓ０００−初期処理 (行 338)
2025-09-02 23:36:10,446 [INFO] 找到SECTION ID: Ｓ２００−ワークエリア初期化処理 (行 421)
2025-09-02 23:36:10,447 [INFO] 找到SECTION ID: Ｍ０００−主処理 (行 451)
2025-09-02 23:36:10,447 [INFO] 找到SECTION ID: Ｅ０００−終了処理 (行 485)
2025-09-02 23:36:10,448 [INFO] 找到SECTION ID: Ｅ１００−入出力件数出力処理 (行 512)
2025-09-02 23:36:10,448 [INFO] 找到SECTION ID: Ｅ１１０−ジョブログ出力処理 (行 543)
2025-09-02 23:36:10,449 [INFO] 找到SECTION ID: Ｒ１００−マスタ入力処理 (行 576)
2025-09-02 23:36:10,449 [INFO] 找到SECTION ID: Ｒ２００−トラン入力処理 (行 599)
2025-09-02 23:36:10,450 [INFO] 找到SECTION ID: Ｗ１００−マッチマスタ編集出力処理 (行 622)
2025-09-02 23:36:10,450 [INFO] 找到SECTION ID: Ｗ１１０−共通編集出力処理 (行 649)
2025-09-02 23:36:10,451 [INFO] 找到SECTION ID: ＺＡ００−メッセージ出力処理 (行 690)
2025-09-02 23:36:10,451 [INFO] 成功提取 12 个SECTION ID
2025-09-02 23:39:01,135 [INFO] 🔍 开始解析文件: MAQR6100.ipo
2025-09-02 23:39:01,135 [INFO] 📋 程序ID: MAQR6100
2025-09-02 23:39:01,137 [INFO] 📖 成功读取 15 行
2025-09-02 23:39:01,138 [INFO] 🎯 找到PROGRAM-ID: MAQR6100
2025-09-02 23:39:01,138 [INFO] 🎯 找到PROGRAM-NAME: ＡＣＰ提携重複勘定再設定勘定設定例外事項Ｃ／Ｃデータ作成
2025-09-02 23:39:01,138 [INFO] 🎯 找到PATTERN-ID: UZ0Q06
2025-09-02 23:39:01,138 [INFO] ✅ 提取成功:
2025-09-02 23:39:01,138 [INFO]    PROGRAM-ID: MAQR6100
2025-09-02 23:39:01,138 [INFO]    PROGRAM-NAME: ＡＣＰ提携重複勘定再設定勘定設定例外事項Ｃ／Ｃデータ作成
2025-09-02 23:39:01,138 [INFO]    PATTERN-ID: UZ0Q06
2025-09-02 23:39:20,160 [INFO] 🔍 开始解析文件: MAQR5600.ipo
2025-09-02 23:39:20,160 [INFO] 📋 程序ID: MAQR5600
2025-09-02 23:39:20,162 [INFO] 📖 成功读取 15 行
2025-09-02 23:39:20,163 [INFO] 🎯 找到PROGRAM-ID: MAQR5600
2025-09-02 23:39:20,163 [INFO] 🎯 找到PROGRAM-NAME: ＡＣＰ提携ＮＩＳＡ口座移管更新Ｃ／Ｃデータ作成
2025-09-02 23:39:20,163 [INFO] 🎯 找到PATTERN-ID: UZ0Q06
2025-09-02 23:39:20,163 [INFO] ✅ 提取成功:
2025-09-02 23:39:20,163 [INFO]    PROGRAM-ID: MAQR5600
2025-09-02 23:39:20,163 [INFO]    PROGRAM-NAME: ＡＣＰ提携ＮＩＳＡ口座移管更新Ｃ／Ｃデータ作成
2025-09-02 23:39:20,163 [INFO]    PATTERN-ID: UZ0Q06
2025-09-02 23:39:22,017 [INFO] 开始解析SECTION ID - 文件: MAQR5600.ipo 程序ID: MAQR5600
2025-09-02 23:39:22,018 [INFO] 成功读取 810 行
2025-09-02 23:39:22,019 [INFO] 找到SECTION ID: CONFIGURATION (行 21)
2025-09-02 23:39:22,019 [INFO] 找到SECTION ID: INPUT-OUTPUT (行 26)
2025-09-02 23:39:22,019 [INFO] 找到SECTION ID: FILE (行 38)
2025-09-02 23:39:22,020 [INFO] 找到SECTION ID: WORKING-STORAGE (行 60)
2025-09-02 23:39:22,023 [INFO] 找到SECTION ID: LINKAGE (行 317)
2025-09-02 23:39:22,023 [INFO] 找到SECTION ID: ＭＡＱＲ５６００−ＭＡＩＮ (行 337)
2025-09-02 23:39:22,024 [INFO] 找到SECTION ID: Ｓ０００−初期処理 (行 355)
2025-09-02 23:39:22,025 [INFO] 找到SECTION ID: Ｓ１００−ワークエリア初期化処理 (行 396)
2025-09-02 23:39:22,025 [INFO] 找到SECTION ID: Ｍ０００−主処理 (行 424)
2025-09-02 23:39:22,026 [INFO] 找到SECTION ID: Ｅ０００−終了処理 (行 456)
2025-09-02 23:39:22,026 [INFO] 找到SECTION ID: Ｅ１００−入出力件数出力処理 (行 477)
2025-09-02 23:39:22,026 [INFO] 找到SECTION ID: Ｅ１１０−ジョブログ出力処理 (行 514)
2025-09-02 23:39:22,027 [INFO] 找到SECTION ID: Ｒ１００−マスタ入力処理 (行 550)
2025-09-02 23:39:22,027 [INFO] 找到SECTION ID: Ｒ２００−トラン入力処理 (行 573)
2025-09-02 23:39:22,028 [INFO] 找到SECTION ID: Ｗ１００−編集出力処理 (行 596)
2025-09-02 23:39:22,031 [INFO] 找到SECTION ID: Ｗ１１０−年齢計算処理 (行 746)
2025-09-02 23:39:22,032 [INFO] 找到SECTION ID: ＺＡ００−メッセージ出力処理 (行 785)
2025-09-02 23:39:22,032 [INFO] 找到SECTION ID: ＺＺ００−異常終了処理 (行 798)
2025-09-02 23:39:22,032 [INFO] 成功提取 13 个SECTION ID
2025-09-02 23:46:21,739 [INFO] 🔍 开始解析文件: MAET8600.ipo
2025-09-02 23:46:21,739 [INFO] 📋 程序ID: MAET8600
2025-09-02 23:46:21,741 [INFO] 📖 成功读取 15 行
2025-09-02 23:46:21,741 [INFO] 🎯 找到PROGRAM-ID: MAET8600
2025-09-02 23:46:21,741 [INFO] 🎯 找到PROGRAM-NAME: ＡＣＰ同一人識別番号付加処理
2025-09-02 23:46:21,742 [INFO] 🎯 找到PATTERN-ID: UZ0Q07
2025-09-02 23:46:21,742 [INFO] ✅ 提取成功:
2025-09-02 23:46:21,742 [INFO]    PROGRAM-ID: MAET8600
2025-09-02 23:46:21,742 [INFO]    PROGRAM-NAME: ＡＣＰ同一人識別番号付加処理
2025-09-02 23:46:21,742 [INFO]    PATTERN-ID: UZ0Q07
2025-09-02 23:46:23,503 [INFO] 开始解析SECTION ID - 文件: MAET8600.ipo 程序ID: MAET8600
2025-09-02 23:46:23,504 [INFO] 成功读取 602 行
2025-09-02 23:46:23,505 [INFO] 找到SECTION ID: CONFIGURATION (行 22)
2025-09-02 23:46:23,505 [INFO] 找到SECTION ID: INPUT-OUTPUT (行 27)
2025-09-02 23:46:23,506 [INFO] 找到SECTION ID: FILE (行 40)
2025-09-02 23:46:23,506 [INFO] 找到SECTION ID: WORKING-STORAGE (行 60)
2025-09-02 23:46:23,510 [INFO] 找到SECTION ID: LINKAGE (行 267)
2025-09-02 23:46:23,510 [INFO] 找到SECTION ID: ＭＡＥＴ８６００−ＭＡＩＮ (行 287)
2025-09-02 23:46:23,511 [INFO] 找到SECTION ID: Ｓ０００−初期処理 (行 307)
2025-09-02 23:46:23,511 [INFO] 找到SECTION ID: Ｓ２００−ワークエリア初期化処理 (行 356)
2025-09-02 23:46:23,512 [INFO] 找到SECTION ID: Ｍ０００−主処理 (行 382)
2025-09-02 23:46:23,512 [INFO] 找到SECTION ID: Ｅ０００−終了処理 (行 428)
2025-09-02 23:46:23,513 [INFO] 找到SECTION ID: Ｅ１００−入出力件数表示処理 (行 449)
2025-09-02 23:46:23,513 [INFO] 找到SECTION ID: Ｅ１１０−件数出力処理 (行 480)
2025-09-02 23:46:23,514 [INFO] 找到SECTION ID: Ｒ１００−マスタ入力処理 (行 514)
2025-09-02 23:46:23,515 [INFO] 找到SECTION ID: Ｒ２００−トラン入力処理 (行 538)
2025-09-02 23:46:23,516 [INFO] 找到SECTION ID: Ｗ１００−主口座データ同一人識別番号付加データの編集出力処理 (行 562)
2025-09-02 23:46:23,516 [INFO] 找到SECTION ID: ＺＡ００−メッセージ出力処理 (行 591)
2025-09-02 23:46:23,517 [INFO] 成功提取 11 个SECTION ID
2025-09-02 23:46:46,016 [INFO] 🔍 开始解析文件: MAQR6100.ipo
2025-09-02 23:46:46,016 [INFO] 📋 程序ID: MAQR6100
2025-09-02 23:46:46,018 [INFO] 📖 成功读取 15 行
2025-09-02 23:46:46,018 [INFO] 🎯 找到PROGRAM-ID: MAQR6100
2025-09-02 23:46:46,018 [INFO] 🎯 找到PROGRAM-NAME: ＡＣＰ提携重複勘定再設定勘定設定例外事項Ｃ／Ｃデータ作成
2025-09-02 23:46:46,018 [INFO] 🎯 找到PATTERN-ID: UZ0Q06
2025-09-02 23:46:46,018 [INFO] ✅ 提取成功:
2025-09-02 23:46:46,018 [INFO]    PROGRAM-ID: MAQR6100
2025-09-02 23:46:46,018 [INFO]    PROGRAM-NAME: ＡＣＰ提携重複勘定再設定勘定設定例外事項Ｃ／Ｃデータ作成
2025-09-02 23:46:46,018 [INFO]    PATTERN-ID: UZ0Q06
2025-09-02 23:47:02,465 [INFO] 🔍 开始解析文件: MAQR5600.ipo
2025-09-02 23:47:02,465 [INFO] 📋 程序ID: MAQR5600
2025-09-02 23:47:02,467 [INFO] 📖 成功读取 15 行
2025-09-02 23:47:02,467 [INFO] 🎯 找到PROGRAM-ID: MAQR5600
2025-09-02 23:47:02,467 [INFO] 🎯 找到PROGRAM-NAME: ＡＣＰ提携ＮＩＳＡ口座移管更新Ｃ／Ｃデータ作成
2025-09-02 23:47:02,467 [INFO] 🎯 找到PATTERN-ID: UZ0Q06
2025-09-02 23:47:02,467 [INFO] ✅ 提取成功:
2025-09-02 23:47:02,468 [INFO]    PROGRAM-ID: MAQR5600
2025-09-02 23:47:02,468 [INFO]    PROGRAM-NAME: ＡＣＰ提携ＮＩＳＡ口座移管更新Ｃ／Ｃデータ作成
2025-09-02 23:47:02,468 [INFO]    PATTERN-ID: UZ0Q06
2025-09-02 23:47:04,599 [INFO] 开始解析SECTION ID - 文件: MAQR5600.ipo 程序ID: MAQR5600
2025-09-02 23:47:04,600 [INFO] 成功读取 810 行
2025-09-02 23:47:04,601 [INFO] 找到SECTION ID: CONFIGURATION (行 21)
2025-09-02 23:47:04,601 [INFO] 找到SECTION ID: INPUT-OUTPUT (行 26)
2025-09-02 23:47:04,601 [INFO] 找到SECTION ID: FILE (行 38)
2025-09-02 23:47:04,602 [INFO] 找到SECTION ID: WORKING-STORAGE (行 60)
2025-09-02 23:47:04,606 [INFO] 找到SECTION ID: LINKAGE (行 317)
2025-09-02 23:47:04,606 [INFO] 找到SECTION ID: ＭＡＱＲ５６００−ＭＡＩＮ (行 337)
2025-09-02 23:47:04,606 [INFO] 找到SECTION ID: Ｓ０００−初期処理 (行 355)
2025-09-02 23:47:04,607 [INFO] 找到SECTION ID: Ｓ１００−ワークエリア初期化処理 (行 396)
2025-09-02 23:47:04,608 [INFO] 找到SECTION ID: Ｍ０００−主処理 (行 424)
2025-09-02 23:47:04,608 [INFO] 找到SECTION ID: Ｅ０００−終了処理 (行 456)
2025-09-02 23:47:04,608 [INFO] 找到SECTION ID: Ｅ１００−入出力件数出力処理 (行 477)
2025-09-02 23:47:04,609 [INFO] 找到SECTION ID: Ｅ１１０−ジョブログ出力処理 (行 514)
2025-09-02 23:47:04,609 [INFO] 找到SECTION ID: Ｒ１００−マスタ入力処理 (行 550)
2025-09-02 23:47:04,610 [INFO] 找到SECTION ID: Ｒ２００−トラン入力処理 (行 573)
2025-09-02 23:47:04,610 [INFO] 找到SECTION ID: Ｗ１００−編集出力処理 (行 596)
2025-09-02 23:47:04,614 [INFO] 找到SECTION ID: Ｗ１１０−年齢計算処理 (行 746)
2025-09-02 23:47:04,614 [INFO] 找到SECTION ID: ＺＡ００−メッセージ出力処理 (行 785)
2025-09-02 23:47:04,615 [INFO] 找到SECTION ID: ＺＺ００−異常終了処理 (行 798)
2025-09-02 23:47:04,615 [INFO] 成功提取 13 个SECTION ID
2025-09-03 22:42:57,486 [INFO] 🔍 开始解析文件: MAQR5600.ipo
2025-09-03 22:42:57,490 [INFO] 📋 程序ID: MAQR5600
2025-09-03 22:42:57,507 [INFO] 📖 成功读取 15 行
2025-09-03 22:42:57,507 [INFO] 🎯 找到PROGRAM-ID: MAQR5600
2025-09-03 22:42:57,507 [INFO] 🎯 找到PROGRAM-NAME: ＡＣＰ提携ＮＩＳＡ口座移管更新Ｃ／Ｃデータ作成
2025-09-03 22:42:57,507 [INFO] 🎯 找到PATTERN-ID: UZ0Q06
2025-09-03 22:42:57,508 [INFO] ✅ 提取成功:
2025-09-03 22:42:57,508 [INFO]    PROGRAM-ID: MAQR5600
2025-09-03 22:42:57,508 [INFO]    PROGRAM-NAME: ＡＣＰ提携ＮＩＳＡ口座移管更新Ｃ／Ｃデータ作成
2025-09-03 22:42:57,508 [INFO]    PATTERN-ID: UZ0Q06
2025-09-03 22:43:04,281 [INFO] 🔍 开始解析文件: MAQR5600.ipo
2025-09-03 22:43:04,281 [INFO] 📋 程序ID: MAQR5600
2025-09-03 22:43:04,282 [INFO] 📖 成功读取 15 行
2025-09-03 22:43:04,282 [INFO] 🎯 找到PROGRAM-ID: MAQR5600
2025-09-03 22:43:04,283 [INFO] 🎯 找到PROGRAM-NAME: ＡＣＰ提携ＮＩＳＡ口座移管更新Ｃ／Ｃデータ作成
2025-09-03 22:43:04,283 [INFO] 🎯 找到PATTERN-ID: UZ0Q06
2025-09-03 22:43:04,283 [INFO] ✅ 提取成功:
2025-09-03 22:43:04,283 [INFO]    PROGRAM-ID: MAQR5600
2025-09-03 22:43:04,283 [INFO]    PROGRAM-NAME: ＡＣＰ提携ＮＩＳＡ口座移管更新Ｃ／Ｃデータ作成
2025-09-03 22:43:04,283 [INFO]    PATTERN-ID: UZ0Q06
2025-09-03 22:43:19,198 [INFO] 🔍 开始解析文件: MAET8600.ipo
2025-09-03 22:43:19,199 [INFO] 📋 程序ID: MAET8600
2025-09-03 22:43:19,201 [INFO] 📖 成功读取 15 行
2025-09-03 22:43:19,201 [INFO] 🎯 找到PROGRAM-ID: MAET8600
2025-09-03 22:43:19,201 [INFO] 🎯 找到PROGRAM-NAME: ＡＣＰ同一人識別番号付加処理
2025-09-03 22:43:19,201 [INFO] 🎯 找到PATTERN-ID: UZ0Q07
2025-09-03 22:43:19,201 [INFO] ✅ 提取成功:
2025-09-03 22:43:19,201 [INFO]    PROGRAM-ID: MAET8600
2025-09-03 22:43:19,201 [INFO]    PROGRAM-NAME: ＡＣＰ同一人識別番号付加処理
2025-09-03 22:43:19,201 [INFO]    PATTERN-ID: UZ0Q07
2025-09-03 22:43:33,581 [INFO] 🔍 开始解析文件: MBAC3900.ipo
2025-09-03 22:43:33,581 [INFO] 📋 程序ID: MBAC3900
2025-09-03 22:43:33,583 [INFO] 📖 成功读取 15 行
2025-09-03 22:43:33,584 [INFO] 🎯 找到PROGRAM-ID: MBAC3900
2025-09-03 22:43:33,584 [INFO] 🎯 找到PROGRAM-NAME: ＡＣＰ株式売買注文約定照会当日詳細（インターネット）
2025-09-03 22:43:33,584 [INFO] 🎯 找到PATTERN-ID: UZ0C08
2025-09-03 22:43:33,584 [INFO] ✅ 提取成功:
2025-09-03 22:43:33,584 [INFO]    PROGRAM-ID: MBAC3900
2025-09-03 22:43:33,584 [INFO]    PROGRAM-NAME: ＡＣＰ株式売買注文約定照会当日詳細（インターネット）
2025-09-03 22:43:33,584 [INFO]    PATTERN-ID: UZ0C08
2025-09-03 22:43:46,880 [INFO] 🔍 开始解析文件: MAQR5600.ipo
2025-09-03 22:43:46,880 [INFO] 📋 程序ID: MAQR5600
2025-09-03 22:43:46,882 [INFO] 📖 成功读取 15 行
2025-09-03 22:43:46,883 [INFO] 🎯 找到PROGRAM-ID: MAQR5600
2025-09-03 22:43:46,883 [INFO] 🎯 找到PROGRAM-NAME: ＡＣＰ提携ＮＩＳＡ口座移管更新Ｃ／Ｃデータ作成
2025-09-03 22:43:46,883 [INFO] 🎯 找到PATTERN-ID: UZ0Q06
2025-09-03 22:43:46,883 [INFO] ✅ 提取成功:
2025-09-03 22:43:46,883 [INFO]    PROGRAM-ID: MAQR5600
2025-09-03 22:43:46,883 [INFO]    PROGRAM-NAME: ＡＣＰ提携ＮＩＳＡ口座移管更新Ｃ／Ｃデータ作成
2025-09-03 22:43:46,883 [INFO]    PATTERN-ID: UZ0Q06
2025-09-03 22:44:05,910 [INFO] 🔍 开始解析文件: MAQR5600.ipo
2025-09-03 22:44:05,910 [INFO] 📋 程序ID: MAQR5600
2025-09-03 22:44:05,911 [INFO] 📖 成功读取 15 行
2025-09-03 22:44:05,912 [INFO] 🎯 找到PROGRAM-ID: MAQR5600
2025-09-03 22:44:05,912 [INFO] 🎯 找到PROGRAM-NAME: ＡＣＰ提携ＮＩＳＡ口座移管更新Ｃ／Ｃデータ作成
2025-09-03 22:44:05,912 [INFO] 🎯 找到PATTERN-ID: UZ0Q06
2025-09-03 22:44:05,912 [INFO] ✅ 提取成功:
2025-09-03 22:44:05,912 [INFO]    PROGRAM-ID: MAQR5600
2025-09-03 22:44:05,912 [INFO]    PROGRAM-NAME: ＡＣＰ提携ＮＩＳＡ口座移管更新Ｃ／Ｃデータ作成
2025-09-03 22:44:05,912 [INFO]    PATTERN-ID: UZ0Q06
2025-09-03 22:44:20,214 [INFO] 🔍 开始解析文件: MAET8600.ipo
2025-09-03 22:44:20,215 [INFO] 📋 程序ID: MAET8600
2025-09-03 22:44:20,217 [INFO] 📖 成功读取 15 行
2025-09-03 22:44:20,217 [INFO] 🎯 找到PROGRAM-ID: MAET8600
2025-09-03 22:44:20,217 [INFO] 🎯 找到PROGRAM-NAME: ＡＣＰ同一人識別番号付加処理
2025-09-03 22:44:20,217 [INFO] 🎯 找到PATTERN-ID: UZ0Q07
2025-09-03 22:44:20,217 [INFO] ✅ 提取成功:
2025-09-03 22:44:20,217 [INFO]    PROGRAM-ID: MAET8600
2025-09-03 22:44:20,217 [INFO]    PROGRAM-NAME: ＡＣＰ同一人識別番号付加処理
2025-09-03 22:44:20,217 [INFO]    PATTERN-ID: UZ0Q07
2025-09-03 22:44:35,537 [INFO] 🔍 开始解析文件: MAQR5600.ipo
2025-09-03 22:44:35,537 [INFO] 📋 程序ID: MAQR5600
2025-09-03 22:44:35,540 [INFO] 📖 成功读取 15 行
2025-09-03 22:44:35,540 [INFO] 🎯 找到PROGRAM-ID: MAQR5600
2025-09-03 22:44:35,540 [INFO] 🎯 找到PROGRAM-NAME: ＡＣＰ提携ＮＩＳＡ口座移管更新Ｃ／Ｃデータ作成
2025-09-03 22:44:35,540 [INFO] 🎯 找到PATTERN-ID: UZ0Q06
2025-09-03 22:44:35,540 [INFO] ✅ 提取成功:
2025-09-03 22:44:35,540 [INFO]    PROGRAM-ID: MAQR5600
2025-09-03 22:44:35,540 [INFO]    PROGRAM-NAME: ＡＣＰ提携ＮＩＳＡ口座移管更新Ｃ／Ｃデータ作成
2025-09-03 22:44:35,540 [INFO]    PATTERN-ID: UZ0Q06
2025-09-03 22:44:50,548 [INFO] 🔍 开始解析文件: MAQR5600.ipo
2025-09-03 22:44:50,549 [INFO] 📋 程序ID: MAQR5600
2025-09-03 22:44:50,551 [INFO] 📖 成功读取 15 行
2025-09-03 22:44:50,551 [INFO] 🎯 找到PROGRAM-ID: MAQR5600
2025-09-03 22:44:50,551 [INFO] 🎯 找到PROGRAM-NAME: ＡＣＰ提携ＮＩＳＡ口座移管更新Ｃ／Ｃデータ作成
2025-09-03 22:44:50,551 [INFO] 🎯 找到PATTERN-ID: UZ0Q06
2025-09-03 22:44:50,551 [INFO] ✅ 提取成功:
2025-09-03 22:44:50,551 [INFO]    PROGRAM-ID: MAQR5600
2025-09-03 22:44:50,551 [INFO]    PROGRAM-NAME: ＡＣＰ提携ＮＩＳＡ口座移管更新Ｃ／Ｃデータ作成
2025-09-03 22:44:50,551 [INFO]    PATTERN-ID: UZ0Q06
2025-09-03 22:44:56,087 [INFO] 🔍 开始解析文件: MAQR5600.ipo
2025-09-03 22:44:56,087 [INFO] 📋 程序ID: MAQR5600
2025-09-03 22:44:56,088 [INFO] 📖 成功读取 15 行
2025-09-03 22:44:56,089 [INFO] 🎯 找到PROGRAM-ID: MAQR5600
2025-09-03 22:44:56,089 [INFO] 🎯 找到PROGRAM-NAME: ＡＣＰ提携ＮＩＳＡ口座移管更新Ｃ／Ｃデータ作成
2025-09-03 22:44:56,089 [INFO] 🎯 找到PATTERN-ID: UZ0Q06
2025-09-03 22:44:56,089 [INFO] ✅ 提取成功:
2025-09-03 22:44:56,089 [INFO]    PROGRAM-ID: MAQR5600
2025-09-03 22:44:56,089 [INFO]    PROGRAM-NAME: ＡＣＰ提携ＮＩＳＡ口座移管更新Ｃ／Ｃデータ作成
2025-09-03 22:44:56,089 [INFO]    PATTERN-ID: UZ0Q06
2025-09-03 22:45:07,982 [INFO] 🔍 开始解析文件: MAET8600.ipo
2025-09-03 22:45:07,982 [INFO] 📋 程序ID: MAET8600
2025-09-03 22:45:07,984 [INFO] 📖 成功读取 15 行
2025-09-03 22:45:07,984 [INFO] 🎯 找到PROGRAM-ID: MAET8600
2025-09-03 22:45:07,984 [INFO] 🎯 找到PROGRAM-NAME: ＡＣＰ同一人識別番号付加処理
2025-09-03 22:45:07,985 [INFO] 🎯 找到PATTERN-ID: UZ0Q07
2025-09-03 22:45:07,985 [INFO] ✅ 提取成功:
2025-09-03 22:45:07,985 [INFO]    PROGRAM-ID: MAET8600
2025-09-03 22:45:07,985 [INFO]    PROGRAM-NAME: ＡＣＰ同一人識別番号付加処理
2025-09-03 22:45:07,985 [INFO]    PATTERN-ID: UZ0Q07
2025-09-03 22:45:21,217 [INFO] 🔍 开始解析文件: MAET8600.ipo
2025-09-03 22:45:21,217 [INFO] 📋 程序ID: MAET8600
2025-09-03 22:45:21,219 [INFO] 📖 成功读取 15 行
2025-09-03 22:45:21,219 [INFO] 🎯 找到PROGRAM-ID: MAET8600
2025-09-03 22:45:21,219 [INFO] 🎯 找到PROGRAM-NAME: ＡＣＰ同一人識別番号付加処理
2025-09-03 22:45:21,220 [INFO] 🎯 找到PATTERN-ID: UZ0Q07
2025-09-03 22:45:21,220 [INFO] ✅ 提取成功:
2025-09-03 22:45:21,220 [INFO]    PROGRAM-ID: MAET8600
2025-09-03 22:45:21,220 [INFO]    PROGRAM-NAME: ＡＣＰ同一人識別番号付加処理
2025-09-03 22:45:21,220 [INFO]    PATTERN-ID: UZ0Q07
2025-09-03 22:45:29,214 [INFO] 🔍 开始解析文件: MAET8600.ipo
2025-09-03 22:45:29,214 [INFO] 📋 程序ID: MAET8600
2025-09-03 22:45:29,215 [INFO] 📖 成功读取 15 行
2025-09-03 22:45:29,215 [INFO] 🎯 找到PROGRAM-ID: MAET8600
2025-09-03 22:45:29,215 [INFO] 🎯 找到PROGRAM-NAME: ＡＣＰ同一人識別番号付加処理
2025-09-03 22:45:29,215 [INFO] 🎯 找到PATTERN-ID: UZ0Q07
2025-09-03 22:45:29,215 [INFO] ✅ 提取成功:
2025-09-03 22:45:29,215 [INFO]    PROGRAM-ID: MAET8600
2025-09-03 22:45:29,215 [INFO]    PROGRAM-NAME: ＡＣＰ同一人識別番号付加処理
2025-09-03 22:45:29,215 [INFO]    PATTERN-ID: UZ0Q07
2025-09-03 22:45:40,979 [INFO] 🔍 开始解析文件: MAET8600.ipo
2025-09-03 22:45:40,979 [INFO] 📋 程序ID: MAET8600
2025-09-03 22:45:40,981 [INFO] 📖 成功读取 15 行
2025-09-03 22:45:40,981 [INFO] 🎯 找到PROGRAM-ID: MAET8600
2025-09-03 22:45:40,981 [INFO] 🎯 找到PROGRAM-NAME: ＡＣＰ同一人識別番号付加処理
2025-09-03 22:45:40,982 [INFO] 🎯 找到PATTERN-ID: UZ0Q07
2025-09-03 22:45:40,982 [INFO] ✅ 提取成功:
2025-09-03 22:45:40,982 [INFO]    PROGRAM-ID: MAET8600
2025-09-03 22:45:40,982 [INFO]    PROGRAM-NAME: ＡＣＰ同一人識別番号付加処理
2025-09-03 22:45:40,982 [INFO]    PATTERN-ID: UZ0Q07
2025-09-03 22:46:03,189 [INFO] 🔍 开始解析文件: MAET8600.ipo
2025-09-03 22:46:03,189 [INFO] 📋 程序ID: MAET8600
2025-09-03 22:46:03,191 [INFO] 📖 成功读取 15 行
2025-09-03 22:46:03,191 [INFO] 🎯 找到PROGRAM-ID: MAET8600
2025-09-03 22:46:03,191 [INFO] 🎯 找到PROGRAM-NAME: ＡＣＰ同一人識別番号付加処理
2025-09-03 22:46:03,192 [INFO] 🎯 找到PATTERN-ID: UZ0Q07
2025-09-03 22:46:03,192 [INFO] ✅ 提取成功:
2025-09-03 22:46:03,192 [INFO]    PROGRAM-ID: MAET8600
2025-09-03 22:46:03,192 [INFO]    PROGRAM-NAME: ＡＣＰ同一人識別番号付加処理
2025-09-03 22:46:03,192 [INFO]    PATTERN-ID: UZ0Q07
2025-09-03 22:46:05,376 [INFO] 开始解析SECTION ID - 文件: MAET8600.ipo 程序ID: MAET8600
2025-09-03 22:46:05,377 [INFO] 成功读取 602 行
2025-09-03 22:46:05,379 [INFO] 找到SECTION ID: CONFIGURATION (行 22)
2025-09-03 22:46:05,379 [INFO] 找到SECTION ID: INPUT-OUTPUT (行 27)
2025-09-03 22:46:05,379 [INFO] 找到SECTION ID: FILE (行 40)
2025-09-03 22:46:05,380 [INFO] 找到SECTION ID: WORKING-STORAGE (行 60)
2025-09-03 22:46:05,385 [INFO] 找到SECTION ID: LINKAGE (行 267)
2025-09-03 22:46:05,385 [INFO] 找到SECTION ID: ＭＡＥＴ８６００−ＭＡＩＮ (行 287)
2025-09-03 22:46:05,386 [INFO] 找到SECTION ID: Ｓ０００−初期処理 (行 307)
2025-09-03 22:46:05,387 [INFO] 找到SECTION ID: Ｓ２００−ワークエリア初期化処理 (行 356)
2025-09-03 22:46:05,388 [INFO] 找到SECTION ID: Ｍ０００−主処理 (行 382)
2025-09-03 22:46:05,389 [INFO] 找到SECTION ID: Ｅ０００−終了処理 (行 428)
2025-09-03 22:46:05,390 [INFO] 找到SECTION ID: Ｅ１００−入出力件数表示処理 (行 449)
2025-09-03 22:46:05,391 [INFO] 找到SECTION ID: Ｅ１１０−件数出力処理 (行 480)
2025-09-03 22:46:05,392 [INFO] 找到SECTION ID: Ｒ１００−マスタ入力処理 (行 514)
2025-09-03 22:46:05,392 [INFO] 找到SECTION ID: Ｒ２００−トラン入力処理 (行 538)
2025-09-03 22:46:05,393 [INFO] 找到SECTION ID: Ｗ１００−主口座データ同一人識別番号付加データの編集出力処理 (行 562)
2025-09-03 22:46:05,393 [INFO] 找到SECTION ID: ＺＡ００−メッセージ出力処理 (行 591)
2025-09-03 22:46:05,394 [INFO] 成功提取 11 个SECTION ID
2025-09-03 23:04:05,500 [INFO] 🔍 开始解析文件: MAET8600.ipo
2025-09-03 23:04:05,500 [INFO] 📋 程序ID: MAET8600
2025-09-03 23:04:05,502 [INFO] 📖 成功读取 15 行
2025-09-03 23:04:05,502 [INFO] 🎯 找到PROGRAM-ID: MAET8600
2025-09-03 23:04:05,502 [INFO] 🎯 找到PROGRAM-NAME: ＡＣＰ同一人識別番号付加処理
2025-09-03 23:04:05,503 [INFO] 🎯 找到PATTERN-ID: UZ0Q07
2025-09-03 23:04:05,503 [INFO] ✅ 提取成功:
2025-09-03 23:04:05,503 [INFO]    PROGRAM-ID: MAET8600
2025-09-03 23:04:05,503 [INFO]    PROGRAM-NAME: ＡＣＰ同一人識別番号付加処理
2025-09-03 23:04:05,503 [INFO]    PATTERN-ID: UZ0Q07
2025-09-03 23:07:00,107 [INFO] 🔍 开始解析文件: MAET8600.ipo
2025-09-03 23:07:00,107 [INFO] 📋 程序ID: MAET8600
2025-09-03 23:07:00,109 [INFO] 📖 成功读取 15 行
2025-09-03 23:07:00,109 [INFO] 🎯 找到PROGRAM-ID: MAET8600
2025-09-03 23:07:00,109 [INFO] 🎯 找到PROGRAM-NAME: ＡＣＰ同一人識別番号付加処理
2025-09-03 23:07:00,109 [INFO] 🎯 找到PATTERN-ID: UZ0Q07
2025-09-03 23:07:00,109 [INFO] ✅ 提取成功:
2025-09-03 23:07:00,110 [INFO]    PROGRAM-ID: MAET8600
2025-09-03 23:07:00,110 [INFO]    PROGRAM-NAME: ＡＣＰ同一人識別番号付加処理
2025-09-03 23:07:00,110 [INFO]    PATTERN-ID: UZ0Q07
2025-09-03 23:10:19,612 [INFO] 🔍 开始解析文件: MAQR5600.ipo
2025-09-03 23:10:19,612 [INFO] 📋 程序ID: MAQR5600
2025-09-03 23:10:19,614 [INFO] 📖 成功读取 15 行
2025-09-03 23:10:19,614 [INFO] 🎯 找到PROGRAM-ID: MAQR5600
2025-09-03 23:10:19,614 [INFO] 🎯 找到PROGRAM-NAME: ＡＣＰ提携ＮＩＳＡ口座移管更新Ｃ／Ｃデータ作成
2025-09-03 23:10:19,614 [INFO] 🎯 找到PATTERN-ID: UZ0Q06
2025-09-03 23:10:19,615 [INFO] ✅ 提取成功:
2025-09-03 23:10:19,615 [INFO]    PROGRAM-ID: MAQR5600
2025-09-03 23:10:19,615 [INFO]    PROGRAM-NAME: ＡＣＰ提携ＮＩＳＡ口座移管更新Ｃ／Ｃデータ作成
2025-09-03 23:10:19,615 [INFO]    PATTERN-ID: UZ0Q06
2025-09-03 23:10:21,790 [INFO] 开始解析SECTION ID - 文件: MAQR5600.ipo 程序ID: MAQR5600
2025-09-03 23:10:21,791 [INFO] 成功读取 810 行
2025-09-03 23:10:21,792 [INFO] 找到SECTION ID: CONFIGURATION (行 21)
2025-09-03 23:10:21,792 [INFO] 找到SECTION ID: INPUT-OUTPUT (行 26)
2025-09-03 23:10:21,793 [INFO] 找到SECTION ID: FILE (行 38)
2025-09-03 23:10:21,793 [INFO] 找到SECTION ID: WORKING-STORAGE (行 60)
2025-09-03 23:10:21,797 [INFO] 找到SECTION ID: LINKAGE (行 317)
2025-09-03 23:10:21,797 [INFO] 找到SECTION ID: ＭＡＱＲ５６００−ＭＡＩＮ (行 337)
2025-09-03 23:10:21,797 [INFO] 找到SECTION ID: Ｓ０００−初期処理 (行 355)
2025-09-03 23:10:21,798 [INFO] 找到SECTION ID: Ｓ１００−ワークエリア初期化処理 (行 396)
2025-09-03 23:10:21,798 [INFO] 找到SECTION ID: Ｍ０００−主処理 (行 424)
2025-09-03 23:10:21,799 [INFO] 找到SECTION ID: Ｅ０００−終了処理 (行 456)
2025-09-03 23:10:21,799 [INFO] 找到SECTION ID: Ｅ１００−入出力件数出力処理 (行 477)
2025-09-03 23:10:21,800 [INFO] 找到SECTION ID: Ｅ１１０−ジョブログ出力処理 (行 514)
2025-09-03 23:10:21,800 [INFO] 找到SECTION ID: Ｒ１００−マスタ入力処理 (行 550)
2025-09-03 23:10:21,801 [INFO] 找到SECTION ID: Ｒ２００−トラン入力処理 (行 573)
2025-09-03 23:10:21,801 [INFO] 找到SECTION ID: Ｗ１００−編集出力処理 (行 596)
2025-09-03 23:10:21,805 [INFO] 找到SECTION ID: Ｗ１１０−年齢計算処理 (行 746)
2025-09-03 23:10:21,806 [INFO] 找到SECTION ID: ＺＡ００−メッセージ出力処理 (行 785)
2025-09-03 23:10:21,807 [INFO] 找到SECTION ID: ＺＺ００−異常終了処理 (行 798)
2025-09-03 23:10:21,807 [INFO] 成功提取 13 个SECTION ID
2025-09-03 23:11:56,444 [INFO] 🔍 开始解析文件: MAET8600.ipo
2025-09-03 23:11:56,445 [INFO] 📋 程序ID: MAET8600
2025-09-03 23:11:56,447 [INFO] 📖 成功读取 15 行
2025-09-03 23:11:56,447 [INFO] 🎯 找到PROGRAM-ID: MAET8600
2025-09-03 23:11:56,447 [INFO] 🎯 找到PROGRAM-NAME: ＡＣＰ同一人識別番号付加処理
2025-09-03 23:11:56,447 [INFO] 🎯 找到PATTERN-ID: UZ0Q07
2025-09-03 23:11:56,448 [INFO] ✅ 提取成功:
2025-09-03 23:11:56,448 [INFO]    PROGRAM-ID: MAET8600
2025-09-03 23:11:56,448 [INFO]    PROGRAM-NAME: ＡＣＰ同一人識別番号付加処理
2025-09-03 23:11:56,448 [INFO]    PATTERN-ID: UZ0Q07
2025-09-03 23:11:58,055 [INFO] 开始解析SECTION ID - 文件: MAET8600.ipo 程序ID: MAET8600
2025-09-03 23:11:58,056 [INFO] 成功读取 602 行
2025-09-03 23:11:58,057 [INFO] 找到SECTION ID: CONFIGURATION (行 22)
2025-09-03 23:11:58,057 [INFO] 找到SECTION ID: INPUT-OUTPUT (行 27)
2025-09-03 23:11:58,058 [INFO] 找到SECTION ID: FILE (行 40)
2025-09-03 23:11:58,058 [INFO] 找到SECTION ID: WORKING-STORAGE (行 60)
2025-09-03 23:11:58,061 [INFO] 找到SECTION ID: LINKAGE (行 267)
2025-09-03 23:11:58,061 [INFO] 找到SECTION ID: ＭＡＥＴ８６００−ＭＡＩＮ (行 287)
2025-09-03 23:11:58,062 [INFO] 找到SECTION ID: Ｓ０００−初期処理 (行 307)
2025-09-03 23:11:58,062 [INFO] 找到SECTION ID: Ｓ２００−ワークエリア初期化処理 (行 356)
2025-09-03 23:11:58,063 [INFO] 找到SECTION ID: Ｍ０００−主処理 (行 382)
2025-09-03 23:11:58,064 [INFO] 找到SECTION ID: Ｅ０００−終了処理 (行 428)
2025-09-03 23:11:58,064 [INFO] 找到SECTION ID: Ｅ１００−入出力件数表示処理 (行 449)
2025-09-03 23:11:58,064 [INFO] 找到SECTION ID: Ｅ１１０−件数出力処理 (行 480)
2025-09-03 23:11:58,065 [INFO] 找到SECTION ID: Ｒ１００−マスタ入力処理 (行 514)
2025-09-03 23:11:58,066 [INFO] 找到SECTION ID: Ｒ２００−トラン入力処理 (行 538)
2025-09-03 23:11:58,066 [INFO] 找到SECTION ID: Ｗ１００−主口座データ同一人識別番号付加データの編集出力処理 (行 562)
2025-09-03 23:11:58,067 [INFO] 找到SECTION ID: ＺＡ００−メッセージ出力処理 (行 591)
2025-09-03 23:11:58,067 [INFO] 成功提取 11 个SECTION ID
2025-09-03 23:12:44,653 [INFO] 🔍 开始解析文件: MAET8600.ipo
2025-09-03 23:12:44,653 [INFO] 📋 程序ID: MAET8600
2025-09-03 23:12:44,655 [INFO] 📖 成功读取 15 行
2025-09-03 23:12:44,655 [INFO] 🎯 找到PROGRAM-ID: MAET8600
2025-09-03 23:12:44,655 [INFO] 🎯 找到PROGRAM-NAME: ＡＣＰ同一人識別番号付加処理
2025-09-03 23:12:44,655 [INFO] 🎯 找到PATTERN-ID: UZ0Q07
2025-09-03 23:12:44,655 [INFO] ✅ 提取成功:
2025-09-03 23:12:44,655 [INFO]    PROGRAM-ID: MAET8600
2025-09-03 23:12:44,655 [INFO]    PROGRAM-NAME: ＡＣＰ同一人識別番号付加処理
2025-09-03 23:12:44,655 [INFO]    PATTERN-ID: UZ0Q07
2025-09-03 23:12:47,122 [INFO] 开始解析SECTION ID - 文件: MAET8600.ipo 程序ID: MAET8600
2025-09-03 23:12:47,123 [INFO] 成功读取 602 行
2025-09-03 23:12:47,124 [INFO] 找到SECTION ID: CONFIGURATION (行 22)
2025-09-03 23:12:47,124 [INFO] 找到SECTION ID: INPUT-OUTPUT (行 27)
2025-09-03 23:12:47,125 [INFO] 找到SECTION ID: FILE (行 40)
2025-09-03 23:12:47,125 [INFO] 找到SECTION ID: WORKING-STORAGE (行 60)
2025-09-03 23:12:47,129 [INFO] 找到SECTION ID: LINKAGE (行 267)
2025-09-03 23:12:47,129 [INFO] 找到SECTION ID: ＭＡＥＴ８６００−ＭＡＩＮ (行 287)
2025-09-03 23:12:47,129 [INFO] 找到SECTION ID: Ｓ０００−初期処理 (行 307)
2025-09-03 23:12:47,130 [INFO] 找到SECTION ID: Ｓ２００−ワークエリア初期化処理 (行 356)
2025-09-03 23:12:47,130 [INFO] 找到SECTION ID: Ｍ０００−主処理 (行 382)
2025-09-03 23:12:47,131 [INFO] 找到SECTION ID: Ｅ０００−終了処理 (行 428)
2025-09-03 23:12:47,132 [INFO] 找到SECTION ID: Ｅ１００−入出力件数表示処理 (行 449)
2025-09-03 23:12:47,132 [INFO] 找到SECTION ID: Ｅ１１０−件数出力処理 (行 480)
2025-09-03 23:12:47,133 [INFO] 找到SECTION ID: Ｒ１００−マスタ入力処理 (行 514)
2025-09-03 23:12:47,133 [INFO] 找到SECTION ID: Ｒ２００−トラン入力処理 (行 538)
2025-09-03 23:12:47,134 [INFO] 找到SECTION ID: Ｗ１００−主口座データ同一人識別番号付加データの編集出力処理 (行 562)
2025-09-03 23:12:47,134 [INFO] 找到SECTION ID: ＺＡ００−メッセージ出力処理 (行 591)
2025-09-03 23:12:47,134 [INFO] 成功提取 11 个SECTION ID
2025-09-03 23:15:57,436 [INFO] 🔍 开始解析文件: MAET8600.ipo
2025-09-03 23:15:57,436 [INFO] 📋 程序ID: MAET8600
2025-09-03 23:15:57,438 [INFO] 📖 成功读取 15 行
2025-09-03 23:15:57,438 [INFO] 🎯 找到PROGRAM-ID: MAET8600
2025-09-03 23:15:57,438 [INFO] 🎯 找到PROGRAM-NAME: ＡＣＰ同一人識別番号付加処理
2025-09-03 23:15:57,438 [INFO] 🎯 找到PATTERN-ID: UZ0Q07
2025-09-03 23:15:57,438 [INFO] ✅ 提取成功:
2025-09-03 23:15:57,438 [INFO]    PROGRAM-ID: MAET8600
2025-09-03 23:15:57,438 [INFO]    PROGRAM-NAME: ＡＣＰ同一人識別番号付加処理
2025-09-03 23:15:57,438 [INFO]    PATTERN-ID: UZ0Q07
2025-09-03 23:15:59,451 [INFO] 开始解析SECTION ID - 文件: MAET8600.ipo 程序ID: MAET8600
2025-09-03 23:15:59,452 [INFO] 成功读取 602 行
2025-09-03 23:15:59,453 [INFO] 找到SECTION ID: CONFIGURATION (行 22)
2025-09-03 23:15:59,453 [INFO] 找到SECTION ID: INPUT-OUTPUT (行 27)
2025-09-03 23:15:59,453 [INFO] 找到SECTION ID: FILE (行 40)
2025-09-03 23:15:59,454 [INFO] 找到SECTION ID: WORKING-STORAGE (行 60)
2025-09-03 23:15:59,456 [INFO] 找到SECTION ID: LINKAGE (行 267)
2025-09-03 23:15:59,457 [INFO] 找到SECTION ID: ＭＡＥＴ８６００−ＭＡＩＮ (行 287)
2025-09-03 23:15:59,457 [INFO] 找到SECTION ID: Ｓ０００−初期処理 (行 307)
2025-09-03 23:15:59,457 [INFO] 找到SECTION ID: Ｓ２００−ワークエリア初期化処理 (行 356)
2025-09-03 23:15:59,458 [INFO] 找到SECTION ID: Ｍ０００−主処理 (行 382)
2025-09-03 23:15:59,459 [INFO] 找到SECTION ID: Ｅ０００−終了処理 (行 428)
2025-09-03 23:15:59,459 [INFO] 找到SECTION ID: Ｅ１００−入出力件数表示処理 (行 449)
2025-09-03 23:15:59,460 [INFO] 找到SECTION ID: Ｅ１１０−件数出力処理 (行 480)
2025-09-03 23:15:59,460 [INFO] 找到SECTION ID: Ｒ１００−マスタ入力処理 (行 514)
2025-09-03 23:15:59,461 [INFO] 找到SECTION ID: Ｒ２００−トラン入力処理 (行 538)
2025-09-03 23:15:59,461 [INFO] 找到SECTION ID: Ｗ１００−主口座データ同一人識別番号付加データの編集出力処理 (行 562)
2025-09-03 23:15:59,462 [INFO] 找到SECTION ID: ＺＡ００−メッセージ出力処理 (行 591)
2025-09-03 23:15:59,462 [INFO] 成功提取 11 个SECTION ID
2025-09-03 23:17:08,069 [INFO] 🔍 开始解析文件: MAQR6100.ipo
2025-09-03 23:17:08,069 [INFO] 📋 程序ID: MAQR6100
2025-09-03 23:17:08,071 [INFO] 📖 成功读取 15 行
2025-09-03 23:17:08,072 [INFO] 🎯 找到PROGRAM-ID: MAQR6100
2025-09-03 23:17:08,072 [INFO] 🎯 找到PROGRAM-NAME: ＡＣＰ提携重複勘定再設定勘定設定例外事項Ｃ／Ｃデータ作成
2025-09-03 23:17:08,072 [INFO] 🎯 找到PATTERN-ID: UZ0Q06
2025-09-03 23:17:08,072 [INFO] ✅ 提取成功:
2025-09-03 23:17:08,072 [INFO]    PROGRAM-ID: MAQR6100
2025-09-03 23:17:08,072 [INFO]    PROGRAM-NAME: ＡＣＰ提携重複勘定再設定勘定設定例外事項Ｃ／Ｃデータ作成
2025-09-03 23:17:08,072 [INFO]    PATTERN-ID: UZ0Q06
2025-09-03 23:17:20,062 [INFO] 🔍 开始解析文件: MAQR5600.ipo
2025-09-03 23:17:20,062 [INFO] 📋 程序ID: MAQR5600
2025-09-03 23:17:20,064 [INFO] 📖 成功读取 15 行
2025-09-03 23:17:20,064 [INFO] 🎯 找到PROGRAM-ID: MAQR5600
2025-09-03 23:17:20,064 [INFO] 🎯 找到PROGRAM-NAME: ＡＣＰ提携ＮＩＳＡ口座移管更新Ｃ／Ｃデータ作成
2025-09-03 23:17:20,065 [INFO] 🎯 找到PATTERN-ID: UZ0Q06
2025-09-03 23:17:20,065 [INFO] ✅ 提取成功:
2025-09-03 23:17:20,065 [INFO]    PROGRAM-ID: MAQR5600
2025-09-03 23:17:20,065 [INFO]    PROGRAM-NAME: ＡＣＰ提携ＮＩＳＡ口座移管更新Ｃ／Ｃデータ作成
2025-09-03 23:17:20,065 [INFO]    PATTERN-ID: UZ0Q06
2025-09-03 23:17:26,608 [INFO] 🔍 开始解析文件: MAQR6100.ipo
2025-09-03 23:17:26,608 [INFO] 📋 程序ID: MAQR6100
2025-09-03 23:17:26,608 [INFO] 📖 成功读取 15 行
2025-09-03 23:17:26,608 [INFO] 🎯 找到PROGRAM-ID: MAQR6100
2025-09-03 23:17:26,608 [INFO] 🎯 找到PROGRAM-NAME: ＡＣＰ提携重複勘定再設定勘定設定例外事項Ｃ／Ｃデータ作成
2025-09-03 23:17:26,609 [INFO] 🎯 找到PATTERN-ID: UZ0Q06
2025-09-03 23:17:26,609 [INFO] ✅ 提取成功:
2025-09-03 23:17:26,609 [INFO]    PROGRAM-ID: MAQR6100
2025-09-03 23:17:26,609 [INFO]    PROGRAM-NAME: ＡＣＰ提携重複勘定再設定勘定設定例外事項Ｃ／Ｃデータ作成
2025-09-03 23:17:26,609 [INFO]    PATTERN-ID: UZ0Q06
2025-09-03 23:17:40,984 [INFO] 🔍 开始解析文件: MAQR6100.ipo
2025-09-03 23:17:40,984 [INFO] 📋 程序ID: MAQR6100
2025-09-03 23:17:40,986 [INFO] 📖 成功读取 15 行
2025-09-03 23:17:40,986 [INFO] 🎯 找到PROGRAM-ID: MAQR6100
2025-09-03 23:17:40,986 [INFO] 🎯 找到PROGRAM-NAME: ＡＣＰ提携重複勘定再設定勘定設定例外事項Ｃ／Ｃデータ作成
2025-09-03 23:17:40,986 [INFO] 🎯 找到PATTERN-ID: UZ0Q06
2025-09-03 23:17:40,986 [INFO] ✅ 提取成功:
2025-09-03 23:17:40,986 [INFO]    PROGRAM-ID: MAQR6100
2025-09-03 23:17:40,986 [INFO]    PROGRAM-NAME: ＡＣＰ提携重複勘定再設定勘定設定例外事項Ｃ／Ｃデータ作成
2025-09-03 23:17:40,986 [INFO]    PATTERN-ID: UZ0Q06
2025-09-03 23:17:47,963 [INFO] 🔍 开始解析文件: MAET8600.ipo
2025-09-03 23:17:47,963 [INFO] 📋 程序ID: MAET8600
2025-09-03 23:17:47,964 [INFO] 📖 成功读取 15 行
2025-09-03 23:17:47,964 [INFO] 🎯 找到PROGRAM-ID: MAET8600
2025-09-03 23:17:47,964 [INFO] 🎯 找到PROGRAM-NAME: ＡＣＰ同一人識別番号付加処理
2025-09-03 23:17:47,965 [INFO] 🎯 找到PATTERN-ID: UZ0Q07
2025-09-03 23:17:47,965 [INFO] ✅ 提取成功:
2025-09-03 23:17:47,965 [INFO]    PROGRAM-ID: MAET8600
2025-09-03 23:17:47,965 [INFO]    PROGRAM-NAME: ＡＣＰ同一人識別番号付加処理
2025-09-03 23:17:47,965 [INFO]    PATTERN-ID: UZ0Q07
2025-09-03 23:17:56,570 [INFO] 🔍 开始解析文件: MAQR6100.ipo
2025-09-03 23:17:56,570 [INFO] 📋 程序ID: MAQR6100
2025-09-03 23:17:56,571 [INFO] 📖 成功读取 15 行
2025-09-03 23:17:56,571 [INFO] 🎯 找到PROGRAM-ID: MAQR6100
2025-09-03 23:17:56,571 [INFO] 🎯 找到PROGRAM-NAME: ＡＣＰ提携重複勘定再設定勘定設定例外事項Ｃ／Ｃデータ作成
2025-09-03 23:17:56,571 [INFO] 🎯 找到PATTERN-ID: UZ0Q06
2025-09-03 23:17:56,571 [INFO] ✅ 提取成功:
2025-09-03 23:17:56,571 [INFO]    PROGRAM-ID: MAQR6100
2025-09-03 23:17:56,571 [INFO]    PROGRAM-NAME: ＡＣＰ提携重複勘定再設定勘定設定例外事項Ｃ／Ｃデータ作成
2025-09-03 23:17:56,571 [INFO]    PATTERN-ID: UZ0Q06
2025-09-03 23:18:03,422 [INFO] 🔍 开始解析文件: MAET8600.ipo
2025-09-03 23:18:03,423 [INFO] 📋 程序ID: MAET8600
2025-09-03 23:18:03,423 [INFO] 📖 成功读取 15 行
2025-09-03 23:18:03,423 [INFO] 🎯 找到PROGRAM-ID: MAET8600
2025-09-03 23:18:03,423 [INFO] 🎯 找到PROGRAM-NAME: ＡＣＰ同一人識別番号付加処理
2025-09-03 23:18:03,423 [INFO] 🎯 找到PATTERN-ID: UZ0Q07
2025-09-03 23:18:03,423 [INFO] ✅ 提取成功:
2025-09-03 23:18:03,423 [INFO]    PROGRAM-ID: MAET8600
2025-09-03 23:18:03,424 [INFO]    PROGRAM-NAME: ＡＣＰ同一人識別番号付加処理
2025-09-03 23:18:03,424 [INFO]    PATTERN-ID: UZ0Q07
2025-09-03 23:18:05,661 [INFO] 开始解析SECTION ID - 文件: MAET8600.ipo 程序ID: MAET8600
2025-09-03 23:18:05,662 [INFO] 成功读取 602 行
2025-09-03 23:18:05,663 [INFO] 找到SECTION ID: CONFIGURATION (行 22)
2025-09-03 23:18:05,663 [INFO] 找到SECTION ID: INPUT-OUTPUT (行 27)
2025-09-03 23:18:05,663 [INFO] 找到SECTION ID: FILE (行 40)
2025-09-03 23:18:05,664 [INFO] 找到SECTION ID: WORKING-STORAGE (行 60)
2025-09-03 23:18:05,667 [INFO] 找到SECTION ID: LINKAGE (行 267)
2025-09-03 23:18:05,667 [INFO] 找到SECTION ID: ＭＡＥＴ８６００−ＭＡＩＮ (行 287)
2025-09-03 23:18:05,668 [INFO] 找到SECTION ID: Ｓ０００−初期処理 (行 307)
2025-09-03 23:18:05,668 [INFO] 找到SECTION ID: Ｓ２００−ワークエリア初期化処理 (行 356)
2025-09-03 23:18:05,669 [INFO] 找到SECTION ID: Ｍ０００−主処理 (行 382)
2025-09-03 23:18:05,669 [INFO] 找到SECTION ID: Ｅ０００−終了処理 (行 428)
2025-09-03 23:18:05,670 [INFO] 找到SECTION ID: Ｅ１００−入出力件数表示処理 (行 449)
2025-09-03 23:18:05,670 [INFO] 找到SECTION ID: Ｅ１１０−件数出力処理 (行 480)
2025-09-03 23:18:05,671 [INFO] 找到SECTION ID: Ｒ１００−マスタ入力処理 (行 514)
2025-09-03 23:18:05,671 [INFO] 找到SECTION ID: Ｒ２００−トラン入力処理 (行 538)
2025-09-03 23:18:05,672 [INFO] 找到SECTION ID: Ｗ１００−主口座データ同一人識別番号付加データの編集出力処理 (行 562)
2025-09-03 23:18:05,672 [INFO] 找到SECTION ID: ＺＡ００−メッセージ出力処理 (行 591)
2025-09-03 23:18:05,672 [INFO] 成功提取 11 个SECTION ID
2025-09-06 20:33:14,743 [INFO] 🔍 开始解析文件: MAET8600.ipo
2025-09-06 20:33:14,745 [INFO] 📋 程序ID: MAET8600
2025-09-06 20:33:14,756 [INFO] 📖 成功读取 15 行
2025-09-06 20:33:14,756 [INFO] 🎯 找到PROGRAM-ID: MAET8600
2025-09-06 20:33:14,756 [INFO] 🎯 找到PROGRAM-NAME: ＡＣＰ同一人識別番号付加処理
2025-09-06 20:33:14,756 [INFO] 🎯 找到PATTERN-ID: UZ0Q07
2025-09-06 20:33:14,756 [INFO] ✅ 提取成功:
2025-09-06 20:33:14,756 [INFO]    PROGRAM-ID: MAET8600
2025-09-06 20:33:14,756 [INFO]    PROGRAM-NAME: ＡＣＰ同一人識別番号付加処理
2025-09-06 20:33:14,756 [INFO]    PATTERN-ID: UZ0Q07
2025-09-06 20:34:25,058 [INFO] 🔍 开始解析文件: MAET8600.ipo
2025-09-06 20:34:25,058 [INFO] 📋 程序ID: MAET8600
2025-09-06 20:34:25,060 [INFO] 📖 成功读取 15 行
2025-09-06 20:34:25,060 [INFO] 🎯 找到PROGRAM-ID: MAET8600
2025-09-06 20:34:25,060 [INFO] 🎯 找到PROGRAM-NAME: ＡＣＰ同一人識別番号付加処理
2025-09-06 20:34:25,060 [INFO] 🎯 找到PATTERN-ID: UZ0Q07
2025-09-06 20:34:25,060 [INFO] ✅ 提取成功:
2025-09-06 20:34:25,060 [INFO]    PROGRAM-ID: MAET8600
2025-09-06 20:34:25,061 [INFO]    PROGRAM-NAME: ＡＣＰ同一人識別番号付加処理
2025-09-06 20:34:25,061 [INFO]    PATTERN-ID: UZ0Q07
2025-09-06 22:57:22,073 [INFO] 🔍 开始解析文件: MAET8600.ipo
2025-09-06 22:57:22,076 [INFO] 📋 程序ID: MAET8600
2025-09-06 22:57:22,093 [INFO] 📖 成功读取 15 行
2025-09-06 22:57:22,093 [INFO] 🎯 找到PROGRAM-ID: MAET8600
2025-09-06 22:57:22,093 [INFO] 🎯 找到PROGRAM-NAME: ＡＣＰ同一人識別番号付加処理
2025-09-06 22:57:22,093 [INFO] 🎯 找到PATTERN-ID: UZ0Q07
2025-09-06 22:57:22,093 [INFO] ✅ 提取成功:
2025-09-06 22:57:22,093 [INFO]    PROGRAM-ID: MAET8600
2025-09-06 22:57:22,093 [INFO]    PROGRAM-NAME: ＡＣＰ同一人識別番号付加処理
2025-09-06 22:57:22,093 [INFO]    PATTERN-ID: UZ0Q07
2025-09-06 22:57:28,387 [INFO] 🔍 开始解析文件: MAQR5600.ipo
2025-09-06 22:57:28,388 [INFO] 📋 程序ID: MAQR5600
2025-09-06 22:57:28,389 [INFO] 📖 成功读取 15 行
2025-09-06 22:57:28,389 [INFO] 🎯 找到PROGRAM-ID: MAQR5600
2025-09-06 22:57:28,389 [INFO] 🎯 找到PROGRAM-NAME: ＡＣＰ提携ＮＩＳＡ口座移管更新Ｃ／Ｃデータ作成
2025-09-06 22:57:28,389 [INFO] 🎯 找到PATTERN-ID: UZ0Q06
2025-09-06 22:57:28,389 [INFO] ✅ 提取成功:
2025-09-06 22:57:28,389 [INFO]    PROGRAM-ID: MAQR5600
2025-09-06 22:57:28,389 [INFO]    PROGRAM-NAME: ＡＣＰ提携ＮＩＳＡ口座移管更新Ｃ／Ｃデータ作成
2025-09-06 22:57:28,389 [INFO]    PATTERN-ID: UZ0Q06
2025-09-06 22:57:35,516 [INFO] 🔍 开始解析文件: MAQR5600.ipo
2025-09-06 22:57:35,516 [INFO] 📋 程序ID: MAQR5600
2025-09-06 22:57:35,516 [INFO] 📖 成功读取 15 行
2025-09-06 22:57:35,517 [INFO] 🎯 找到PROGRAM-ID: MAQR5600
2025-09-06 22:57:35,517 [INFO] 🎯 找到PROGRAM-NAME: ＡＣＰ提携ＮＩＳＡ口座移管更新Ｃ／Ｃデータ作成
2025-09-06 22:57:35,517 [INFO] 🎯 找到PATTERN-ID: UZ0Q06
2025-09-06 22:57:35,517 [INFO] ✅ 提取成功:
2025-09-06 22:57:35,517 [INFO]    PROGRAM-ID: MAQR5600
2025-09-06 22:57:35,517 [INFO]    PROGRAM-NAME: ＡＣＰ提携ＮＩＳＡ口座移管更新Ｃ／Ｃデータ作成
2025-09-06 22:57:35,517 [INFO]    PATTERN-ID: UZ0Q06
2025-09-06 22:57:37,629 [INFO] 开始解析SECTION ID - 文件: MAQR5600.ipo 程序ID: MAQR5600
2025-09-06 22:57:37,630 [INFO] 成功读取 810 行
2025-09-06 22:57:37,631 [INFO] 找到SECTION ID: CONFIGURATION (行 21)
2025-09-06 22:57:37,632 [INFO] 找到SECTION ID: INPUT-OUTPUT (行 26)
2025-09-06 22:57:37,632 [INFO] 找到SECTION ID: FILE (行 38)
2025-09-06 22:57:37,632 [INFO] 找到SECTION ID: WORKING-STORAGE (行 60)
2025-09-06 22:57:37,636 [INFO] 找到SECTION ID: LINKAGE (行 317)
2025-09-06 22:57:37,636 [INFO] 找到SECTION ID: ＭＡＱＲ５６００−ＭＡＩＮ (行 337)
2025-09-06 22:57:37,636 [INFO] 找到SECTION ID: Ｓ０００−初期処理 (行 355)
2025-09-06 22:57:37,637 [INFO] 找到SECTION ID: Ｓ１００−ワークエリア初期化処理 (行 396)
2025-09-06 22:57:37,638 [INFO] 找到SECTION ID: Ｍ０００−主処理 (行 424)
2025-09-06 22:57:37,639 [INFO] 找到SECTION ID: Ｅ０００−終了処理 (行 456)
2025-09-06 22:57:37,639 [INFO] 找到SECTION ID: Ｅ１００−入出力件数出力処理 (行 477)
2025-09-06 22:57:37,640 [INFO] 找到SECTION ID: Ｅ１１０−ジョブログ出力処理 (行 514)
2025-09-06 22:57:37,641 [INFO] 找到SECTION ID: Ｒ１００−マスタ入力処理 (行 550)
2025-09-06 22:57:37,641 [INFO] 找到SECTION ID: Ｒ２００−トラン入力処理 (行 573)
2025-09-06 22:57:37,642 [INFO] 找到SECTION ID: Ｗ１００−編集出力処理 (行 596)
2025-09-06 22:57:37,645 [INFO] 找到SECTION ID: Ｗ１１０−年齢計算処理 (行 746)
2025-09-06 22:57:37,646 [INFO] 找到SECTION ID: ＺＡ００−メッセージ出力処理 (行 785)
2025-09-06 22:57:37,646 [INFO] 找到SECTION ID: ＺＺ００−異常終了処理 (行 798)
2025-09-06 22:57:37,647 [INFO] 成功提取 13 个SECTION ID
2025-09-06 23:10:11,061 [INFO] 🔍 开始解析文件: MAQR5600.ipo
2025-09-06 23:10:11,061 [INFO] 📋 程序ID: MAQR5600
2025-09-06 23:10:11,063 [INFO] 📖 成功读取 15 行
2025-09-06 23:10:11,063 [INFO] 🎯 找到PROGRAM-ID: MAQR5600
2025-09-06 23:10:11,063 [INFO] 🎯 找到PROGRAM-NAME: ＡＣＰ提携ＮＩＳＡ口座移管更新Ｃ／Ｃデータ作成
2025-09-06 23:10:11,064 [INFO] 🎯 找到PATTERN-ID: UZ0Q06
2025-09-06 23:10:11,064 [INFO] ✅ 提取成功:
2025-09-06 23:10:11,064 [INFO]    PROGRAM-ID: MAQR5600
2025-09-06 23:10:11,064 [INFO]    PROGRAM-NAME: ＡＣＰ提携ＮＩＳＡ口座移管更新Ｃ／Ｃデータ作成
2025-09-06 23:10:11,064 [INFO]    PATTERN-ID: UZ0Q06
2025-09-07 08:08:24,916 [INFO] 🔍 开始解析文件: MAQR6100.ipo
2025-09-07 08:08:24,919 [INFO] 📋 程序ID: MAQR6100
2025-09-07 08:08:24,940 [INFO] 📖 成功读取 15 行
2025-09-07 08:08:24,940 [INFO] 🎯 找到PROGRAM-ID: MAQR6100
2025-09-07 08:08:24,940 [INFO] 🎯 找到PROGRAM-NAME: ＡＣＰ提携重複勘定再設定勘定設定例外事項Ｃ／Ｃデータ作成
2025-09-07 08:08:24,940 [INFO] 🎯 找到PATTERN-ID: UZ0Q06
2025-09-07 08:08:24,940 [INFO] ✅ 提取成功:
2025-09-07 08:08:24,940 [INFO]    PROGRAM-ID: MAQR6100
2025-09-07 08:08:24,941 [INFO]    PROGRAM-NAME: ＡＣＰ提携重複勘定再設定勘定設定例外事項Ｃ／Ｃデータ作成
2025-09-07 08:08:24,941 [INFO]    PATTERN-ID: UZ0Q06
2025-09-07 08:08:31,824 [INFO] 🔍 开始解析文件: MAQR5600.ipo
2025-09-07 08:08:31,824 [INFO] 📋 程序ID: MAQR5600
2025-09-07 08:08:31,825 [INFO] 📖 成功读取 15 行
2025-09-07 08:08:31,825 [INFO] 🎯 找到PROGRAM-ID: MAQR5600
2025-09-07 08:08:31,825 [INFO] 🎯 找到PROGRAM-NAME: ＡＣＰ提携ＮＩＳＡ口座移管更新Ｃ／Ｃデータ作成
2025-09-07 08:08:31,825 [INFO] 🎯 找到PATTERN-ID: UZ0Q06
2025-09-07 08:08:31,825 [INFO] ✅ 提取成功:
2025-09-07 08:08:31,825 [INFO]    PROGRAM-ID: MAQR5600
2025-09-07 08:08:31,825 [INFO]    PROGRAM-NAME: ＡＣＰ提携ＮＩＳＡ口座移管更新Ｃ／Ｃデータ作成
2025-09-07 08:08:31,825 [INFO]    PATTERN-ID: UZ0Q06
2025-09-07 08:08:38,359 [INFO] 🔍 开始解析文件: MAET8600.ipo
2025-09-07 08:08:38,359 [INFO] 📋 程序ID: MAET8600
2025-09-07 08:08:38,360 [INFO] 📖 成功读取 15 行
2025-09-07 08:08:38,360 [INFO] 🎯 找到PROGRAM-ID: MAET8600
2025-09-07 08:08:38,360 [INFO] 🎯 找到PROGRAM-NAME: ＡＣＰ同一人識別番号付加処理
2025-09-07 08:08:38,360 [INFO] 🎯 找到PATTERN-ID: UZ0Q07
2025-09-07 08:08:38,360 [INFO] ✅ 提取成功:
2025-09-07 08:08:38,360 [INFO]    PROGRAM-ID: MAET8600
2025-09-07 08:08:38,361 [INFO]    PROGRAM-NAME: ＡＣＰ同一人識別番号付加処理
2025-09-07 08:08:38,361 [INFO]    PATTERN-ID: UZ0Q07
2025-09-07 08:20:10,201 [INFO] 🔍 开始解析文件: MAQR6100.ipo
2025-09-07 08:20:10,201 [INFO] 📋 程序ID: MAQR6100
2025-09-07 08:20:10,204 [INFO] 📖 成功读取 15 行
2025-09-07 08:20:10,204 [INFO] 🎯 找到PROGRAM-ID: MAQR6100
2025-09-07 08:20:10,204 [INFO] 🎯 找到PROGRAM-NAME: ＡＣＰ提携重複勘定再設定勘定設定例外事項Ｃ／Ｃデータ作成
2025-09-07 08:20:10,204 [INFO] 🎯 找到PATTERN-ID: UZ0Q06
2025-09-07 08:20:10,204 [INFO] ✅ 提取成功:
2025-09-07 08:20:10,205 [INFO]    PROGRAM-ID: MAQR6100
2025-09-07 08:20:10,205 [INFO]    PROGRAM-NAME: ＡＣＰ提携重複勘定再設定勘定設定例外事項Ｃ／Ｃデータ作成
2025-09-07 08:20:10,205 [INFO]    PATTERN-ID: UZ0Q06
2025-09-07 08:22:17,783 [INFO] 🔍 开始解析文件: MAET8600.ipo
2025-09-07 08:22:17,783 [INFO] 📋 程序ID: MAET8600
2025-09-07 08:22:17,785 [INFO] 📖 成功读取 15 行
2025-09-07 08:22:17,786 [INFO] 🎯 找到PROGRAM-ID: MAET8600
2025-09-07 08:22:17,786 [INFO] 🎯 找到PROGRAM-NAME: ＡＣＰ同一人識別番号付加処理
2025-09-07 08:22:17,786 [INFO] 🎯 找到PATTERN-ID: UZ0Q07
2025-09-07 08:22:17,786 [INFO] ✅ 提取成功:
2025-09-07 08:22:17,786 [INFO]    PROGRAM-ID: MAET8600
2025-09-07 08:22:17,786 [INFO]    PROGRAM-NAME: ＡＣＰ同一人識別番号付加処理
2025-09-07 08:22:17,786 [INFO]    PATTERN-ID: UZ0Q07
2025-09-07 08:22:20,254 [INFO] 开始解析SECTION ID - 文件: MAET8600.ipo 程序ID: MAET8600
2025-09-07 08:22:20,255 [INFO] 成功读取 602 行
2025-09-07 08:22:20,256 [INFO] 找到SECTION ID: CONFIGURATION (行 22)
2025-09-07 08:22:20,256 [INFO] 找到SECTION ID: INPUT-OUTPUT (行 27)
2025-09-07 08:22:20,257 [INFO] 找到SECTION ID: FILE (行 40)
2025-09-07 08:22:20,257 [INFO] 找到SECTION ID: WORKING-STORAGE (行 60)
2025-09-07 08:22:20,260 [INFO] 找到SECTION ID: LINKAGE (行 267)
2025-09-07 08:22:20,260 [INFO] 找到SECTION ID: ＭＡＥＴ８６００−ＭＡＩＮ (行 287)
2025-09-07 08:22:20,260 [INFO] 找到SECTION ID: Ｓ０００−初期処理 (行 307)
2025-09-07 08:22:20,261 [INFO] 找到SECTION ID: Ｓ２００−ワークエリア初期化処理 (行 356)
2025-09-07 08:22:20,262 [INFO] 找到SECTION ID: Ｍ０００−主処理 (行 382)
2025-09-07 08:22:20,262 [INFO] 找到SECTION ID: Ｅ０００−終了処理 (行 428)
2025-09-07 08:22:20,263 [INFO] 找到SECTION ID: Ｅ１００−入出力件数表示処理 (行 449)
2025-09-07 08:22:20,263 [INFO] 找到SECTION ID: Ｅ１１０−件数出力処理 (行 480)
2025-09-07 08:22:20,264 [INFO] 找到SECTION ID: Ｒ１００−マスタ入力処理 (行 514)
2025-09-07 08:22:20,264 [INFO] 找到SECTION ID: Ｒ２００−トラン入力処理 (行 538)
2025-09-07 08:22:20,265 [INFO] 找到SECTION ID: Ｗ１００−主口座データ同一人識別番号付加データの編集出力処理 (行 562)
2025-09-07 08:22:20,265 [INFO] 找到SECTION ID: ＺＡ００−メッセージ出力処理 (行 591)
2025-09-07 08:22:20,266 [INFO] 成功提取 11 个SECTION ID
2025-09-07 08:22:29,866 [INFO] 🔍 开始解析文件: MAQR5600.ipo
2025-09-07 08:22:29,866 [INFO] 📋 程序ID: MAQR5600
2025-09-07 08:22:29,867 [INFO] 📖 成功读取 15 行
2025-09-07 08:22:29,867 [INFO] 🎯 找到PROGRAM-ID: MAQR5600
2025-09-07 08:22:29,867 [INFO] 🎯 找到PROGRAM-NAME: ＡＣＰ提携ＮＩＳＡ口座移管更新Ｃ／Ｃデータ作成
2025-09-07 08:22:29,867 [INFO] 🎯 找到PATTERN-ID: UZ0Q06
2025-09-07 08:22:29,867 [INFO] ✅ 提取成功:
2025-09-07 08:22:29,867 [INFO]    PROGRAM-ID: MAQR5600
2025-09-07 08:22:29,867 [INFO]    PROGRAM-NAME: ＡＣＰ提携ＮＩＳＡ口座移管更新Ｃ／Ｃデータ作成
2025-09-07 08:22:29,867 [INFO]    PATTERN-ID: UZ0Q06
2025-09-07 08:24:14,006 [INFO] 🔍 开始解析文件: MAQR5600.ipo
2025-09-07 08:24:14,006 [INFO] 📋 程序ID: MAQR5600
2025-09-07 08:24:14,008 [INFO] 📖 成功读取 15 行
2025-09-07 08:24:14,008 [INFO] 🎯 找到PROGRAM-ID: MAQR5600
2025-09-07 08:24:14,008 [INFO] 🎯 找到PROGRAM-NAME: ＡＣＰ提携ＮＩＳＡ口座移管更新Ｃ／Ｃデータ作成
2025-09-07 08:24:14,008 [INFO] 🎯 找到PATTERN-ID: UZ0Q06
2025-09-07 08:24:14,008 [INFO] ✅ 提取成功:
2025-09-07 08:24:14,008 [INFO]    PROGRAM-ID: MAQR5600
2025-09-07 08:24:14,008 [INFO]    PROGRAM-NAME: ＡＣＰ提携ＮＩＳＡ口座移管更新Ｃ／Ｃデータ作成
2025-09-07 08:24:14,008 [INFO]    PATTERN-ID: UZ0Q06
2025-09-07 08:24:20,353 [INFO] 🔍 开始解析文件: MAQR5600.ipo
2025-09-07 08:24:20,353 [INFO] 📋 程序ID: MAQR5600
2025-09-07 08:24:20,354 [INFO] 📖 成功读取 15 行
2025-09-07 08:24:20,354 [INFO] 🎯 找到PROGRAM-ID: MAQR5600
2025-09-07 08:24:20,354 [INFO] 🎯 找到PROGRAM-NAME: ＡＣＰ提携ＮＩＳＡ口座移管更新Ｃ／Ｃデータ作成
2025-09-07 08:24:20,354 [INFO] 🎯 找到PATTERN-ID: UZ0Q06
2025-09-07 08:24:20,354 [INFO] ✅ 提取成功:
2025-09-07 08:24:20,354 [INFO]    PROGRAM-ID: MAQR5600
2025-09-07 08:24:20,354 [INFO]    PROGRAM-NAME: ＡＣＰ提携ＮＩＳＡ口座移管更新Ｃ／Ｃデータ作成
2025-09-07 08:24:20,354 [INFO]    PATTERN-ID: UZ0Q06
2025-09-07 08:24:21,741 [INFO] 开始解析SECTION ID - 文件: MAQR5600.ipo 程序ID: MAQR5600
2025-09-07 08:24:21,742 [INFO] 成功读取 810 行
2025-09-07 08:24:21,743 [INFO] 找到SECTION ID: CONFIGURATION (行 21)
2025-09-07 08:24:21,743 [INFO] 找到SECTION ID: INPUT-OUTPUT (行 26)
2025-09-07 08:24:21,744 [INFO] 找到SECTION ID: FILE (行 38)
2025-09-07 08:24:21,744 [INFO] 找到SECTION ID: WORKING-STORAGE (行 60)
2025-09-07 08:24:21,748 [INFO] 找到SECTION ID: LINKAGE (行 317)
2025-09-07 08:24:21,748 [INFO] 找到SECTION ID: ＭＡＱＲ５６００−ＭＡＩＮ (行 337)
2025-09-07 08:24:21,748 [INFO] 找到SECTION ID: Ｓ０００−初期処理 (行 355)
2025-09-07 08:24:21,749 [INFO] 找到SECTION ID: Ｓ１００−ワークエリア初期化処理 (行 396)
2025-09-07 08:24:21,750 [INFO] 找到SECTION ID: Ｍ０００−主処理 (行 424)
2025-09-07 08:24:21,750 [INFO] 找到SECTION ID: Ｅ０００−終了処理 (行 456)
2025-09-07 08:24:21,751 [INFO] 找到SECTION ID: Ｅ１００−入出力件数出力処理 (行 477)
2025-09-07 08:24:21,751 [INFO] 找到SECTION ID: Ｅ１１０−ジョブログ出力処理 (行 514)
2025-09-07 08:24:21,752 [INFO] 找到SECTION ID: Ｒ１００−マスタ入力処理 (行 550)
2025-09-07 08:24:21,752 [INFO] 找到SECTION ID: Ｒ２００−トラン入力処理 (行 573)
2025-09-07 08:24:21,753 [INFO] 找到SECTION ID: Ｗ１００−編集出力処理 (行 596)
2025-09-07 08:24:21,756 [INFO] 找到SECTION ID: Ｗ１１０−年齢計算処理 (行 746)
2025-09-07 08:24:21,757 [INFO] 找到SECTION ID: ＺＡ００−メッセージ出力処理 (行 785)
2025-09-07 08:24:21,757 [INFO] 找到SECTION ID: ＺＺ００−異常終了処理 (行 798)
2025-09-07 08:24:21,757 [INFO] 成功提取 13 个SECTION ID
2025-09-07 08:24:32,040 [INFO] 🔍 开始解析文件: MAET8600.ipo
2025-09-07 08:24:32,040 [INFO] 📋 程序ID: MAET8600
2025-09-07 08:24:32,040 [INFO] 📖 成功读取 15 行
2025-09-07 08:24:32,040 [INFO] 🎯 找到PROGRAM-ID: MAET8600
2025-09-07 08:24:32,041 [INFO] 🎯 找到PROGRAM-NAME: ＡＣＰ同一人識別番号付加処理
2025-09-07 08:24:32,041 [INFO] 🎯 找到PATTERN-ID: UZ0Q07
2025-09-07 08:24:32,041 [INFO] ✅ 提取成功:
2025-09-07 08:24:32,041 [INFO]    PROGRAM-ID: MAET8600
2025-09-07 08:24:32,041 [INFO]    PROGRAM-NAME: ＡＣＰ同一人識別番号付加処理
2025-09-07 08:24:32,041 [INFO]    PATTERN-ID: UZ0Q07
2025-09-07 08:24:38,511 [INFO] 🔍 开始解析文件: MAQR5600.ipo
2025-09-07 08:24:38,511 [INFO] 📋 程序ID: MAQR5600
2025-09-07 08:24:38,511 [INFO] 📖 成功读取 15 行
2025-09-07 08:24:38,511 [INFO] 🎯 找到PROGRAM-ID: MAQR5600
2025-09-07 08:24:38,512 [INFO] 🎯 找到PROGRAM-NAME: ＡＣＰ提携ＮＩＳＡ口座移管更新Ｃ／Ｃデータ作成
2025-09-07 08:24:38,512 [INFO] 🎯 找到PATTERN-ID: UZ0Q06
2025-09-07 08:24:38,512 [INFO] ✅ 提取成功:
2025-09-07 08:24:38,512 [INFO]    PROGRAM-ID: MAQR5600
2025-09-07 08:24:38,512 [INFO]    PROGRAM-NAME: ＡＣＰ提携ＮＩＳＡ口座移管更新Ｃ／Ｃデータ作成
2025-09-07 08:24:38,512 [INFO]    PATTERN-ID: UZ0Q06
2025-09-07 08:25:18,369 [INFO] 🔍 开始解析文件: MAQR5600.ipo
2025-09-07 08:25:18,370 [INFO] 📋 程序ID: MAQR5600
2025-09-07 08:25:18,372 [INFO] 📖 成功读取 15 行
2025-09-07 08:25:18,372 [INFO] 🎯 找到PROGRAM-ID: MAQR5600
2025-09-07 08:25:18,372 [INFO] 🎯 找到PROGRAM-NAME: ＡＣＰ提携ＮＩＳＡ口座移管更新Ｃ／Ｃデータ作成
2025-09-07 08:25:18,373 [INFO] 🎯 找到PATTERN-ID: UZ0Q06
2025-09-07 08:25:18,373 [INFO] ✅ 提取成功:
2025-09-07 08:25:18,373 [INFO]    PROGRAM-ID: MAQR5600
2025-09-07 08:25:18,373 [INFO]    PROGRAM-NAME: ＡＣＰ提携ＮＩＳＡ口座移管更新Ｃ／Ｃデータ作成
2025-09-07 08:25:18,373 [INFO]    PATTERN-ID: UZ0Q06
2025-09-07 08:34:30,369 [INFO] 🔍 开始解析文件: MAQR5600.ipo
2025-09-07 08:34:30,369 [INFO] 📋 程序ID: MAQR5600
2025-09-07 08:34:30,371 [INFO] 📖 成功读取 15 行
2025-09-07 08:34:30,371 [INFO] 🎯 找到PROGRAM-ID: MAQR5600
2025-09-07 08:34:30,372 [INFO] 🎯 找到PROGRAM-NAME: ＡＣＰ提携ＮＩＳＡ口座移管更新Ｃ／Ｃデータ作成
2025-09-07 08:34:30,372 [INFO] 🎯 找到PATTERN-ID: UZ0Q06
2025-09-07 08:34:30,372 [INFO] ✅ 提取成功:
2025-09-07 08:34:30,372 [INFO]    PROGRAM-ID: MAQR5600
2025-09-07 08:34:30,372 [INFO]    PROGRAM-NAME: ＡＣＰ提携ＮＩＳＡ口座移管更新Ｃ／Ｃデータ作成
2025-09-07 08:34:30,372 [INFO]    PATTERN-ID: UZ0Q06
2025-09-07 08:34:34,448 [INFO] 开始解析SECTION ID - 文件: MAQR5600.ipo 程序ID: MAQR5600
2025-09-07 08:34:34,449 [INFO] 成功读取 810 行
2025-09-07 08:34:34,450 [INFO] 找到SECTION ID: CONFIGURATION (行 21)
2025-09-07 08:34:34,450 [INFO] 找到SECTION ID: INPUT-OUTPUT (行 26)
2025-09-07 08:34:34,451 [INFO] 找到SECTION ID: FILE (行 38)
2025-09-07 08:34:34,452 [INFO] 找到SECTION ID: WORKING-STORAGE (行 60)
2025-09-07 08:34:34,456 [INFO] 找到SECTION ID: LINKAGE (行 317)
2025-09-07 08:34:34,456 [INFO] 找到SECTION ID: ＭＡＱＲ５６００−ＭＡＩＮ (行 337)
2025-09-07 08:34:34,457 [INFO] 找到SECTION ID: Ｓ０００−初期処理 (行 355)
2025-09-07 08:34:34,457 [INFO] 找到SECTION ID: Ｓ１００−ワークエリア初期化処理 (行 396)
2025-09-07 08:34:34,458 [INFO] 找到SECTION ID: Ｍ０００−主処理 (行 424)
2025-09-07 08:34:34,458 [INFO] 找到SECTION ID: Ｅ０００−終了処理 (行 456)
2025-09-07 08:34:34,458 [INFO] 找到SECTION ID: Ｅ１００−入出力件数出力処理 (行 477)
2025-09-07 08:34:34,459 [INFO] 找到SECTION ID: Ｅ１１０−ジョブログ出力処理 (行 514)
2025-09-07 08:34:34,460 [INFO] 找到SECTION ID: Ｒ１００−マスタ入力処理 (行 550)
2025-09-07 08:34:34,460 [INFO] 找到SECTION ID: Ｒ２００−トラン入力処理 (行 573)
2025-09-07 08:34:34,460 [INFO] 找到SECTION ID: Ｗ１００−編集出力処理 (行 596)
2025-09-07 08:34:34,464 [INFO] 找到SECTION ID: Ｗ１１０−年齢計算処理 (行 746)
2025-09-07 08:34:34,465 [INFO] 找到SECTION ID: ＺＡ００−メッセージ出力処理 (行 785)
2025-09-07 08:34:34,465 [INFO] 找到SECTION ID: ＺＺ００−異常終了処理 (行 798)
2025-09-07 08:34:34,466 [INFO] 成功提取 13 个SECTION ID
2025-09-07 08:34:42,919 [INFO] 🔍 开始解析文件: MAQR6100.ipo
2025-09-07 08:34:42,919 [INFO] 📋 程序ID: MAQR6100
2025-09-07 08:34:42,920 [INFO] 📖 成功读取 15 行
2025-09-07 08:34:42,920 [INFO] 🎯 找到PROGRAM-ID: MAQR6100
2025-09-07 08:34:42,920 [INFO] 🎯 找到PROGRAM-NAME: ＡＣＰ提携重複勘定再設定勘定設定例外事項Ｃ／Ｃデータ作成
2025-09-07 08:34:42,920 [INFO] 🎯 找到PATTERN-ID: UZ0Q06
2025-09-07 08:34:42,920 [INFO] ✅ 提取成功:
2025-09-07 08:34:42,920 [INFO]    PROGRAM-ID: MAQR6100
2025-09-07 08:34:42,921 [INFO]    PROGRAM-NAME: ＡＣＰ提携重複勘定再設定勘定設定例外事項Ｃ／Ｃデータ作成
2025-09-07 08:34:42,921 [INFO]    PATTERN-ID: UZ0Q06
2025-09-07 08:34:49,389 [INFO] 🔍 开始解析文件: MAET8600.ipo
2025-09-07 08:34:49,389 [INFO] 📋 程序ID: MAET8600
2025-09-07 08:34:49,390 [INFO] 📖 成功读取 15 行
2025-09-07 08:34:49,390 [INFO] 🎯 找到PROGRAM-ID: MAET8600
2025-09-07 08:34:49,390 [INFO] 🎯 找到PROGRAM-NAME: ＡＣＰ同一人識別番号付加処理
2025-09-07 08:34:49,390 [INFO] 🎯 找到PATTERN-ID: UZ0Q07
2025-09-07 08:34:49,390 [INFO] ✅ 提取成功:
2025-09-07 08:34:49,390 [INFO]    PROGRAM-ID: MAET8600
2025-09-07 08:34:49,390 [INFO]    PROGRAM-NAME: ＡＣＰ同一人識別番号付加処理
2025-09-07 08:34:49,390 [INFO]    PATTERN-ID: UZ0Q07
2025-09-07 08:34:52,603 [INFO] 🔍 开始解析文件: MAQR6100.ipo
2025-09-07 08:34:52,603 [INFO] 📋 程序ID: MAQR6100
2025-09-07 08:34:52,603 [INFO] 📖 成功读取 15 行
2025-09-07 08:34:52,604 [INFO] 🎯 找到PROGRAM-ID: MAQR6100
2025-09-07 08:34:52,604 [INFO] 🎯 找到PROGRAM-NAME: ＡＣＰ提携重複勘定再設定勘定設定例外事項Ｃ／Ｃデータ作成
2025-09-07 08:34:52,604 [INFO] 🎯 找到PATTERN-ID: UZ0Q06
2025-09-07 08:34:52,604 [INFO] ✅ 提取成功:
2025-09-07 08:34:52,604 [INFO]    PROGRAM-ID: MAQR6100
2025-09-07 08:34:52,604 [INFO]    PROGRAM-NAME: ＡＣＰ提携重複勘定再設定勘定設定例外事項Ｃ／Ｃデータ作成
2025-09-07 08:34:52,604 [INFO]    PATTERN-ID: UZ0Q06
2025-09-07 08:34:56,839 [INFO] 🔍 开始解析文件: MAET8600 - コピー.ipo
2025-09-07 08:34:56,839 [INFO] 📋 程序ID: MAET8600 - コピー
2025-09-07 08:34:56,840 [INFO] 📖 成功读取 15 行
2025-09-07 08:34:56,840 [INFO] 🎯 找到PROGRAM-ID: MAET8600
2025-09-07 08:34:56,840 [INFO] 🎯 找到PROGRAM-NAME: ＡＣＰ同一人識別番号付加処理
2025-09-07 08:34:56,840 [INFO] 🎯 找到PATTERN-ID: UZ0Q07
2025-09-07 08:34:56,841 [INFO] ✅ 提取成功:
2025-09-07 08:34:56,841 [INFO]    PROGRAM-ID: MAET8600
2025-09-07 08:34:56,841 [INFO]    PROGRAM-NAME: ＡＣＰ同一人識別番号付加処理
2025-09-07 08:34:56,841 [INFO]    PATTERN-ID: UZ0Q07
2025-09-07 08:35:00,307 [INFO] 🔍 开始解析文件: MAQR6100.ipo
2025-09-07 08:35:00,307 [INFO] 📋 程序ID: MAQR6100
2025-09-07 08:35:00,308 [INFO] 📖 成功读取 15 行
2025-09-07 08:35:00,308 [INFO] 🎯 找到PROGRAM-ID: MAQR6100
2025-09-07 08:35:00,308 [INFO] 🎯 找到PROGRAM-NAME: ＡＣＰ提携重複勘定再設定勘定設定例外事項Ｃ／Ｃデータ作成
2025-09-07 08:35:00,308 [INFO] 🎯 找到PATTERN-ID: UZ0Q06
2025-09-07 08:35:00,308 [INFO] ✅ 提取成功:
2025-09-07 08:35:00,308 [INFO]    PROGRAM-ID: MAQR6100
2025-09-07 08:35:00,309 [INFO]    PROGRAM-NAME: ＡＣＰ提携重複勘定再設定勘定設定例外事項Ｃ／Ｃデータ作成
2025-09-07 08:35:00,309 [INFO]    PATTERN-ID: UZ0Q06
2025-09-07 08:35:06,660 [INFO] 🔍 开始解析文件: MBAC3900.ipo
2025-09-07 08:35:06,660 [INFO] 📋 程序ID: MBAC3900
2025-09-07 08:35:06,661 [INFO] 📖 成功读取 15 行
2025-09-07 08:35:06,661 [INFO] 🎯 找到PROGRAM-ID: MBAC3900
2025-09-07 08:35:06,661 [INFO] 🎯 找到PROGRAM-NAME: ＡＣＰ株式売買注文約定照会当日詳細（インターネット）
2025-09-07 08:35:06,661 [INFO] 🎯 找到PATTERN-ID: UZ0C08
2025-09-07 08:35:06,661 [INFO] ✅ 提取成功:
2025-09-07 08:35:06,661 [INFO]    PROGRAM-ID: MBAC3900
2025-09-07 08:35:06,661 [INFO]    PROGRAM-NAME: ＡＣＰ株式売買注文約定照会当日詳細（インターネット）
2025-09-07 08:35:06,661 [INFO]    PATTERN-ID: UZ0C08
2025-09-07 08:35:11,243 [INFO] 🔍 开始解析文件: MAEF7400.ipo
2025-09-07 08:35:11,243 [INFO] 📋 程序ID: MAEF7400
2025-09-07 08:35:11,244 [INFO] 📖 成功读取 15 行
2025-09-07 08:35:11,244 [INFO] 🎯 找到PROGRAM-ID: MAEF7400
2025-09-07 08:35:11,244 [INFO] 🎯 找到PROGRAM-NAME: ＡＣＰＮＩＳＡ口座移管更新Ｃ／Ｃ
2025-09-07 08:35:11,244 [INFO] 🎯 找到PATTERN-ID: UZ0C02
2025-09-07 08:35:11,244 [INFO] ✅ 提取成功:
2025-09-07 08:35:11,244 [INFO]    PROGRAM-ID: MAEF7400
2025-09-07 08:35:11,244 [INFO]    PROGRAM-NAME: ＡＣＰＮＩＳＡ口座移管更新Ｃ／Ｃ
2025-09-07 08:35:11,244 [INFO]    PATTERN-ID: UZ0C02
2025-09-07 08:35:25,245 [INFO] 🔍 开始解析文件: MAET8600.ipo
2025-09-07 08:35:25,245 [INFO] 📋 程序ID: MAET8600
2025-09-07 08:35:25,247 [INFO] 📖 成功读取 15 行
2025-09-07 08:35:25,248 [INFO] 🎯 找到PROGRAM-ID: MAET8600
2025-09-07 08:35:25,248 [INFO] 🎯 找到PROGRAM-NAME: ＡＣＰ同一人識別番号付加処理
2025-09-07 08:35:25,248 [INFO] 🎯 找到PATTERN-ID: UZ0Q07
2025-09-07 08:35:25,248 [INFO] ✅ 提取成功:
2025-09-07 08:35:25,248 [INFO]    PROGRAM-ID: MAET8600
2025-09-07 08:35:25,248 [INFO]    PROGRAM-NAME: ＡＣＰ同一人識別番号付加処理
2025-09-07 08:35:25,248 [INFO]    PATTERN-ID: UZ0Q07
2025-09-07 08:39:09,938 [INFO] 🔍 开始解析文件: MAET8600.ipo
2025-09-07 08:39:09,938 [INFO] 📋 程序ID: MAET8600
2025-09-07 08:39:09,940 [INFO] 📖 成功读取 15 行
2025-09-07 08:39:09,940 [INFO] 🎯 找到PROGRAM-ID: MAET8600
2025-09-07 08:39:09,940 [INFO] 🎯 找到PROGRAM-NAME: ＡＣＰ同一人識別番号付加処理
2025-09-07 08:39:09,940 [INFO] 🎯 找到PATTERN-ID: UZ0Q07
2025-09-07 08:39:09,940 [INFO] ✅ 提取成功:
2025-09-07 08:39:09,940 [INFO]    PROGRAM-ID: MAET8600
2025-09-07 08:39:09,941 [INFO]    PROGRAM-NAME: ＡＣＰ同一人識別番号付加処理
2025-09-07 08:39:09,941 [INFO]    PATTERN-ID: UZ0Q07
2025-09-07 08:39:24,874 [INFO] 🔍 开始解析文件: MAQR6100.ipo
2025-09-07 08:39:24,874 [INFO] 📋 程序ID: MAQR6100
2025-09-07 08:39:24,876 [INFO] 📖 成功读取 15 行
2025-09-07 08:39:24,877 [INFO] 🎯 找到PROGRAM-ID: MAQR6100
2025-09-07 08:39:24,877 [INFO] 🎯 找到PROGRAM-NAME: ＡＣＰ提携重複勘定再設定勘定設定例外事項Ｃ／Ｃデータ作成
2025-09-07 08:39:24,877 [INFO] 🎯 找到PATTERN-ID: UZ0Q06
2025-09-07 08:39:24,877 [INFO] ✅ 提取成功:
2025-09-07 08:39:24,877 [INFO]    PROGRAM-ID: MAQR6100
2025-09-07 08:39:24,877 [INFO]    PROGRAM-NAME: ＡＣＰ提携重複勘定再設定勘定設定例外事項Ｃ／Ｃデータ作成
2025-09-07 08:39:24,877 [INFO]    PATTERN-ID: UZ0Q06
2025-09-07 08:39:39,789 [INFO] 🔍 开始解析文件: MAQR6100.ipo
2025-09-07 08:39:39,789 [INFO] 📋 程序ID: MAQR6100
2025-09-07 08:39:39,791 [INFO] 📖 成功读取 15 行
2025-09-07 08:39:39,791 [INFO] 🎯 找到PROGRAM-ID: MAQR6100
2025-09-07 08:39:39,791 [INFO] 🎯 找到PROGRAM-NAME: ＡＣＰ提携重複勘定再設定勘定設定例外事項Ｃ／Ｃデータ作成
2025-09-07 08:39:39,791 [INFO] 🎯 找到PATTERN-ID: UZ0Q06
2025-09-07 08:39:39,791 [INFO] ✅ 提取成功:
2025-09-07 08:39:39,791 [INFO]    PROGRAM-ID: MAQR6100
2025-09-07 08:39:39,791 [INFO]    PROGRAM-NAME: ＡＣＰ提携重複勘定再設定勘定設定例外事項Ｃ／Ｃデータ作成
2025-09-07 08:39:39,791 [INFO]    PATTERN-ID: UZ0Q06
2025-09-07 08:39:46,543 [INFO] 🔍 开始解析文件: MAQR6100.ipo
2025-09-07 08:39:46,544 [INFO] 📋 程序ID: MAQR6100
2025-09-07 08:39:46,545 [INFO] 📖 成功读取 15 行
2025-09-07 08:39:46,545 [INFO] 🎯 找到PROGRAM-ID: MAQR6100
2025-09-07 08:39:46,545 [INFO] 🎯 找到PROGRAM-NAME: ＡＣＰ提携重複勘定再設定勘定設定例外事項Ｃ／Ｃデータ作成
2025-09-07 08:39:46,545 [INFO] 🎯 找到PATTERN-ID: UZ0Q06
2025-09-07 08:39:46,545 [INFO] ✅ 提取成功:
2025-09-07 08:39:46,545 [INFO]    PROGRAM-ID: MAQR6100
2025-09-07 08:39:46,545 [INFO]    PROGRAM-NAME: ＡＣＰ提携重複勘定再設定勘定設定例外事項Ｃ／Ｃデータ作成
2025-09-07 08:39:46,545 [INFO]    PATTERN-ID: UZ0Q06
2025-09-07 08:39:48,950 [INFO] 🔍 开始解析文件: MAQR5600.ipo
2025-09-07 08:39:48,950 [INFO] 📋 程序ID: MAQR5600
2025-09-07 08:39:48,951 [INFO] 📖 成功读取 15 行
2025-09-07 08:39:48,951 [INFO] 🎯 找到PROGRAM-ID: MAQR5600
2025-09-07 08:39:48,951 [INFO] 🎯 找到PROGRAM-NAME: ＡＣＰ提携ＮＩＳＡ口座移管更新Ｃ／Ｃデータ作成
2025-09-07 08:39:48,951 [INFO] 🎯 找到PATTERN-ID: UZ0Q06
2025-09-07 08:39:48,951 [INFO] ✅ 提取成功:
2025-09-07 08:39:48,951 [INFO]    PROGRAM-ID: MAQR5600
2025-09-07 08:39:48,951 [INFO]    PROGRAM-NAME: ＡＣＰ提携ＮＩＳＡ口座移管更新Ｃ／Ｃデータ作成
2025-09-07 08:39:48,951 [INFO]    PATTERN-ID: UZ0Q06
2025-09-07 08:39:51,421 [INFO] 🔍 开始解析文件: MAQR6100.ipo
2025-09-07 08:39:51,422 [INFO] 📋 程序ID: MAQR6100
2025-09-07 08:39:51,422 [INFO] 📖 成功读取 15 行
2025-09-07 08:39:51,422 [INFO] 🎯 找到PROGRAM-ID: MAQR6100
2025-09-07 08:39:51,422 [INFO] 🎯 找到PROGRAM-NAME: ＡＣＰ提携重複勘定再設定勘定設定例外事項Ｃ／Ｃデータ作成
2025-09-07 08:39:51,422 [INFO] 🎯 找到PATTERN-ID: UZ0Q06
2025-09-07 08:39:51,422 [INFO] ✅ 提取成功:
2025-09-07 08:39:51,422 [INFO]    PROGRAM-ID: MAQR6100
2025-09-07 08:39:51,423 [INFO]    PROGRAM-NAME: ＡＣＰ提携重複勘定再設定勘定設定例外事項Ｃ／Ｃデータ作成
2025-09-07 08:39:51,423 [INFO]    PATTERN-ID: UZ0Q06
2025-09-07 08:39:53,997 [INFO] 🔍 开始解析文件: MAET8600 - コピー.ipo
2025-09-07 08:39:53,997 [INFO] 📋 程序ID: MAET8600 - コピー
2025-09-07 08:39:53,997 [INFO] 📖 成功读取 15 行
2025-09-07 08:39:53,998 [INFO] 🎯 找到PROGRAM-ID: MAET8600
2025-09-07 08:39:53,998 [INFO] 🎯 找到PROGRAM-NAME: ＡＣＰ同一人識別番号付加処理
2025-09-07 08:39:53,998 [INFO] 🎯 找到PATTERN-ID: UZ0Q07
2025-09-07 08:39:53,998 [INFO] ✅ 提取成功:
2025-09-07 08:39:53,998 [INFO]    PROGRAM-ID: MAET8600
2025-09-07 08:39:53,998 [INFO]    PROGRAM-NAME: ＡＣＰ同一人識別番号付加処理
2025-09-07 08:39:53,998 [INFO]    PATTERN-ID: UZ0Q07
2025-09-07 08:39:58,226 [INFO] 🔍 开始解析文件: MAQR5600.ipo
2025-09-07 08:39:58,226 [INFO] 📋 程序ID: MAQR5600
2025-09-07 08:39:58,227 [INFO] 📖 成功读取 15 行
2025-09-07 08:39:58,227 [INFO] 🎯 找到PROGRAM-ID: MAQR5600
2025-09-07 08:39:58,227 [INFO] 🎯 找到PROGRAM-NAME: ＡＣＰ提携ＮＩＳＡ口座移管更新Ｃ／Ｃデータ作成
2025-09-07 08:39:58,227 [INFO] 🎯 找到PATTERN-ID: UZ0Q06
2025-09-07 08:39:58,227 [INFO] ✅ 提取成功:
2025-09-07 08:39:58,227 [INFO]    PROGRAM-ID: MAQR5600
2025-09-07 08:39:58,227 [INFO]    PROGRAM-NAME: ＡＣＰ提携ＮＩＳＡ口座移管更新Ｃ／Ｃデータ作成
2025-09-07 08:39:58,227 [INFO]    PATTERN-ID: UZ0Q06
2025-09-07 08:40:03,195 [INFO] 🔍 开始解析文件: MBAC3900.ipo
2025-09-07 08:40:03,196 [INFO] 📋 程序ID: MBAC3900
2025-09-07 08:40:03,196 [INFO] 📖 成功读取 15 行
2025-09-07 08:40:03,196 [INFO] 🎯 找到PROGRAM-ID: MBAC3900
2025-09-07 08:40:03,196 [INFO] 🎯 找到PROGRAM-NAME: ＡＣＰ株式売買注文約定照会当日詳細（インターネット）
2025-09-07 08:40:03,197 [INFO] 🎯 找到PATTERN-ID: UZ0C08
2025-09-07 08:40:03,197 [INFO] ✅ 提取成功:
2025-09-07 08:40:03,197 [INFO]    PROGRAM-ID: MBAC3900
2025-09-07 08:40:03,197 [INFO]    PROGRAM-NAME: ＡＣＰ株式売買注文約定照会当日詳細（インターネット）
2025-09-07 08:40:03,197 [INFO]    PATTERN-ID: UZ0C08
2025-09-07 08:40:04,900 [INFO] 开始解析SECTION ID - 文件: MBAC3900.ipo 程序ID: MBAC3900
2025-09-07 08:40:04,926 [INFO] 成功读取 11566 行
2025-09-07 08:40:04,927 [INFO] 找到SECTION ID: CONFIGURATION (行 26)
2025-09-07 08:40:04,927 [INFO] 找到SECTION ID: WORKING-STORAGE (行 34)
2025-09-07 08:40:04,954 [INFO] 找到SECTION ID: LINKAGE (行 1284)
2025-09-07 08:40:04,956 [INFO] 找到SECTION ID: ＭＢＡＣ３９００−ＭＡＩＮ (行 1362)
2025-09-07 08:40:04,956 [INFO] 找到SECTION ID: Ｓ００００−初期処理 (行 1380)
2025-09-07 08:40:04,956 [INFO] 找到SECTION ID: Ｓ１０００−エリア獲得処理 (行 1405)
2025-09-07 08:40:04,956 [INFO] 找到SECTION ID: Ｓ１１００−変換後電文エリア獲得処理 (行 1415)
2025-09-07 08:40:04,957 [INFO] 找到SECTION ID: Ｓ２０００−ワークエリア初期化処理 (行 1436)
2025-09-07 08:40:04,962 [INFO] 找到SECTION ID: Ｍ００００−主処理 (行 1654)
2025-09-07 08:40:04,963 [INFO] 找到SECTION ID: Ｍ１０００−ＦＣＣ処理 (行 1681)
2025-09-07 08:40:04,964 [INFO] 找到SECTION ID: Ｍ２０００−上り電文編集処理 (行 1746)
2025-09-07 08:40:04,964 [INFO] 找到SECTION ID: Ｍ２１００−上り電文変換情報取得処理 (行 1801)
2025-09-07 08:40:04,965 [INFO] 找到SECTION ID: Ｍ２１１０−ＮＩＳＡ口座判定処理 (行 1828)
2025-09-07 08:40:04,968 [INFO] 找到SECTION ID: Ｍ２２００−上り電文編集処理１ (行 1843)
2025-09-07 08:40:04,968 [INFO] 找到SECTION ID: Ｍ２３００−ＤＢ関連チェック処理 (行 1859)
2025-09-07 08:40:04,969 [INFO] 找到SECTION ID: Ｍ２３１０−ＤＯＴサービス時間チェック処理 (行 1907)
2025-09-07 08:40:04,971 [INFO] 找到SECTION ID: Ｍ２３１１−口座変換処理 (行 1986)
2025-09-07 08:40:04,973 [INFO] 找到SECTION ID: Ｍ２３１２−取引確認口座・動作確認口座判別処理 (行 2099)
2025-09-07 08:40:04,975 [INFO] 找到SECTION ID: Ｍ２３１３−ＤＯＴ株式サービス時間チェック処理 (行 2182)
2025-09-07 08:40:04,976 [INFO] 找到SECTION ID: Ｍ２３２０−口座存在チェック処理 (行 2275)
2025-09-07 08:40:04,977 [INFO] 找到SECTION ID: Ｍ２３３０−ＮＩＳＡ口座有効チェック処理 (行 2298)
2025-09-07 08:40:04,979 [INFO] 找到SECTION ID: Ｍ２３４０−ＤＯＴ受付番号チェック処理 (行 2442)
2025-09-07 08:40:04,980 [INFO] 找到SECTION ID: Ｍ３０００−編集処理 (行 2466)
2025-09-07 08:40:04,983 [INFO] 找到SECTION ID: Ｍ３１００−ＤＯＴ業務日付取得処理 (行 2649)
2025-09-07 08:40:04,984 [INFO] 找到SECTION ID: Ｍ３２００−直近株式売買注文取得処理 (行 2728)
2025-09-07 08:40:04,985 [INFO] 找到SECTION ID: Ｍ３２１０−ＤＢ分散番号取得処理 (行 2763)
2025-09-07 08:40:04,985 [INFO] 找到SECTION ID: Ｍ３２２０−直近株式売買注文取得処理 (行 2791)
2025-09-07 08:40:04,988 [INFO] 找到SECTION ID: Ｍ３２３０−付加情報取得処理 (行 2928)
2025-09-07 08:40:04,989 [INFO] 找到SECTION ID: Ｍ３２３１−区分識別番号取得処理 (行 2949)
2025-09-07 08:40:04,989 [INFO] 找到SECTION ID: Ｍ３２３２−条件付注文情報取得処理 (行 2974)
2025-09-07 08:40:04,990 [INFO] 找到SECTION ID: Ｍ３２４０−連続注文の相手方注文データ取得処理 (行 3052)
2025-09-07 08:40:04,991 [INFO] 找到SECTION ID: Ｍ３２４１−連続注文相手方注文データ取得処理 (行 3069)
2025-09-07 08:40:04,991 [INFO] 找到SECTION ID: Ｍ３３００−信用取引現引現渡受注取得処理 (行 3110)
2025-09-07 08:40:04,993 [INFO] 找到SECTION ID: Ｍ３４００−株式売買約定注文データ取得処理 (行 3205)
2025-09-07 08:40:04,993 [INFO] 找到SECTION ID: Ｍ３４１０−ＤＢ分散番号取得処理 (行 3225)
2025-09-07 08:40:04,994 [INFO] 找到SECTION ID: Ｍ３４２０−株式売買約定取得処理 (行 3253)
2025-09-07 08:40:04,996 [INFO] 找到SECTION ID: Ｍ３５００−履歴データ以外の編集用データ取得処理 (行 3354)
2025-09-07 08:40:04,998 [INFO] 找到SECTION ID: Ｍ３５１０−受渡日取得処理 (行 3505)
2025-09-07 08:40:05,000 [INFO] 找到SECTION ID: Ｍ３５２０−付加情報取得処理 (行 3593)
2025-09-07 08:40:05,000 [INFO] 找到SECTION ID: Ｍ３５２１−銘柄簡略名取得処理 (行 3606)
2025-09-07 08:40:05,002 [INFO] 找到SECTION ID: Ｍ３５２２−上場部コード取得処理 (行 3719)
2025-09-07 08:40:05,005 [INFO] 找到SECTION ID: Ｍ３５３０−ＤＯＴ株式注文状態＆注文状況取得処理 (行 3833)
2025-09-07 08:40:05,008 [INFO] 找到SECTION ID: Ｍ３５４０−取引所コード変換処理 (行 3959)
2025-09-07 08:40:05,010 [INFO] 找到SECTION ID: Ｍ３５５０−取引簡略コード変換処理 (行 4060)
2025-09-07 08:40:05,013 [INFO] 找到SECTION ID: Ｍ３５６０−ＶＷＡＰ注文判定処理 (行 4206)
2025-09-07 08:40:05,014 [INFO] 找到SECTION ID: Ｍ３５７０−対面非対面注文区分取得処理 (行 4251)
2025-09-07 08:40:05,015 [INFO] 找到SECTION ID: Ｍ３５８０−履歴データ以外ワーク編集処理 (行 4334)
2025-09-07 08:40:05,016 [INFO] 找到SECTION ID: Ｍ３５８１−直近株式売買履歴以外ワーク編集処理 (行 4372)
2025-09-07 08:40:05,025 [INFO] 找到SECTION ID: Ｍ３５８２−信用取引現引現渡履歴以外ワーク編集処理 (行 4819)
2025-09-07 08:40:05,027 [INFO] 找到SECTION ID: Ｍ３５８３−株式売買約定履歴以外ワーク編集処理 (行 4922)
2025-09-07 08:40:05,030 [INFO] 找到SECTION ID: Ｍ３６００−原注文取得処理 (行 5094)
2025-09-07 08:40:05,031 [INFO] 找到SECTION ID: Ｍ３６２０−株式売買受注原注文取得処理 (行 5141)
2025-09-07 08:40:05,033 [INFO] 找到SECTION ID: Ｍ３６３０−条件付注文情報取得処理 (行 5253)
2025-09-07 08:40:05,033 [INFO] 找到SECTION ID: Ｍ３６４０−原注文履歴ワーク編集処理 (行 5277)
2025-09-07 08:40:05,039 [INFO] 找到SECTION ID: Ｍ３６５０−前営業日に受注した注文原注文内容取得 (行 5543)
2025-09-07 08:40:05,039 [INFO] 找到SECTION ID: Ｍ３６５１−直近注文区分識別番号取得処理 (行 5563)
2025-09-07 08:40:05,039 [INFO] 找到SECTION ID: Ｍ３６５２−直近株式売買注文履歴を取得処理 (行 5591)
2025-09-07 08:40:05,041 [INFO] 找到SECTION ID: Ｍ３７００−自動訂正取消取得処理 (行 5683)
2025-09-07 08:40:05,041 [INFO] 找到SECTION ID: Ｍ３７１０−株式売買受注ＯＰＥＮ処理 (行 5703)
2025-09-07 08:40:05,043 [INFO] 找到SECTION ID: Ｍ３８００−区分識別番号取得処理 (行 5801)
2025-09-07 08:40:05,044 [INFO] 找到SECTION ID: Ｍ３８１０−株式売買受注区分識別番号取得処理 (行 5811)
2025-09-07 08:40:05,045 [INFO] 找到SECTION ID: Ｍ３８２１−株式売買条件付受注区分識別番号取得処理 (行 5839)
2025-09-07 08:40:05,045 [INFO] 找到SECTION ID: Ｍ３９００−連続二次注文同時取消取得処理 (行 5864)
2025-09-07 08:40:05,046 [INFO] 找到SECTION ID: Ｍ３９１０−株式売買受注ＯＰＥＮ処理 (行 5908)
2025-09-07 08:40:05,047 [INFO] 找到SECTION ID: Ｍ３９３０−株式売買訂正取消結果ＤＢ分散番号取得処理 (行 5980)
2025-09-07 08:40:05,048 [INFO] 找到SECTION ID: Ｍ３９４０−株式売買訂正取消結果ＯＰＥＮ処理２ (行 6008)
2025-09-07 08:40:05,050 [INFO] 找到SECTION ID: Ｍ３Ａ００−市場訂正取消結果取得処理 (行 6104)
2025-09-07 08:40:05,050 [INFO] 找到SECTION ID: Ｍ３Ａ１０−ＤＢ分散番号取得処理 (行 6134)
2025-09-07 08:40:05,051 [INFO] 找到SECTION ID: Ｍ３Ａ２０−株式売買訂正取消結果ＯＰＥＮ処理 (行 6162)
2025-09-07 08:40:05,053 [INFO] 找到SECTION ID: Ｍ３Ｂ００−条件株価訂正取得処理 (行 6257)
2025-09-07 08:40:05,053 [INFO] 找到SECTION ID: Ｍ３Ｂ１０−ＤＢ分散番号取得処理 (行 6287)
2025-09-07 08:40:05,054 [INFO] 找到SECTION ID: Ｍ３Ｂ２０−ルールエンジン結果通知ＯＰＥＮ処理 (行 6315)
2025-09-07 08:40:05,056 [INFO] 找到SECTION ID: Ｍ３Ｃ００−出来約定取得処理 (行 6407)
2025-09-07 08:40:05,058 [INFO] 找到SECTION ID: Ｍ３Ｃ１０−ＤＢ分散番号取得処理 (行 6523)
2025-09-07 08:40:05,058 [INFO] 找到SECTION ID: Ｍ３Ｃ２０−株式売買約定ＯＰＥＮ処理 (行 6551)
2025-09-07 08:40:05,061 [INFO] 找到SECTION ID: Ｍ３Ｃ３０−株式売買約定取得処理 (行 6652)
2025-09-07 08:40:05,062 [INFO] 找到SECTION ID: Ｍ３Ｃ４０−イベント状態判別処理 (行 6740)
2025-09-07 08:40:05,063 [INFO] 找到SECTION ID: Ｍ３Ｃ５０−株式売買ＳＯＲ出来価格改善金額ＯＰＥＮ処理 (行 6796)
2025-09-07 08:40:05,066 [INFO] 找到SECTION ID: Ｍ３Ｄ００−履歴データ編集処理 (行 6912)
2025-09-07 08:40:05,068 [INFO] 找到SECTION ID: Ｍ３Ｄ１０−履歴データ編集用ループ処理 (行 6964)
2025-09-07 08:40:05,069 [INFO] 找到SECTION ID: Ｍ３Ｄ１１−自動訂正取消編集処理 (行 7018)
2025-09-07 08:40:05,069 [INFO] 找到SECTION ID: Ｍ３Ｄ１２−デュアル指値自動訂正失効編集処理 (行 7049)
2025-09-07 08:40:05,070 [INFO] 找到SECTION ID: Ｍ３Ｄ１３−連続二次注文同時取消編集処理 (行 7071)
2025-09-07 08:40:05,070 [INFO] 找到SECTION ID: Ｍ３Ｄ１４−市場訂正取消結果編集処理 (行 7102)
2025-09-07 08:40:05,071 [INFO] 找到SECTION ID: Ｍ３Ｄ１５−条件株価訂正編集処理 (行 7133)
2025-09-07 08:40:05,072 [INFO] 找到SECTION ID: Ｍ３Ｄ１６−出来約定編集処理 (行 7164)
2025-09-07 08:40:05,073 [INFO] 找到SECTION ID: Ｍ３Ｄ１７−注文失効編集処理 (行 7241)
2025-09-07 08:40:05,074 [INFO] 找到SECTION ID: Ｍ３Ｅ００−ＪＢ出来終了フラグ取得処理 (行 7263)
2025-09-07 08:40:05,075 [INFO] 找到SECTION ID: Ｍ３Ｆ００−前営業日取得 (行 7369)
2025-09-07 08:40:05,077 [INFO] 找到SECTION ID: Ｍ４０００−下り電文編集処理 (行 7443)
2025-09-07 08:40:05,079 [INFO] 找到SECTION ID: Ｍ４１００−下り電文変換情報取得処理 (行 7584)
2025-09-07 08:40:05,079 [INFO] 找到SECTION ID: Ｍ４２００−下り電文編集処理１ (行 7610)
2025-09-07 08:40:05,083 [INFO] 找到SECTION ID: Ｍ４３００−下り電文編集処理２ (行 7811)
2025-09-07 08:40:05,087 [INFO] 找到SECTION ID: Ｍ４４００−下り電文編集処理３ (行 7982)
2025-09-07 08:40:05,091 [INFO] 找到SECTION ID: Ｍ４５００−下り電文編集処理４ (行 8182)
2025-09-07 08:40:05,095 [INFO] 找到SECTION ID: Ｍ４６００−ＣＬＯＳＥ処理 (行 8354)
2025-09-07 08:40:05,095 [INFO] 找到SECTION ID: Ｍ４６１０−株式売買受注ＣＬＯＳＥ処理 (行 8412)
2025-09-07 08:40:05,096 [INFO] 找到SECTION ID: Ｍ４６２０−株式売買受注２ＣＬＯＳＥ処理 (行 8464)
2025-09-07 08:40:05,098 [INFO] 找到SECTION ID: Ｍ４６３０−株式売買訂正取消結果ＣＬＯＳＥ処理 (行 8516)
2025-09-07 08:40:05,099 [INFO] 找到SECTION ID: Ｍ４６４０−ルールエンジン結果通知ＣＬＯＳＥ処理 (行 8568)
2025-09-07 08:40:05,100 [INFO] 找到SECTION ID: Ｍ４６５０−株式売買約定ＣＬＯＳＥ処理 (行 8620)
2025-09-07 08:40:05,101 [INFO] 找到SECTION ID: Ｍ４６６０−株式売買訂正取消結果ＣＬＯＳＥ処理２ (行 8672)
2025-09-07 08:40:05,102 [INFO] 找到SECTION ID: Ｍ４６７０−株式売買ＳＯＲ出来価格改善金額ＣＬＯＳＥ処理 (行 8725)
2025-09-07 08:40:05,103 [INFO] 找到SECTION ID: Ｍ４Ｙ００−下り電文編集処理Ｅ１ (行 8778)
2025-09-07 08:40:05,103 [INFO] 找到SECTION ID: Ｍ４Ｙ１０−下り電文編集処理Ｅ２ (行 8800)
2025-09-07 08:40:05,105 [INFO] 找到SECTION ID: Ｍ４Ｚ００−下り電文エラー編集処理 (行 8862)
2025-09-07 08:40:05,105 [INFO] 找到SECTION ID: Ｅ００００−終了処理 (行 8881)
2025-09-07 08:40:05,105 [INFO] 找到SECTION ID: Ｅ１０００−出力前最終処理 (行 8935)
2025-09-07 08:40:05,106 [INFO] 找到SECTION ID: Ｚ１０００−メッセージ編集処理 (行 8954)
2025-09-07 08:40:05,106 [INFO] 找到SECTION ID: Ｚ２０００−メッセージ出力処理 (行 8964)
2025-09-07 08:40:05,106 [INFO] 找到SECTION ID: Ｚ３０００−ＤＯＴ電文変換情報取得処理 (行 8977)
2025-09-07 08:40:05,107 [INFO] 找到SECTION ID: Ｚ４０００−上り電文エラー処理 (行 9037)
2025-09-07 08:40:05,108 [INFO] 找到SECTION ID: Ｚ５０００−下り電文エラー処理 (行 9084)
2025-09-07 08:40:05,108 [INFO] 找到SECTION ID: Ｚ６０００−コンソールメッセージ出力処理 (行 9116)
2025-09-07 08:40:05,109 [INFO] 找到SECTION ID: Ｚ７０００−共通＿ＤＢ分散番号取得処理 (行 9136)
2025-09-07 08:40:05,109 [INFO] 找到SECTION ID: ＺＡ１００−自動訂正取消履歴ワーク編集処理 (行 9173)
2025-09-07 08:40:05,115 [INFO] 找到SECTION ID: ＺＡ２００−デュアル指値自動訂正失効ワーク編集処理 (行 9433)
2025-09-07 08:40:05,117 [INFO] 找到SECTION ID: ＺＡ３００−連続二次注文同時取消ワーク編集処理 (行 9575)
2025-09-07 08:40:05,122 [INFO] 找到SECTION ID: ＺＡ４００−市場訂正取消結果ワーク編集処理 (行 9781)
2025-09-07 08:40:05,127 [INFO] 找到SECTION ID: ＺＡ５００−条件株価訂正ワーク編集処理 (行 10054)
2025-09-07 08:40:05,131 [INFO] 找到SECTION ID: ＺＡ６００−出来約定履歴ワーク編集処理 (行 10260)
2025-09-07 08:40:05,133 [INFO] 找到SECTION ID: ＺＡ６１０−現行市場区分取得処理 (行 10344)
2025-09-07 08:40:05,135 [INFO] 找到SECTION ID: ＺＡ６２０−最良市場区分取得処理 (行 10427)
2025-09-07 08:40:05,136 [INFO] 找到SECTION ID: ＺＡ７００−注文失効履歴ワーク編集処理 (行 10511)
2025-09-07 08:40:05,137 [INFO] 找到SECTION ID: ＺＡ８００−信用取引現引現渡履歴ワーク編集処理 (行 10554)
2025-09-07 08:40:05,138 [INFO] 找到SECTION ID: ＺＡ９００−株式売買約定履歴ワーク編集処理 (行 10600)
2025-09-07 08:40:05,139 [INFO] 找到SECTION ID: ＺＢ１００−株式売買受注取得処理 (行 10647)
2025-09-07 08:40:05,141 [INFO] 找到SECTION ID: ＺＢ２００−デュアル指値自動訂正失効取得処理 (行 10737)
2025-09-07 08:40:05,143 [INFO] 找到SECTION ID: ＺＢ３００−株式売買受注取得処理 (行 10870)
2025-09-07 08:40:05,145 [INFO] 找到SECTION ID: ＺＢ４００−株式売買訂正取消結果ＦＥＴＣＨ処理 (行 10960)
2025-09-07 08:40:05,148 [INFO] 找到SECTION ID: ＺＢ５００−株式売買訂正取消結果取得処理 (行 11050)
2025-09-07 08:40:05,150 [INFO] 找到SECTION ID: ＺＢ６００−ルールエンジン結果通知取得処理 (行 11140)
2025-09-07 08:40:05,152 [INFO] 找到SECTION ID: ＺＢ７００−株式売買約定取得処理 (行 11230)
2025-09-07 08:40:05,154 [INFO] 找到SECTION ID: ＺＢ８００−株式売買ＳＯＲ出来価格改善金額ＦＥＴＣＨ処理 (行 11321)
2025-09-07 08:40:05,155 [INFO] 找到SECTION ID: ＺＢ９００−フラグ編集処理 (行 11411)
2025-09-07 08:40:05,156 [INFO] 找到SECTION ID: ＺＣ１００−株式売買条件付受注情報取得処理 (行 11478)
2025-09-07 08:40:05,158 [INFO] 成功提取 133 个SECTION ID
2025-09-07 08:40:07,909 [INFO] 开始解析SECTION ID - 文件: MBAC3900.ipo 程序ID: MBAC3900
2025-09-07 08:40:07,920 [INFO] 成功读取 11566 行
2025-09-07 08:40:07,920 [INFO] 找到SECTION ID: CONFIGURATION (行 26)
2025-09-07 08:40:07,920 [INFO] 找到SECTION ID: WORKING-STORAGE (行 34)
2025-09-07 08:40:07,940 [INFO] 找到SECTION ID: LINKAGE (行 1284)
2025-09-07 08:40:07,942 [INFO] 找到SECTION ID: ＭＢＡＣ３９００−ＭＡＩＮ (行 1362)
2025-09-07 08:40:07,942 [INFO] 找到SECTION ID: Ｓ００００−初期処理 (行 1380)
2025-09-07 08:40:07,942 [INFO] 找到SECTION ID: Ｓ１０００−エリア獲得処理 (行 1405)
2025-09-07 08:40:07,942 [INFO] 找到SECTION ID: Ｓ１１００−変換後電文エリア獲得処理 (行 1415)
2025-09-07 08:40:07,943 [INFO] 找到SECTION ID: Ｓ２０００−ワークエリア初期化処理 (行 1436)
2025-09-07 08:40:07,950 [INFO] 找到SECTION ID: Ｍ００００−主処理 (行 1654)
2025-09-07 08:40:07,951 [INFO] 找到SECTION ID: Ｍ１０００−ＦＣＣ処理 (行 1681)
2025-09-07 08:40:07,953 [INFO] 找到SECTION ID: Ｍ２０００−上り電文編集処理 (行 1746)
2025-09-07 08:40:07,954 [INFO] 找到SECTION ID: Ｍ２１００−上り電文変換情報取得処理 (行 1801)
2025-09-07 08:40:07,956 [INFO] 找到SECTION ID: Ｍ２１１０−ＮＩＳＡ口座判定処理 (行 1828)
2025-09-07 08:40:07,956 [INFO] 找到SECTION ID: Ｍ２２００−上り電文編集処理１ (行 1843)
2025-09-07 08:40:07,956 [INFO] 找到SECTION ID: Ｍ２３００−ＤＢ関連チェック処理 (行 1859)
2025-09-07 08:40:07,957 [INFO] 找到SECTION ID: Ｍ２３１０−ＤＯＴサービス時間チェック処理 (行 1907)
2025-09-07 08:40:07,959 [INFO] 找到SECTION ID: Ｍ２３１１−口座変換処理 (行 1986)
2025-09-07 08:40:07,961 [INFO] 找到SECTION ID: Ｍ２３１２−取引確認口座・動作確認口座判別処理 (行 2099)
2025-09-07 08:40:07,962 [INFO] 找到SECTION ID: Ｍ２３１３−ＤＯＴ株式サービス時間チェック処理 (行 2182)
2025-09-07 08:40:07,964 [INFO] 找到SECTION ID: Ｍ２３２０−口座存在チェック処理 (行 2275)
2025-09-07 08:40:07,965 [INFO] 找到SECTION ID: Ｍ２３３０−ＮＩＳＡ口座有効チェック処理 (行 2298)
2025-09-07 08:40:07,967 [INFO] 找到SECTION ID: Ｍ２３４０−ＤＯＴ受付番号チェック処理 (行 2442)
2025-09-07 08:40:07,967 [INFO] 找到SECTION ID: Ｍ３０００−編集処理 (行 2466)
2025-09-07 08:40:07,970 [INFO] 找到SECTION ID: Ｍ３１００−ＤＯＴ業務日付取得処理 (行 2649)
2025-09-07 08:40:07,972 [INFO] 找到SECTION ID: Ｍ３２００−直近株式売買注文取得処理 (行 2728)
2025-09-07 08:40:07,972 [INFO] 找到SECTION ID: Ｍ３２１０−ＤＢ分散番号取得処理 (行 2763)
2025-09-07 08:40:07,973 [INFO] 找到SECTION ID: Ｍ３２２０−直近株式売買注文取得処理 (行 2791)
2025-09-07 08:40:07,975 [INFO] 找到SECTION ID: Ｍ３２３０−付加情報取得処理 (行 2928)
2025-09-07 08:40:07,975 [INFO] 找到SECTION ID: Ｍ３２３１−区分識別番号取得処理 (行 2949)
2025-09-07 08:40:07,976 [INFO] 找到SECTION ID: Ｍ３２３２−条件付注文情報取得処理 (行 2974)
2025-09-07 08:40:07,978 [INFO] 找到SECTION ID: Ｍ３２４０−連続注文の相手方注文データ取得処理 (行 3052)
2025-09-07 08:40:07,978 [INFO] 找到SECTION ID: Ｍ３２４１−連続注文相手方注文データ取得処理 (行 3069)
2025-09-07 08:40:07,979 [INFO] 找到SECTION ID: Ｍ３３００−信用取引現引現渡受注取得処理 (行 3110)
2025-09-07 08:40:07,980 [INFO] 找到SECTION ID: Ｍ３４００−株式売買約定注文データ取得処理 (行 3205)
2025-09-07 08:40:07,981 [INFO] 找到SECTION ID: Ｍ３４１０−ＤＢ分散番号取得処理 (行 3225)
2025-09-07 08:40:07,981 [INFO] 找到SECTION ID: Ｍ３４２０−株式売買約定取得処理 (行 3253)
2025-09-07 08:40:07,983 [INFO] 找到SECTION ID: Ｍ３５００−履歴データ以外の編集用データ取得処理 (行 3354)
2025-09-07 08:40:07,985 [INFO] 找到SECTION ID: Ｍ３５１０−受渡日取得処理 (行 3505)
2025-09-07 08:40:07,987 [INFO] 找到SECTION ID: Ｍ３５２０−付加情報取得処理 (行 3593)
2025-09-07 08:40:07,988 [INFO] 找到SECTION ID: Ｍ３５２１−銘柄簡略名取得処理 (行 3606)
2025-09-07 08:40:07,990 [INFO] 找到SECTION ID: Ｍ３５２２−上場部コード取得処理 (行 3719)
2025-09-07 08:40:07,993 [INFO] 找到SECTION ID: Ｍ３５３０−ＤＯＴ株式注文状態＆注文状況取得処理 (行 3833)
2025-09-07 08:40:07,995 [INFO] 找到SECTION ID: Ｍ３５４０−取引所コード変換処理 (行 3959)
2025-09-07 08:40:07,997 [INFO] 找到SECTION ID: Ｍ３５５０−取引簡略コード変換処理 (行 4060)
2025-09-07 08:40:08,000 [INFO] 找到SECTION ID: Ｍ３５６０−ＶＷＡＰ注文判定処理 (行 4206)
2025-09-07 08:40:08,001 [INFO] 找到SECTION ID: Ｍ３５７０−対面非対面注文区分取得処理 (行 4251)
2025-09-07 08:40:08,003 [INFO] 找到SECTION ID: Ｍ３５８０−履歴データ以外ワーク編集処理 (行 4334)
2025-09-07 08:40:08,004 [INFO] 找到SECTION ID: Ｍ３５８１−直近株式売買履歴以外ワーク編集処理 (行 4372)
2025-09-07 08:40:08,013 [INFO] 找到SECTION ID: Ｍ３５８２−信用取引現引現渡履歴以外ワーク編集処理 (行 4819)
2025-09-07 08:40:08,015 [INFO] 找到SECTION ID: Ｍ３５８３−株式売買約定履歴以外ワーク編集処理 (行 4922)
2025-09-07 08:40:08,019 [INFO] 找到SECTION ID: Ｍ３６００−原注文取得処理 (行 5094)
2025-09-07 08:40:08,020 [INFO] 找到SECTION ID: Ｍ３６２０−株式売買受注原注文取得処理 (行 5141)
2025-09-07 08:40:08,023 [INFO] 找到SECTION ID: Ｍ３６３０−条件付注文情報取得処理 (行 5253)
2025-09-07 08:40:08,023 [INFO] 找到SECTION ID: Ｍ３６４０−原注文履歴ワーク編集処理 (行 5277)
2025-09-07 08:40:08,030 [INFO] 找到SECTION ID: Ｍ３６５０−前営業日に受注した注文原注文内容取得 (行 5543)
2025-09-07 08:40:08,030 [INFO] 找到SECTION ID: Ｍ３６５１−直近注文区分識別番号取得処理 (行 5563)
2025-09-07 08:40:08,031 [INFO] 找到SECTION ID: Ｍ３６５２−直近株式売買注文履歴を取得処理 (行 5591)
2025-09-07 08:40:08,032 [INFO] 找到SECTION ID: Ｍ３７００−自動訂正取消取得処理 (行 5683)
2025-09-07 08:40:08,033 [INFO] 找到SECTION ID: Ｍ３７１０−株式売買受注ＯＰＥＮ処理 (行 5703)
2025-09-07 08:40:08,035 [INFO] 找到SECTION ID: Ｍ３８００−区分識別番号取得処理 (行 5801)
2025-09-07 08:40:08,035 [INFO] 找到SECTION ID: Ｍ３８１０−株式売買受注区分識別番号取得処理 (行 5811)
2025-09-07 08:40:08,035 [INFO] 找到SECTION ID: Ｍ３８２１−株式売買条件付受注区分識別番号取得処理 (行 5839)
2025-09-07 08:40:08,036 [INFO] 找到SECTION ID: Ｍ３９００−連続二次注文同時取消取得処理 (行 5864)
2025-09-07 08:40:08,037 [INFO] 找到SECTION ID: Ｍ３９１０−株式売買受注ＯＰＥＮ処理 (行 5908)
2025-09-07 08:40:08,038 [INFO] 找到SECTION ID: Ｍ３９３０−株式売買訂正取消結果ＤＢ分散番号取得処理 (行 5980)
2025-09-07 08:40:08,039 [INFO] 找到SECTION ID: Ｍ３９４０−株式売買訂正取消結果ＯＰＥＮ処理２ (行 6008)
2025-09-07 08:40:08,041 [INFO] 找到SECTION ID: Ｍ３Ａ００−市場訂正取消結果取得処理 (行 6104)
2025-09-07 08:40:08,041 [INFO] 找到SECTION ID: Ｍ３Ａ１０−ＤＢ分散番号取得処理 (行 6134)
2025-09-07 08:40:08,042 [INFO] 找到SECTION ID: Ｍ３Ａ２０−株式売買訂正取消結果ＯＰＥＮ処理 (行 6162)
2025-09-07 08:40:08,043 [INFO] 找到SECTION ID: Ｍ３Ｂ００−条件株価訂正取得処理 (行 6257)
2025-09-07 08:40:08,044 [INFO] 找到SECTION ID: Ｍ３Ｂ１０−ＤＢ分散番号取得処理 (行 6287)
2025-09-07 08:40:08,044 [INFO] 找到SECTION ID: Ｍ３Ｂ２０−ルールエンジン結果通知ＯＰＥＮ処理 (行 6315)
2025-09-07 08:40:08,046 [INFO] 找到SECTION ID: Ｍ３Ｃ００−出来約定取得処理 (行 6407)
2025-09-07 08:40:08,049 [INFO] 找到SECTION ID: Ｍ３Ｃ１０−ＤＢ分散番号取得処理 (行 6523)
2025-09-07 08:40:08,050 [INFO] 找到SECTION ID: Ｍ３Ｃ２０−株式売買約定ＯＰＥＮ処理 (行 6551)
2025-09-07 08:40:08,052 [INFO] 找到SECTION ID: Ｍ３Ｃ３０−株式売買約定取得処理 (行 6652)
2025-09-07 08:40:08,054 [INFO] 找到SECTION ID: Ｍ３Ｃ４０−イベント状態判別処理 (行 6740)
2025-09-07 08:40:08,055 [INFO] 找到SECTION ID: Ｍ３Ｃ５０−株式売買ＳＯＲ出来価格改善金額ＯＰＥＮ処理 (行 6796)
2025-09-07 08:40:08,057 [INFO] 找到SECTION ID: Ｍ３Ｄ００−履歴データ編集処理 (行 6912)
2025-09-07 08:40:08,058 [INFO] 找到SECTION ID: Ｍ３Ｄ１０−履歴データ編集用ループ処理 (行 6964)
2025-09-07 08:40:08,060 [INFO] 找到SECTION ID: Ｍ３Ｄ１１−自動訂正取消編集処理 (行 7018)
2025-09-07 08:40:08,060 [INFO] 找到SECTION ID: Ｍ３Ｄ１２−デュアル指値自動訂正失効編集処理 (行 7049)
2025-09-07 08:40:08,061 [INFO] 找到SECTION ID: Ｍ３Ｄ１３−連続二次注文同時取消編集処理 (行 7071)
2025-09-07 08:40:08,061 [INFO] 找到SECTION ID: Ｍ３Ｄ１４−市場訂正取消結果編集処理 (行 7102)
2025-09-07 08:40:08,062 [INFO] 找到SECTION ID: Ｍ３Ｄ１５−条件株価訂正編集処理 (行 7133)
2025-09-07 08:40:08,063 [INFO] 找到SECTION ID: Ｍ３Ｄ１６−出来約定編集処理 (行 7164)
2025-09-07 08:40:08,064 [INFO] 找到SECTION ID: Ｍ３Ｄ１７−注文失効編集処理 (行 7241)
2025-09-07 08:40:08,065 [INFO] 找到SECTION ID: Ｍ３Ｅ００−ＪＢ出来終了フラグ取得処理 (行 7263)
2025-09-07 08:40:08,067 [INFO] 找到SECTION ID: Ｍ３Ｆ００−前営業日取得 (行 7369)
2025-09-07 08:40:08,068 [INFO] 找到SECTION ID: Ｍ４０００−下り電文編集処理 (行 7443)
2025-09-07 08:40:08,070 [INFO] 找到SECTION ID: Ｍ４１００−下り電文変換情報取得処理 (行 7584)
2025-09-07 08:40:08,071 [INFO] 找到SECTION ID: Ｍ４２００−下り電文編集処理１ (行 7610)
2025-09-07 08:40:08,075 [INFO] 找到SECTION ID: Ｍ４３００−下り電文編集処理２ (行 7811)
2025-09-07 08:40:08,079 [INFO] 找到SECTION ID: Ｍ４４００−下り電文編集処理３ (行 7982)
2025-09-07 08:40:08,083 [INFO] 找到SECTION ID: Ｍ４５００−下り電文編集処理４ (行 8182)
2025-09-07 08:40:08,087 [INFO] 找到SECTION ID: Ｍ４６００−ＣＬＯＳＥ処理 (行 8354)
2025-09-07 08:40:08,088 [INFO] 找到SECTION ID: Ｍ４６１０−株式売買受注ＣＬＯＳＥ処理 (行 8412)
2025-09-07 08:40:08,089 [INFO] 找到SECTION ID: Ｍ４６２０−株式売買受注２ＣＬＯＳＥ処理 (行 8464)
2025-09-07 08:40:08,089 [INFO] 找到SECTION ID: Ｍ４６３０−株式売買訂正取消結果ＣＬＯＳＥ処理 (行 8516)
2025-09-07 08:40:08,090 [INFO] 找到SECTION ID: Ｍ４６４０−ルールエンジン結果通知ＣＬＯＳＥ処理 (行 8568)
2025-09-07 08:40:08,091 [INFO] 找到SECTION ID: Ｍ４６５０−株式売買約定ＣＬＯＳＥ処理 (行 8620)
2025-09-07 08:40:08,092 [INFO] 找到SECTION ID: Ｍ４６６０−株式売買訂正取消結果ＣＬＯＳＥ処理２ (行 8672)
2025-09-07 08:40:08,093 [INFO] 找到SECTION ID: Ｍ４６７０−株式売買ＳＯＲ出来価格改善金額ＣＬＯＳＥ処理 (行 8725)
2025-09-07 08:40:08,094 [INFO] 找到SECTION ID: Ｍ４Ｙ００−下り電文編集処理Ｅ１ (行 8778)
2025-09-07 08:40:08,095 [INFO] 找到SECTION ID: Ｍ４Ｙ１０−下り電文編集処理Ｅ２ (行 8800)
2025-09-07 08:40:08,096 [INFO] 找到SECTION ID: Ｍ４Ｚ００−下り電文エラー編集処理 (行 8862)
2025-09-07 08:40:08,096 [INFO] 找到SECTION ID: Ｅ００００−終了処理 (行 8881)
2025-09-07 08:40:08,097 [INFO] 找到SECTION ID: Ｅ１０００−出力前最終処理 (行 8935)
2025-09-07 08:40:08,097 [INFO] 找到SECTION ID: Ｚ１０００−メッセージ編集処理 (行 8954)
2025-09-07 08:40:08,097 [INFO] 找到SECTION ID: Ｚ２０００−メッセージ出力処理 (行 8964)
2025-09-07 08:40:08,098 [INFO] 找到SECTION ID: Ｚ３０００−ＤＯＴ電文変換情報取得処理 (行 8977)
2025-09-07 08:40:08,099 [INFO] 找到SECTION ID: Ｚ４０００−上り電文エラー処理 (行 9037)
2025-09-07 08:40:08,099 [INFO] 找到SECTION ID: Ｚ５０００−下り電文エラー処理 (行 9084)
2025-09-07 08:40:08,100 [INFO] 找到SECTION ID: Ｚ６０００−コンソールメッセージ出力処理 (行 9116)
2025-09-07 08:40:08,100 [INFO] 找到SECTION ID: Ｚ７０００−共通＿ＤＢ分散番号取得処理 (行 9136)
2025-09-07 08:40:08,101 [INFO] 找到SECTION ID: ＺＡ１００−自動訂正取消履歴ワーク編集処理 (行 9173)
2025-09-07 08:40:08,106 [INFO] 找到SECTION ID: ＺＡ２００−デュアル指値自動訂正失効ワーク編集処理 (行 9433)
2025-09-07 08:40:08,109 [INFO] 找到SECTION ID: ＺＡ３００−連続二次注文同時取消ワーク編集処理 (行 9575)
2025-09-07 08:40:08,114 [INFO] 找到SECTION ID: ＺＡ４００−市場訂正取消結果ワーク編集処理 (行 9781)
2025-09-07 08:40:08,119 [INFO] 找到SECTION ID: ＺＡ５００−条件株価訂正ワーク編集処理 (行 10054)
2025-09-07 08:40:08,123 [INFO] 找到SECTION ID: ＺＡ６００−出来約定履歴ワーク編集処理 (行 10260)
2025-09-07 08:40:08,125 [INFO] 找到SECTION ID: ＺＡ６１０−現行市場区分取得処理 (行 10344)
2025-09-07 08:40:08,127 [INFO] 找到SECTION ID: ＺＡ６２０−最良市場区分取得処理 (行 10427)
2025-09-07 08:40:08,128 [INFO] 找到SECTION ID: ＺＡ７００−注文失効履歴ワーク編集処理 (行 10511)
2025-09-07 08:40:08,129 [INFO] 找到SECTION ID: ＺＡ８００−信用取引現引現渡履歴ワーク編集処理 (行 10554)
2025-09-07 08:40:08,130 [INFO] 找到SECTION ID: ＺＡ９００−株式売買約定履歴ワーク編集処理 (行 10600)
2025-09-07 08:40:08,131 [INFO] 找到SECTION ID: ＺＢ１００−株式売買受注取得処理 (行 10647)
2025-09-07 08:40:08,133 [INFO] 找到SECTION ID: ＺＢ２００−デュアル指値自動訂正失効取得処理 (行 10737)
2025-09-07 08:40:08,135 [INFO] 找到SECTION ID: ＺＢ３００−株式売買受注取得処理 (行 10870)
2025-09-07 08:40:08,137 [INFO] 找到SECTION ID: ＺＢ４００−株式売買訂正取消結果ＦＥＴＣＨ処理 (行 10960)
2025-09-07 08:40:08,139 [INFO] 找到SECTION ID: ＺＢ５００−株式売買訂正取消結果取得処理 (行 11050)
2025-09-07 08:40:08,141 [INFO] 找到SECTION ID: ＺＢ６００−ルールエンジン結果通知取得処理 (行 11140)
2025-09-07 08:40:08,143 [INFO] 找到SECTION ID: ＺＢ７００−株式売買約定取得処理 (行 11230)
2025-09-07 08:40:08,145 [INFO] 找到SECTION ID: ＺＢ８００−株式売買ＳＯＲ出来価格改善金額ＦＥＴＣＨ処理 (行 11321)
2025-09-07 08:40:08,147 [INFO] 找到SECTION ID: ＺＢ９００−フラグ編集処理 (行 11411)
2025-09-07 08:40:08,148 [INFO] 找到SECTION ID: ＺＣ１００−株式売買条件付受注情報取得処理 (行 11478)
2025-09-07 08:40:08,149 [INFO] 成功提取 133 个SECTION ID
2025-09-07 08:40:10,556 [INFO] 开始解析SECTION ID - 文件: MBAC3900.ipo 程序ID: MBAC3900
2025-09-07 08:40:10,568 [INFO] 成功读取 11566 行
2025-09-07 08:40:10,568 [INFO] 找到SECTION ID: CONFIGURATION (行 26)
2025-09-07 08:40:10,568 [INFO] 找到SECTION ID: WORKING-STORAGE (行 34)
2025-09-07 08:40:10,589 [INFO] 找到SECTION ID: LINKAGE (行 1284)
2025-09-07 08:40:10,590 [INFO] 找到SECTION ID: ＭＢＡＣ３９００−ＭＡＩＮ (行 1362)
2025-09-07 08:40:10,591 [INFO] 找到SECTION ID: Ｓ００００−初期処理 (行 1380)
2025-09-07 08:40:10,591 [INFO] 找到SECTION ID: Ｓ１０００−エリア獲得処理 (行 1405)
2025-09-07 08:40:10,591 [INFO] 找到SECTION ID: Ｓ１１００−変換後電文エリア獲得処理 (行 1415)
2025-09-07 08:40:10,592 [INFO] 找到SECTION ID: Ｓ２０００−ワークエリア初期化処理 (行 1436)
2025-09-07 08:40:10,597 [INFO] 找到SECTION ID: Ｍ００００−主処理 (行 1654)
2025-09-07 08:40:10,598 [INFO] 找到SECTION ID: Ｍ１０００−ＦＣＣ処理 (行 1681)
2025-09-07 08:40:10,599 [INFO] 找到SECTION ID: Ｍ２０００−上り電文編集処理 (行 1746)
2025-09-07 08:40:10,600 [INFO] 找到SECTION ID: Ｍ２１００−上り電文変換情報取得処理 (行 1801)
2025-09-07 08:40:10,600 [INFO] 找到SECTION ID: Ｍ２１１０−ＮＩＳＡ口座判定処理 (行 1828)
2025-09-07 08:40:10,600 [INFO] 找到SECTION ID: Ｍ２２００−上り電文編集処理１ (行 1843)
2025-09-07 08:40:10,601 [INFO] 找到SECTION ID: Ｍ２３００−ＤＢ関連チェック処理 (行 1859)
2025-09-07 08:40:10,601 [INFO] 找到SECTION ID: Ｍ２３１０−ＤＯＴサービス時間チェック処理 (行 1907)
2025-09-07 08:40:10,603 [INFO] 找到SECTION ID: Ｍ２３１１−口座変換処理 (行 1986)
2025-09-07 08:40:10,605 [INFO] 找到SECTION ID: Ｍ２３１２−取引確認口座・動作確認口座判別処理 (行 2099)
2025-09-07 08:40:10,606 [INFO] 找到SECTION ID: Ｍ２３１３−ＤＯＴ株式サービス時間チェック処理 (行 2182)
2025-09-07 08:40:10,608 [INFO] 找到SECTION ID: Ｍ２３２０−口座存在チェック処理 (行 2275)
2025-09-07 08:40:10,608 [INFO] 找到SECTION ID: Ｍ２３３０−ＮＩＳＡ口座有効チェック処理 (行 2298)
2025-09-07 08:40:10,611 [INFO] 找到SECTION ID: Ｍ２３４０−ＤＯＴ受付番号チェック処理 (行 2442)
2025-09-07 08:40:10,612 [INFO] 找到SECTION ID: Ｍ３０００−編集処理 (行 2466)
2025-09-07 08:40:10,615 [INFO] 找到SECTION ID: Ｍ３１００−ＤＯＴ業務日付取得処理 (行 2649)
2025-09-07 08:40:10,616 [INFO] 找到SECTION ID: Ｍ３２００−直近株式売買注文取得処理 (行 2728)
2025-09-07 08:40:10,617 [INFO] 找到SECTION ID: Ｍ３２１０−ＤＢ分散番号取得処理 (行 2763)
2025-09-07 08:40:10,617 [INFO] 找到SECTION ID: Ｍ３２２０−直近株式売買注文取得処理 (行 2791)
2025-09-07 08:40:10,620 [INFO] 找到SECTION ID: Ｍ３２３０−付加情報取得処理 (行 2928)
2025-09-07 08:40:10,620 [INFO] 找到SECTION ID: Ｍ３２３１−区分識別番号取得処理 (行 2949)
2025-09-07 08:40:10,621 [INFO] 找到SECTION ID: Ｍ３２３２−条件付注文情報取得処理 (行 2974)
2025-09-07 08:40:10,622 [INFO] 找到SECTION ID: Ｍ３２４０−連続注文の相手方注文データ取得処理 (行 3052)
2025-09-07 08:40:10,622 [INFO] 找到SECTION ID: Ｍ３２４１−連続注文相手方注文データ取得処理 (行 3069)
2025-09-07 08:40:10,623 [INFO] 找到SECTION ID: Ｍ３３００−信用取引現引現渡受注取得処理 (行 3110)
2025-09-07 08:40:10,624 [INFO] 找到SECTION ID: Ｍ３４００−株式売買約定注文データ取得処理 (行 3205)
2025-09-07 08:40:10,625 [INFO] 找到SECTION ID: Ｍ３４１０−ＤＢ分散番号取得処理 (行 3225)
2025-09-07 08:40:10,625 [INFO] 找到SECTION ID: Ｍ３４２０−株式売買約定取得処理 (行 3253)
2025-09-07 08:40:10,627 [INFO] 找到SECTION ID: Ｍ３５００−履歴データ以外の編集用データ取得処理 (行 3354)
2025-09-07 08:40:10,630 [INFO] 找到SECTION ID: Ｍ３５１０−受渡日取得処理 (行 3505)
2025-09-07 08:40:10,631 [INFO] 找到SECTION ID: Ｍ３５２０−付加情報取得処理 (行 3593)
2025-09-07 08:40:10,631 [INFO] 找到SECTION ID: Ｍ３５２１−銘柄簡略名取得処理 (行 3606)
2025-09-07 08:40:10,633 [INFO] 找到SECTION ID: Ｍ３５２２−上場部コード取得処理 (行 3719)
2025-09-07 08:40:10,636 [INFO] 找到SECTION ID: Ｍ３５３０−ＤＯＴ株式注文状態＆注文状況取得処理 (行 3833)
2025-09-07 08:40:10,638 [INFO] 找到SECTION ID: Ｍ３５４０−取引所コード変換処理 (行 3959)
2025-09-07 08:40:10,640 [INFO] 找到SECTION ID: Ｍ３５５０−取引簡略コード変換処理 (行 4060)
2025-09-07 08:40:10,643 [INFO] 找到SECTION ID: Ｍ３５６０−ＶＷＡＰ注文判定処理 (行 4206)
2025-09-07 08:40:10,644 [INFO] 找到SECTION ID: Ｍ３５７０−対面非対面注文区分取得処理 (行 4251)
2025-09-07 08:40:10,645 [INFO] 找到SECTION ID: Ｍ３５８０−履歴データ以外ワーク編集処理 (行 4334)
2025-09-07 08:40:10,646 [INFO] 找到SECTION ID: Ｍ３５８１−直近株式売買履歴以外ワーク編集処理 (行 4372)
2025-09-07 08:40:10,655 [INFO] 找到SECTION ID: Ｍ３５８２−信用取引現引現渡履歴以外ワーク編集処理 (行 4819)
2025-09-07 08:40:10,657 [INFO] 找到SECTION ID: Ｍ３５８３−株式売買約定履歴以外ワーク編集処理 (行 4922)
2025-09-07 08:40:10,660 [INFO] 找到SECTION ID: Ｍ３６００−原注文取得処理 (行 5094)
2025-09-07 08:40:10,661 [INFO] 找到SECTION ID: Ｍ３６２０−株式売買受注原注文取得処理 (行 5141)
2025-09-07 08:40:10,663 [INFO] 找到SECTION ID: Ｍ３６３０−条件付注文情報取得処理 (行 5253)
2025-09-07 08:40:10,664 [INFO] 找到SECTION ID: Ｍ３６４０−原注文履歴ワーク編集処理 (行 5277)
2025-09-07 08:40:10,670 [INFO] 找到SECTION ID: Ｍ３６５０−前営業日に受注した注文原注文内容取得 (行 5543)
2025-09-07 08:40:10,671 [INFO] 找到SECTION ID: Ｍ３６５１−直近注文区分識別番号取得処理 (行 5563)
2025-09-07 08:40:10,671 [INFO] 找到SECTION ID: Ｍ３６５２−直近株式売買注文履歴を取得処理 (行 5591)
2025-09-07 08:40:10,673 [INFO] 找到SECTION ID: Ｍ３７００−自動訂正取消取得処理 (行 5683)
2025-09-07 08:40:10,674 [INFO] 找到SECTION ID: Ｍ３７１０−株式売買受注ＯＰＥＮ処理 (行 5703)
2025-09-07 08:40:10,676 [INFO] 找到SECTION ID: Ｍ３８００−区分識別番号取得処理 (行 5801)
2025-09-07 08:40:10,676 [INFO] 找到SECTION ID: Ｍ３８１０−株式売買受注区分識別番号取得処理 (行 5811)
2025-09-07 08:40:10,677 [INFO] 找到SECTION ID: Ｍ３８２１−株式売買条件付受注区分識別番号取得処理 (行 5839)
2025-09-07 08:40:10,677 [INFO] 找到SECTION ID: Ｍ３９００−連続二次注文同時取消取得処理 (行 5864)
2025-09-07 08:40:10,678 [INFO] 找到SECTION ID: Ｍ３９１０−株式売買受注ＯＰＥＮ処理 (行 5908)
2025-09-07 08:40:10,679 [INFO] 找到SECTION ID: Ｍ３９３０−株式売買訂正取消結果ＤＢ分散番号取得処理 (行 5980)
2025-09-07 08:40:10,680 [INFO] 找到SECTION ID: Ｍ３９４０−株式売買訂正取消結果ＯＰＥＮ処理２ (行 6008)
2025-09-07 08:40:10,682 [INFO] 找到SECTION ID: Ｍ３Ａ００−市場訂正取消結果取得処理 (行 6104)
2025-09-07 08:40:10,683 [INFO] 找到SECTION ID: Ｍ３Ａ１０−ＤＢ分散番号取得処理 (行 6134)
2025-09-07 08:40:10,683 [INFO] 找到SECTION ID: Ｍ３Ａ２０−株式売買訂正取消結果ＯＰＥＮ処理 (行 6162)
2025-09-07 08:40:10,685 [INFO] 找到SECTION ID: Ｍ３Ｂ００−条件株価訂正取得処理 (行 6257)
2025-09-07 08:40:10,685 [INFO] 找到SECTION ID: Ｍ３Ｂ１０−ＤＢ分散番号取得処理 (行 6287)
2025-09-07 08:40:10,686 [INFO] 找到SECTION ID: Ｍ３Ｂ２０−ルールエンジン結果通知ＯＰＥＮ処理 (行 6315)
2025-09-07 08:40:10,688 [INFO] 找到SECTION ID: Ｍ３Ｃ００−出来約定取得処理 (行 6407)
2025-09-07 08:40:10,690 [INFO] 找到SECTION ID: Ｍ３Ｃ１０−ＤＢ分散番号取得処理 (行 6523)
2025-09-07 08:40:10,690 [INFO] 找到SECTION ID: Ｍ３Ｃ２０−株式売買約定ＯＰＥＮ処理 (行 6551)
2025-09-07 08:40:10,692 [INFO] 找到SECTION ID: Ｍ３Ｃ３０−株式売買約定取得処理 (行 6652)
2025-09-07 08:40:10,694 [INFO] 找到SECTION ID: Ｍ３Ｃ４０−イベント状態判別処理 (行 6740)
2025-09-07 08:40:10,695 [INFO] 找到SECTION ID: Ｍ３Ｃ５０−株式売買ＳＯＲ出来価格改善金額ＯＰＥＮ処理 (行 6796)
2025-09-07 08:40:10,698 [INFO] 找到SECTION ID: Ｍ３Ｄ００−履歴データ編集処理 (行 6912)
2025-09-07 08:40:10,700 [INFO] 找到SECTION ID: Ｍ３Ｄ１０−履歴データ編集用ループ処理 (行 6964)
2025-09-07 08:40:10,701 [INFO] 找到SECTION ID: Ｍ３Ｄ１１−自動訂正取消編集処理 (行 7018)
2025-09-07 08:40:10,702 [INFO] 找到SECTION ID: Ｍ３Ｄ１２−デュアル指値自動訂正失効編集処理 (行 7049)
2025-09-07 08:40:10,703 [INFO] 找到SECTION ID: Ｍ３Ｄ１３−連続二次注文同時取消編集処理 (行 7071)
2025-09-07 08:40:10,704 [INFO] 找到SECTION ID: Ｍ３Ｄ１４−市場訂正取消結果編集処理 (行 7102)
2025-09-07 08:40:10,705 [INFO] 找到SECTION ID: Ｍ３Ｄ１５−条件株価訂正編集処理 (行 7133)
2025-09-07 08:40:10,705 [INFO] 找到SECTION ID: Ｍ３Ｄ１６−出来約定編集処理 (行 7164)
2025-09-07 08:40:10,708 [INFO] 找到SECTION ID: Ｍ３Ｄ１７−注文失効編集処理 (行 7241)
2025-09-07 08:40:10,708 [INFO] 找到SECTION ID: Ｍ３Ｅ００−ＪＢ出来終了フラグ取得処理 (行 7263)
2025-09-07 08:40:10,710 [INFO] 找到SECTION ID: Ｍ３Ｆ００−前営業日取得 (行 7369)
2025-09-07 08:40:10,712 [INFO] 找到SECTION ID: Ｍ４０００−下り電文編集処理 (行 7443)
2025-09-07 08:40:10,714 [INFO] 找到SECTION ID: Ｍ４１００−下り電文変換情報取得処理 (行 7584)
2025-09-07 08:40:10,714 [INFO] 找到SECTION ID: Ｍ４２００−下り電文編集処理１ (行 7610)
2025-09-07 08:40:10,719 [INFO] 找到SECTION ID: Ｍ４３００−下り電文編集処理２ (行 7811)
2025-09-07 08:40:10,722 [INFO] 找到SECTION ID: Ｍ４４００−下り電文編集処理３ (行 7982)
2025-09-07 08:40:10,727 [INFO] 找到SECTION ID: Ｍ４５００−下り電文編集処理４ (行 8182)
2025-09-07 08:40:10,730 [INFO] 找到SECTION ID: Ｍ４６００−ＣＬＯＳＥ処理 (行 8354)
2025-09-07 08:40:10,731 [INFO] 找到SECTION ID: Ｍ４６１０−株式売買受注ＣＬＯＳＥ処理 (行 8412)
2025-09-07 08:40:10,732 [INFO] 找到SECTION ID: Ｍ４６２０−株式売買受注２ＣＬＯＳＥ処理 (行 8464)
2025-09-07 08:40:10,733 [INFO] 找到SECTION ID: Ｍ４６３０−株式売買訂正取消結果ＣＬＯＳＥ処理 (行 8516)
2025-09-07 08:40:10,734 [INFO] 找到SECTION ID: Ｍ４６４０−ルールエンジン結果通知ＣＬＯＳＥ処理 (行 8568)
2025-09-07 08:40:10,735 [INFO] 找到SECTION ID: Ｍ４６５０−株式売買約定ＣＬＯＳＥ処理 (行 8620)
2025-09-07 08:40:10,736 [INFO] 找到SECTION ID: Ｍ４６６０−株式売買訂正取消結果ＣＬＯＳＥ処理２ (行 8672)
2025-09-07 08:40:10,737 [INFO] 找到SECTION ID: Ｍ４６７０−株式売買ＳＯＲ出来価格改善金額ＣＬＯＳＥ処理 (行 8725)
2025-09-07 08:40:10,738 [INFO] 找到SECTION ID: Ｍ４Ｙ００−下り電文編集処理Ｅ１ (行 8778)
2025-09-07 08:40:10,738 [INFO] 找到SECTION ID: Ｍ４Ｙ１０−下り電文編集処理Ｅ２ (行 8800)
2025-09-07 08:40:10,739 [INFO] 找到SECTION ID: Ｍ４Ｚ００−下り電文エラー編集処理 (行 8862)
2025-09-07 08:40:10,740 [INFO] 找到SECTION ID: Ｅ００００−終了処理 (行 8881)
2025-09-07 08:40:10,740 [INFO] 找到SECTION ID: Ｅ１０００−出力前最終処理 (行 8935)
2025-09-07 08:40:10,740 [INFO] 找到SECTION ID: Ｚ１０００−メッセージ編集処理 (行 8954)
2025-09-07 08:40:10,740 [INFO] 找到SECTION ID: Ｚ２０００−メッセージ出力処理 (行 8964)
2025-09-07 08:40:10,741 [INFO] 找到SECTION ID: Ｚ３０００−ＤＯＴ電文変換情報取得処理 (行 8977)
2025-09-07 08:40:10,742 [INFO] 找到SECTION ID: Ｚ４０００−上り電文エラー処理 (行 9037)
2025-09-07 08:40:10,742 [INFO] 找到SECTION ID: Ｚ５０００−下り電文エラー処理 (行 9084)
2025-09-07 08:40:10,743 [INFO] 找到SECTION ID: Ｚ６０００−コンソールメッセージ出力処理 (行 9116)
2025-09-07 08:40:10,743 [INFO] 找到SECTION ID: Ｚ７０００−共通＿ＤＢ分散番号取得処理 (行 9136)
2025-09-07 08:40:10,744 [INFO] 找到SECTION ID: ＺＡ１００−自動訂正取消履歴ワーク編集処理 (行 9173)
2025-09-07 08:40:10,750 [INFO] 找到SECTION ID: ＺＡ２００−デュアル指値自動訂正失効ワーク編集処理 (行 9433)
2025-09-07 08:40:10,753 [INFO] 找到SECTION ID: ＺＡ３００−連続二次注文同時取消ワーク編集処理 (行 9575)
2025-09-07 08:40:10,757 [INFO] 找到SECTION ID: ＺＡ４００−市場訂正取消結果ワーク編集処理 (行 9781)
2025-09-07 08:40:10,762 [INFO] 找到SECTION ID: ＺＡ５００−条件株価訂正ワーク編集処理 (行 10054)
2025-09-07 08:40:10,766 [INFO] 找到SECTION ID: ＺＡ６００−出来約定履歴ワーク編集処理 (行 10260)
2025-09-07 08:40:10,768 [INFO] 找到SECTION ID: ＺＡ６１０−現行市場区分取得処理 (行 10344)
2025-09-07 08:40:10,770 [INFO] 找到SECTION ID: ＺＡ６２０−最良市場区分取得処理 (行 10427)
2025-09-07 08:40:10,771 [INFO] 找到SECTION ID: ＺＡ７００−注文失効履歴ワーク編集処理 (行 10511)
2025-09-07 08:40:10,772 [INFO] 找到SECTION ID: ＺＡ８００−信用取引現引現渡履歴ワーク編集処理 (行 10554)
2025-09-07 08:40:10,773 [INFO] 找到SECTION ID: ＺＡ９００−株式売買約定履歴ワーク編集処理 (行 10600)
2025-09-07 08:40:10,774 [INFO] 找到SECTION ID: ＺＢ１００−株式売買受注取得処理 (行 10647)
2025-09-07 08:40:10,776 [INFO] 找到SECTION ID: ＺＢ２００−デュアル指値自動訂正失効取得処理 (行 10737)
2025-09-07 08:40:10,779 [INFO] 找到SECTION ID: ＺＢ３００−株式売買受注取得処理 (行 10870)
2025-09-07 08:40:10,781 [INFO] 找到SECTION ID: ＺＢ４００−株式売買訂正取消結果ＦＥＴＣＨ処理 (行 10960)
2025-09-07 08:40:10,783 [INFO] 找到SECTION ID: ＺＢ５００−株式売買訂正取消結果取得処理 (行 11050)
2025-09-07 08:40:10,785 [INFO] 找到SECTION ID: ＺＢ６００−ルールエンジン結果通知取得処理 (行 11140)
2025-09-07 08:40:10,787 [INFO] 找到SECTION ID: ＺＢ７００−株式売買約定取得処理 (行 11230)
2025-09-07 08:40:10,789 [INFO] 找到SECTION ID: ＺＢ８００−株式売買ＳＯＲ出来価格改善金額ＦＥＴＣＨ処理 (行 11321)
2025-09-07 08:40:10,790 [INFO] 找到SECTION ID: ＺＢ９００−フラグ編集処理 (行 11411)
2025-09-07 08:40:10,791 [INFO] 找到SECTION ID: ＺＣ１００−株式売買条件付受注情報取得処理 (行 11478)
2025-09-07 08:40:10,793 [INFO] 成功提取 133 个SECTION ID
2025-09-07 08:40:17,108 [INFO] 开始解析SECTION ID - 文件: MBAC3900.ipo 程序ID: MBAC3900
2025-09-07 08:40:17,120 [INFO] 成功读取 11566 行
2025-09-07 08:40:17,120 [INFO] 找到SECTION ID: CONFIGURATION (行 26)
2025-09-07 08:40:17,121 [INFO] 找到SECTION ID: WORKING-STORAGE (行 34)
2025-09-07 08:40:17,146 [INFO] 找到SECTION ID: LINKAGE (行 1284)
2025-09-07 08:40:17,147 [INFO] 找到SECTION ID: ＭＢＡＣ３９００−ＭＡＩＮ (行 1362)
2025-09-07 08:40:17,148 [INFO] 找到SECTION ID: Ｓ００００−初期処理 (行 1380)
2025-09-07 08:40:17,148 [INFO] 找到SECTION ID: Ｓ１０００−エリア獲得処理 (行 1405)
2025-09-07 08:40:17,148 [INFO] 找到SECTION ID: Ｓ１１００−変換後電文エリア獲得処理 (行 1415)
2025-09-07 08:40:17,148 [INFO] 找到SECTION ID: Ｓ２０００−ワークエリア初期化処理 (行 1436)
2025-09-07 08:40:17,153 [INFO] 找到SECTION ID: Ｍ００００−主処理 (行 1654)
2025-09-07 08:40:17,154 [INFO] 找到SECTION ID: Ｍ１０００−ＦＣＣ処理 (行 1681)
2025-09-07 08:40:17,155 [INFO] 找到SECTION ID: Ｍ２０００−上り電文編集処理 (行 1746)
2025-09-07 08:40:17,156 [INFO] 找到SECTION ID: Ｍ２１００−上り電文変換情報取得処理 (行 1801)
2025-09-07 08:40:17,157 [INFO] 找到SECTION ID: Ｍ２１１０−ＮＩＳＡ口座判定処理 (行 1828)
2025-09-07 08:40:17,157 [INFO] 找到SECTION ID: Ｍ２２００−上り電文編集処理１ (行 1843)
2025-09-07 08:40:17,157 [INFO] 找到SECTION ID: Ｍ２３００−ＤＢ関連チェック処理 (行 1859)
2025-09-07 08:40:17,158 [INFO] 找到SECTION ID: Ｍ２３１０−ＤＯＴサービス時間チェック処理 (行 1907)
2025-09-07 08:40:17,159 [INFO] 找到SECTION ID: Ｍ２３１１−口座変換処理 (行 1986)
2025-09-07 08:40:17,161 [INFO] 找到SECTION ID: Ｍ２３１２−取引確認口座・動作確認口座判別処理 (行 2099)
2025-09-07 08:40:17,163 [INFO] 找到SECTION ID: Ｍ２３１３−ＤＯＴ株式サービス時間チェック処理 (行 2182)
2025-09-07 08:40:17,164 [INFO] 找到SECTION ID: Ｍ２３２０−口座存在チェック処理 (行 2275)
2025-09-07 08:40:17,165 [INFO] 找到SECTION ID: Ｍ２３３０−ＮＩＳＡ口座有効チェック処理 (行 2298)
2025-09-07 08:40:17,167 [INFO] 找到SECTION ID: Ｍ２３４０−ＤＯＴ受付番号チェック処理 (行 2442)
2025-09-07 08:40:17,168 [INFO] 找到SECTION ID: Ｍ３０００−編集処理 (行 2466)
2025-09-07 08:40:17,171 [INFO] 找到SECTION ID: Ｍ３１００−ＤＯＴ業務日付取得処理 (行 2649)
2025-09-07 08:40:17,172 [INFO] 找到SECTION ID: Ｍ３２００−直近株式売買注文取得処理 (行 2728)
2025-09-07 08:40:17,173 [INFO] 找到SECTION ID: Ｍ３２１０−ＤＢ分散番号取得処理 (行 2763)
2025-09-07 08:40:17,173 [INFO] 找到SECTION ID: Ｍ３２２０−直近株式売買注文取得処理 (行 2791)
2025-09-07 08:40:17,175 [INFO] 找到SECTION ID: Ｍ３２３０−付加情報取得処理 (行 2928)
2025-09-07 08:40:17,176 [INFO] 找到SECTION ID: Ｍ３２３１−区分識別番号取得処理 (行 2949)
2025-09-07 08:40:17,176 [INFO] 找到SECTION ID: Ｍ３２３２−条件付注文情報取得処理 (行 2974)
2025-09-07 08:40:17,178 [INFO] 找到SECTION ID: Ｍ３２４０−連続注文の相手方注文データ取得処理 (行 3052)
2025-09-07 08:40:17,178 [INFO] 找到SECTION ID: Ｍ３２４１−連続注文相手方注文データ取得処理 (行 3069)
2025-09-07 08:40:17,179 [INFO] 找到SECTION ID: Ｍ３３００−信用取引現引現渡受注取得処理 (行 3110)
2025-09-07 08:40:17,180 [INFO] 找到SECTION ID: Ｍ３４００−株式売買約定注文データ取得処理 (行 3205)
2025-09-07 08:40:17,181 [INFO] 找到SECTION ID: Ｍ３４１０−ＤＢ分散番号取得処理 (行 3225)
2025-09-07 08:40:17,181 [INFO] 找到SECTION ID: Ｍ３４２０−株式売買約定取得処理 (行 3253)
2025-09-07 08:40:17,183 [INFO] 找到SECTION ID: Ｍ３５００−履歴データ以外の編集用データ取得処理 (行 3354)
2025-09-07 08:40:17,186 [INFO] 找到SECTION ID: Ｍ３５１０−受渡日取得処理 (行 3505)
2025-09-07 08:40:17,188 [INFO] 找到SECTION ID: Ｍ３５２０−付加情報取得処理 (行 3593)
2025-09-07 08:40:17,188 [INFO] 找到SECTION ID: Ｍ３５２１−銘柄簡略名取得処理 (行 3606)
2025-09-07 08:40:17,191 [INFO] 找到SECTION ID: Ｍ３５２２−上場部コード取得処理 (行 3719)
2025-09-07 08:40:17,195 [INFO] 找到SECTION ID: Ｍ３５３０−ＤＯＴ株式注文状態＆注文状況取得処理 (行 3833)
2025-09-07 08:40:17,198 [INFO] 找到SECTION ID: Ｍ３５４０−取引所コード変換処理 (行 3959)
2025-09-07 08:40:17,201 [INFO] 找到SECTION ID: Ｍ３５５０−取引簡略コード変換処理 (行 4060)
2025-09-07 08:40:17,206 [INFO] 找到SECTION ID: Ｍ３５６０−ＶＷＡＰ注文判定処理 (行 4206)
2025-09-07 08:40:17,207 [INFO] 找到SECTION ID: Ｍ３５７０−対面非対面注文区分取得処理 (行 4251)
2025-09-07 08:40:17,209 [INFO] 找到SECTION ID: Ｍ３５８０−履歴データ以外ワーク編集処理 (行 4334)
2025-09-07 08:40:17,209 [INFO] 找到SECTION ID: Ｍ３５８１−直近株式売買履歴以外ワーク編集処理 (行 4372)
2025-09-07 08:40:17,219 [INFO] 找到SECTION ID: Ｍ３５８２−信用取引現引現渡履歴以外ワーク編集処理 (行 4819)
2025-09-07 08:40:17,221 [INFO] 找到SECTION ID: Ｍ３５８３−株式売買約定履歴以外ワーク編集処理 (行 4922)
2025-09-07 08:40:17,225 [INFO] 找到SECTION ID: Ｍ３６００−原注文取得処理 (行 5094)
2025-09-07 08:40:17,225 [INFO] 找到SECTION ID: Ｍ３６２０−株式売買受注原注文取得処理 (行 5141)
2025-09-07 08:40:17,227 [INFO] 找到SECTION ID: Ｍ３６３０−条件付注文情報取得処理 (行 5253)
2025-09-07 08:40:17,228 [INFO] 找到SECTION ID: Ｍ３６４０−原注文履歴ワーク編集処理 (行 5277)
2025-09-07 08:40:17,233 [INFO] 找到SECTION ID: Ｍ３６５０−前営業日に受注した注文原注文内容取得 (行 5543)
2025-09-07 08:40:17,234 [INFO] 找到SECTION ID: Ｍ３６５１−直近注文区分識別番号取得処理 (行 5563)
2025-09-07 08:40:17,234 [INFO] 找到SECTION ID: Ｍ３６５２−直近株式売買注文履歴を取得処理 (行 5591)
2025-09-07 08:40:17,236 [INFO] 找到SECTION ID: Ｍ３７００−自動訂正取消取得処理 (行 5683)
2025-09-07 08:40:17,236 [INFO] 找到SECTION ID: Ｍ３７１０−株式売買受注ＯＰＥＮ処理 (行 5703)
2025-09-07 08:40:17,238 [INFO] 找到SECTION ID: Ｍ３８００−区分識別番号取得処理 (行 5801)
2025-09-07 08:40:17,238 [INFO] 找到SECTION ID: Ｍ３８１０−株式売買受注区分識別番号取得処理 (行 5811)
2025-09-07 08:40:17,239 [INFO] 找到SECTION ID: Ｍ３８２１−株式売買条件付受注区分識別番号取得処理 (行 5839)
2025-09-07 08:40:17,239 [INFO] 找到SECTION ID: Ｍ３９００−連続二次注文同時取消取得処理 (行 5864)
2025-09-07 08:40:17,240 [INFO] 找到SECTION ID: Ｍ３９１０−株式売買受注ＯＰＥＮ処理 (行 5908)
2025-09-07 08:40:17,241 [INFO] 找到SECTION ID: Ｍ３９３０−株式売買訂正取消結果ＤＢ分散番号取得処理 (行 5980)
2025-09-07 08:40:17,242 [INFO] 找到SECTION ID: Ｍ３９４０−株式売買訂正取消結果ＯＰＥＮ処理２ (行 6008)
2025-09-07 08:40:17,244 [INFO] 找到SECTION ID: Ｍ３Ａ００−市場訂正取消結果取得処理 (行 6104)
2025-09-07 08:40:17,244 [INFO] 找到SECTION ID: Ｍ３Ａ１０−ＤＢ分散番号取得処理 (行 6134)
2025-09-07 08:40:17,245 [INFO] 找到SECTION ID: Ｍ３Ａ２０−株式売買訂正取消結果ＯＰＥＮ処理 (行 6162)
2025-09-07 08:40:17,247 [INFO] 找到SECTION ID: Ｍ３Ｂ００−条件株価訂正取得処理 (行 6257)
2025-09-07 08:40:17,247 [INFO] 找到SECTION ID: Ｍ３Ｂ１０−ＤＢ分散番号取得処理 (行 6287)
2025-09-07 08:40:17,248 [INFO] 找到SECTION ID: Ｍ３Ｂ２０−ルールエンジン結果通知ＯＰＥＮ処理 (行 6315)
2025-09-07 08:40:17,249 [INFO] 找到SECTION ID: Ｍ３Ｃ００−出来約定取得処理 (行 6407)
2025-09-07 08:40:17,251 [INFO] 找到SECTION ID: Ｍ３Ｃ１０−ＤＢ分散番号取得処理 (行 6523)
2025-09-07 08:40:17,252 [INFO] 找到SECTION ID: Ｍ３Ｃ２０−株式売買約定ＯＰＥＮ処理 (行 6551)
2025-09-07 08:40:17,254 [INFO] 找到SECTION ID: Ｍ３Ｃ３０−株式売買約定取得処理 (行 6652)
2025-09-07 08:40:17,256 [INFO] 找到SECTION ID: Ｍ３Ｃ４０−イベント状態判別処理 (行 6740)
2025-09-07 08:40:17,257 [INFO] 找到SECTION ID: Ｍ３Ｃ５０−株式売買ＳＯＲ出来価格改善金額ＯＰＥＮ処理 (行 6796)
2025-09-07 08:40:17,259 [INFO] 找到SECTION ID: Ｍ３Ｄ００−履歴データ編集処理 (行 6912)
2025-09-07 08:40:17,260 [INFO] 找到SECTION ID: Ｍ３Ｄ１０−履歴データ編集用ループ処理 (行 6964)
2025-09-07 08:40:17,261 [INFO] 找到SECTION ID: Ｍ３Ｄ１１−自動訂正取消編集処理 (行 7018)
2025-09-07 08:40:17,262 [INFO] 找到SECTION ID: Ｍ３Ｄ１２−デュアル指値自動訂正失効編集処理 (行 7049)
2025-09-07 08:40:17,262 [INFO] 找到SECTION ID: Ｍ３Ｄ１３−連続二次注文同時取消編集処理 (行 7071)
2025-09-07 08:40:17,263 [INFO] 找到SECTION ID: Ｍ３Ｄ１４−市場訂正取消結果編集処理 (行 7102)
2025-09-07 08:40:17,263 [INFO] 找到SECTION ID: Ｍ３Ｄ１５−条件株価訂正編集処理 (行 7133)
2025-09-07 08:40:17,264 [INFO] 找到SECTION ID: Ｍ３Ｄ１６−出来約定編集処理 (行 7164)
2025-09-07 08:40:17,265 [INFO] 找到SECTION ID: Ｍ３Ｄ１７−注文失効編集処理 (行 7241)
2025-09-07 08:40:17,265 [INFO] 找到SECTION ID: Ｍ３Ｅ００−ＪＢ出来終了フラグ取得処理 (行 7263)
2025-09-07 08:40:17,267 [INFO] 找到SECTION ID: Ｍ３Ｆ００−前営業日取得 (行 7369)
2025-09-07 08:40:17,269 [INFO] 找到SECTION ID: Ｍ４０００−下り電文編集処理 (行 7443)
2025-09-07 08:40:17,271 [INFO] 找到SECTION ID: Ｍ４１００−下り電文変換情報取得処理 (行 7584)
2025-09-07 08:40:17,271 [INFO] 找到SECTION ID: Ｍ４２００−下り電文編集処理１ (行 7610)
2025-09-07 08:40:17,275 [INFO] 找到SECTION ID: Ｍ４３００−下り電文編集処理２ (行 7811)
2025-09-07 08:40:17,279 [INFO] 找到SECTION ID: Ｍ４４００−下り電文編集処理３ (行 7982)
2025-09-07 08:40:17,283 [INFO] 找到SECTION ID: Ｍ４５００−下り電文編集処理４ (行 8182)
2025-09-07 08:40:17,287 [INFO] 找到SECTION ID: Ｍ４６００−ＣＬＯＳＥ処理 (行 8354)
2025-09-07 08:40:17,288 [INFO] 找到SECTION ID: Ｍ４６１０−株式売買受注ＣＬＯＳＥ処理 (行 8412)
2025-09-07 08:40:17,289 [INFO] 找到SECTION ID: Ｍ４６２０−株式売買受注２ＣＬＯＳＥ処理 (行 8464)
2025-09-07 08:40:17,290 [INFO] 找到SECTION ID: Ｍ４６３０−株式売買訂正取消結果ＣＬＯＳＥ処理 (行 8516)
2025-09-07 08:40:17,291 [INFO] 找到SECTION ID: Ｍ４６４０−ルールエンジン結果通知ＣＬＯＳＥ処理 (行 8568)
2025-09-07 08:40:17,292 [INFO] 找到SECTION ID: Ｍ４６５０−株式売買約定ＣＬＯＳＥ処理 (行 8620)
2025-09-07 08:40:17,293 [INFO] 找到SECTION ID: Ｍ４６６０−株式売買訂正取消結果ＣＬＯＳＥ処理２ (行 8672)
2025-09-07 08:40:17,294 [INFO] 找到SECTION ID: Ｍ４６７０−株式売買ＳＯＲ出来価格改善金額ＣＬＯＳＥ処理 (行 8725)
2025-09-07 08:40:17,295 [INFO] 找到SECTION ID: Ｍ４Ｙ００−下り電文編集処理Ｅ１ (行 8778)
2025-09-07 08:40:17,295 [INFO] 找到SECTION ID: Ｍ４Ｙ１０−下り電文編集処理Ｅ２ (行 8800)
2025-09-07 08:40:17,296 [INFO] 找到SECTION ID: Ｍ４Ｚ００−下り電文エラー編集処理 (行 8862)
2025-09-07 08:40:17,297 [INFO] 找到SECTION ID: Ｅ００００−終了処理 (行 8881)
2025-09-07 08:40:17,297 [INFO] 找到SECTION ID: Ｅ１０００−出力前最終処理 (行 8935)
2025-09-07 08:40:17,297 [INFO] 找到SECTION ID: Ｚ１０００−メッセージ編集処理 (行 8954)
2025-09-07 08:40:17,298 [INFO] 找到SECTION ID: Ｚ２０００−メッセージ出力処理 (行 8964)
2025-09-07 08:40:17,298 [INFO] 找到SECTION ID: Ｚ３０００−ＤＯＴ電文変換情報取得処理 (行 8977)
2025-09-07 08:40:17,299 [INFO] 找到SECTION ID: Ｚ４０００−上り電文エラー処理 (行 9037)
2025-09-07 08:40:17,300 [INFO] 找到SECTION ID: Ｚ５０００−下り電文エラー処理 (行 9084)
2025-09-07 08:40:17,300 [INFO] 找到SECTION ID: Ｚ６０００−コンソールメッセージ出力処理 (行 9116)
2025-09-07 08:40:17,301 [INFO] 找到SECTION ID: Ｚ７０００−共通＿ＤＢ分散番号取得処理 (行 9136)
2025-09-07 08:40:17,301 [INFO] 找到SECTION ID: ＺＡ１００−自動訂正取消履歴ワーク編集処理 (行 9173)
2025-09-07 08:40:17,307 [INFO] 找到SECTION ID: ＺＡ２００−デュアル指値自動訂正失効ワーク編集処理 (行 9433)
2025-09-07 08:40:17,310 [INFO] 找到SECTION ID: ＺＡ３００−連続二次注文同時取消ワーク編集処理 (行 9575)
2025-09-07 08:40:17,315 [INFO] 找到SECTION ID: ＺＡ４００−市場訂正取消結果ワーク編集処理 (行 9781)
2025-09-07 08:40:17,320 [INFO] 找到SECTION ID: ＺＡ５００−条件株価訂正ワーク編集処理 (行 10054)
2025-09-07 08:40:17,324 [INFO] 找到SECTION ID: ＺＡ６００−出来約定履歴ワーク編集処理 (行 10260)
2025-09-07 08:40:17,326 [INFO] 找到SECTION ID: ＺＡ６１０−現行市場区分取得処理 (行 10344)
2025-09-07 08:40:17,328 [INFO] 找到SECTION ID: ＺＡ６２０−最良市場区分取得処理 (行 10427)
2025-09-07 08:40:17,329 [INFO] 找到SECTION ID: ＺＡ７００−注文失効履歴ワーク編集処理 (行 10511)
2025-09-07 08:40:17,330 [INFO] 找到SECTION ID: ＺＡ８００−信用取引現引現渡履歴ワーク編集処理 (行 10554)
2025-09-07 08:40:17,331 [INFO] 找到SECTION ID: ＺＡ９００−株式売買約定履歴ワーク編集処理 (行 10600)
2025-09-07 08:40:17,332 [INFO] 找到SECTION ID: ＺＢ１００−株式売買受注取得処理 (行 10647)
2025-09-07 08:40:17,334 [INFO] 找到SECTION ID: ＺＢ２００−デュアル指値自動訂正失効取得処理 (行 10737)
2025-09-07 08:40:17,336 [INFO] 找到SECTION ID: ＺＢ３００−株式売買受注取得処理 (行 10870)
2025-09-07 08:40:17,338 [INFO] 找到SECTION ID: ＺＢ４００−株式売買訂正取消結果ＦＥＴＣＨ処理 (行 10960)
2025-09-07 08:40:17,341 [INFO] 找到SECTION ID: ＺＢ５００−株式売買訂正取消結果取得処理 (行 11050)
2025-09-07 08:40:17,342 [INFO] 找到SECTION ID: ＺＢ６００−ルールエンジン結果通知取得処理 (行 11140)
2025-09-07 08:40:17,344 [INFO] 找到SECTION ID: ＺＢ７００−株式売買約定取得処理 (行 11230)
2025-09-07 08:40:17,346 [INFO] 找到SECTION ID: ＺＢ８００−株式売買ＳＯＲ出来価格改善金額ＦＥＴＣＨ処理 (行 11321)
2025-09-07 08:40:17,347 [INFO] 找到SECTION ID: ＺＢ９００−フラグ編集処理 (行 11411)
2025-09-07 08:40:17,348 [INFO] 找到SECTION ID: ＺＣ１００−株式売買条件付受注情報取得処理 (行 11478)
2025-09-07 08:40:17,350 [INFO] 成功提取 133 个SECTION ID
2025-09-07 08:40:30,308 [INFO] 开始解析SECTION ID - 文件: MBAC3900.ipo 程序ID: MBAC3900
2025-09-07 08:40:30,319 [INFO] 成功读取 11566 行
2025-09-07 08:40:30,319 [INFO] 找到SECTION ID: CONFIGURATION (行 26)
2025-09-07 08:40:30,319 [INFO] 找到SECTION ID: WORKING-STORAGE (行 34)
2025-09-07 08:40:30,340 [INFO] 找到SECTION ID: LINKAGE (行 1284)
2025-09-07 08:40:30,341 [INFO] 找到SECTION ID: ＭＢＡＣ３９００−ＭＡＩＮ (行 1362)
2025-09-07 08:40:30,341 [INFO] 找到SECTION ID: Ｓ００００−初期処理 (行 1380)
2025-09-07 08:40:30,342 [INFO] 找到SECTION ID: Ｓ１０００−エリア獲得処理 (行 1405)
2025-09-07 08:40:30,342 [INFO] 找到SECTION ID: Ｓ１１００−変換後電文エリア獲得処理 (行 1415)
2025-09-07 08:40:30,343 [INFO] 找到SECTION ID: Ｓ２０００−ワークエリア初期化処理 (行 1436)
2025-09-07 08:40:30,348 [INFO] 找到SECTION ID: Ｍ００００−主処理 (行 1654)
2025-09-07 08:40:30,348 [INFO] 找到SECTION ID: Ｍ１０００−ＦＣＣ処理 (行 1681)
2025-09-07 08:40:30,349 [INFO] 找到SECTION ID: Ｍ２０００−上り電文編集処理 (行 1746)
2025-09-07 08:40:30,350 [INFO] 找到SECTION ID: Ｍ２１００−上り電文変換情報取得処理 (行 1801)
2025-09-07 08:40:30,351 [INFO] 找到SECTION ID: Ｍ２１１０−ＮＩＳＡ口座判定処理 (行 1828)
2025-09-07 08:40:30,351 [INFO] 找到SECTION ID: Ｍ２２００−上り電文編集処理１ (行 1843)
2025-09-07 08:40:30,351 [INFO] 找到SECTION ID: Ｍ２３００−ＤＢ関連チェック処理 (行 1859)
2025-09-07 08:40:30,352 [INFO] 找到SECTION ID: Ｍ２３１０−ＤＯＴサービス時間チェック処理 (行 1907)
2025-09-07 08:40:30,353 [INFO] 找到SECTION ID: Ｍ２３１１−口座変換処理 (行 1986)
2025-09-07 08:40:30,356 [INFO] 找到SECTION ID: Ｍ２３１２−取引確認口座・動作確認口座判別処理 (行 2099)
2025-09-07 08:40:30,357 [INFO] 找到SECTION ID: Ｍ２３１３−ＤＯＴ株式サービス時間チェック処理 (行 2182)
2025-09-07 08:40:30,359 [INFO] 找到SECTION ID: Ｍ２３２０−口座存在チェック処理 (行 2275)
2025-09-07 08:40:30,359 [INFO] 找到SECTION ID: Ｍ２３３０−ＮＩＳＡ口座有効チェック処理 (行 2298)
2025-09-07 08:40:30,361 [INFO] 找到SECTION ID: Ｍ２３４０−ＤＯＴ受付番号チェック処理 (行 2442)
2025-09-07 08:40:30,362 [INFO] 找到SECTION ID: Ｍ３０００−編集処理 (行 2466)
2025-09-07 08:40:30,365 [INFO] 找到SECTION ID: Ｍ３１００−ＤＯＴ業務日付取得処理 (行 2649)
2025-09-07 08:40:30,367 [INFO] 找到SECTION ID: Ｍ３２００−直近株式売買注文取得処理 (行 2728)
2025-09-07 08:40:30,368 [INFO] 找到SECTION ID: Ｍ３２１０−ＤＢ分散番号取得処理 (行 2763)
2025-09-07 08:40:30,368 [INFO] 找到SECTION ID: Ｍ３２２０−直近株式売買注文取得処理 (行 2791)
2025-09-07 08:40:30,370 [INFO] 找到SECTION ID: Ｍ３２３０−付加情報取得処理 (行 2928)
2025-09-07 08:40:30,371 [INFO] 找到SECTION ID: Ｍ３２３１−区分識別番号取得処理 (行 2949)
2025-09-07 08:40:30,371 [INFO] 找到SECTION ID: Ｍ３２３２−条件付注文情報取得処理 (行 2974)
2025-09-07 08:40:30,373 [INFO] 找到SECTION ID: Ｍ３２４０−連続注文の相手方注文データ取得処理 (行 3052)
2025-09-07 08:40:30,373 [INFO] 找到SECTION ID: Ｍ３２４１−連続注文相手方注文データ取得処理 (行 3069)
2025-09-07 08:40:30,374 [INFO] 找到SECTION ID: Ｍ３３００−信用取引現引現渡受注取得処理 (行 3110)
2025-09-07 08:40:30,375 [INFO] 找到SECTION ID: Ｍ３４００−株式売買約定注文データ取得処理 (行 3205)
2025-09-07 08:40:30,376 [INFO] 找到SECTION ID: Ｍ３４１０−ＤＢ分散番号取得処理 (行 3225)
2025-09-07 08:40:30,376 [INFO] 找到SECTION ID: Ｍ３４２０−株式売買約定取得処理 (行 3253)
2025-09-07 08:40:30,378 [INFO] 找到SECTION ID: Ｍ３５００−履歴データ以外の編集用データ取得処理 (行 3354)
2025-09-07 08:40:30,380 [INFO] 找到SECTION ID: Ｍ３５１０−受渡日取得処理 (行 3505)
2025-09-07 08:40:30,382 [INFO] 找到SECTION ID: Ｍ３５２０−付加情報取得処理 (行 3593)
2025-09-07 08:40:30,382 [INFO] 找到SECTION ID: Ｍ３５２１−銘柄簡略名取得処理 (行 3606)
2025-09-07 08:40:30,384 [INFO] 找到SECTION ID: Ｍ３５２２−上場部コード取得処理 (行 3719)
2025-09-07 08:40:30,386 [INFO] 找到SECTION ID: Ｍ３５３０−ＤＯＴ株式注文状態＆注文状況取得処理 (行 3833)
2025-09-07 08:40:30,389 [INFO] 找到SECTION ID: Ｍ３５４０−取引所コード変換処理 (行 3959)
2025-09-07 08:40:30,391 [INFO] 找到SECTION ID: Ｍ３５５０−取引簡略コード変換処理 (行 4060)
2025-09-07 08:40:30,394 [INFO] 找到SECTION ID: Ｍ３５６０−ＶＷＡＰ注文判定処理 (行 4206)
2025-09-07 08:40:30,395 [INFO] 找到SECTION ID: Ｍ３５７０−対面非対面注文区分取得処理 (行 4251)
2025-09-07 08:40:30,396 [INFO] 找到SECTION ID: Ｍ３５８０−履歴データ以外ワーク編集処理 (行 4334)
2025-09-07 08:40:30,397 [INFO] 找到SECTION ID: Ｍ３５８１−直近株式売買履歴以外ワーク編集処理 (行 4372)
2025-09-07 08:40:30,406 [INFO] 找到SECTION ID: Ｍ３５８２−信用取引現引現渡履歴以外ワーク編集処理 (行 4819)
2025-09-07 08:40:30,409 [INFO] 找到SECTION ID: Ｍ３５８３−株式売買約定履歴以外ワーク編集処理 (行 4922)
2025-09-07 08:40:30,415 [INFO] 找到SECTION ID: Ｍ３６００−原注文取得処理 (行 5094)
2025-09-07 08:40:30,416 [INFO] 找到SECTION ID: Ｍ３６２０−株式売買受注原注文取得処理 (行 5141)
2025-09-07 08:40:30,419 [INFO] 找到SECTION ID: Ｍ３６３０−条件付注文情報取得処理 (行 5253)
2025-09-07 08:40:30,419 [INFO] 找到SECTION ID: Ｍ３６４０−原注文履歴ワーク編集処理 (行 5277)
2025-09-07 08:40:30,428 [INFO] 找到SECTION ID: Ｍ３６５０−前営業日に受注した注文原注文内容取得 (行 5543)
2025-09-07 08:40:30,428 [INFO] 找到SECTION ID: Ｍ３６５１−直近注文区分識別番号取得処理 (行 5563)
2025-09-07 08:40:30,432 [INFO] 找到SECTION ID: Ｍ３６５２−直近株式売買注文履歴を取得処理 (行 5591)
2025-09-07 08:40:30,433 [INFO] 找到SECTION ID: Ｍ３７００−自動訂正取消取得処理 (行 5683)
2025-09-07 08:40:30,434 [INFO] 找到SECTION ID: Ｍ３７１０−株式売買受注ＯＰＥＮ処理 (行 5703)
2025-09-07 08:40:30,436 [INFO] 找到SECTION ID: Ｍ３８００−区分識別番号取得処理 (行 5801)
2025-09-07 08:40:30,436 [INFO] 找到SECTION ID: Ｍ３８１０−株式売買受注区分識別番号取得処理 (行 5811)
2025-09-07 08:40:30,437 [INFO] 找到SECTION ID: Ｍ３８２１−株式売買条件付受注区分識別番号取得処理 (行 5839)
2025-09-07 08:40:30,438 [INFO] 找到SECTION ID: Ｍ３９００−連続二次注文同時取消取得処理 (行 5864)
2025-09-07 08:40:30,439 [INFO] 找到SECTION ID: Ｍ３９１０−株式売買受注ＯＰＥＮ処理 (行 5908)
2025-09-07 08:40:30,440 [INFO] 找到SECTION ID: Ｍ３９３０−株式売買訂正取消結果ＤＢ分散番号取得処理 (行 5980)
2025-09-07 08:40:30,441 [INFO] 找到SECTION ID: Ｍ３９４０−株式売買訂正取消結果ＯＰＥＮ処理２ (行 6008)
2025-09-07 08:40:30,443 [INFO] 找到SECTION ID: Ｍ３Ａ００−市場訂正取消結果取得処理 (行 6104)
2025-09-07 08:40:30,443 [INFO] 找到SECTION ID: Ｍ３Ａ１０−ＤＢ分散番号取得処理 (行 6134)
2025-09-07 08:40:30,444 [INFO] 找到SECTION ID: Ｍ３Ａ２０−株式売買訂正取消結果ＯＰＥＮ処理 (行 6162)
2025-09-07 08:40:30,446 [INFO] 找到SECTION ID: Ｍ３Ｂ００−条件株価訂正取得処理 (行 6257)
2025-09-07 08:40:30,446 [INFO] 找到SECTION ID: Ｍ３Ｂ１０−ＤＢ分散番号取得処理 (行 6287)
2025-09-07 08:40:30,447 [INFO] 找到SECTION ID: Ｍ３Ｂ２０−ルールエンジン結果通知ＯＰＥＮ処理 (行 6315)
2025-09-07 08:40:30,449 [INFO] 找到SECTION ID: Ｍ３Ｃ００−出来約定取得処理 (行 6407)
2025-09-07 08:40:30,450 [INFO] 找到SECTION ID: Ｍ３Ｃ１０−ＤＢ分散番号取得処理 (行 6523)
2025-09-07 08:40:30,451 [INFO] 找到SECTION ID: Ｍ３Ｃ２０−株式売買約定ＯＰＥＮ処理 (行 6551)
2025-09-07 08:40:30,453 [INFO] 找到SECTION ID: Ｍ３Ｃ３０−株式売買約定取得処理 (行 6652)
2025-09-07 08:40:30,454 [INFO] 找到SECTION ID: Ｍ３Ｃ４０−イベント状態判別処理 (行 6740)
2025-09-07 08:40:30,455 [INFO] 找到SECTION ID: Ｍ３Ｃ５０−株式売買ＳＯＲ出来価格改善金額ＯＰＥＮ処理 (行 6796)
2025-09-07 08:40:30,458 [INFO] 找到SECTION ID: Ｍ３Ｄ００−履歴データ編集処理 (行 6912)
2025-09-07 08:40:30,459 [INFO] 找到SECTION ID: Ｍ３Ｄ１０−履歴データ編集用ループ処理 (行 6964)
2025-09-07 08:40:30,460 [INFO] 找到SECTION ID: Ｍ３Ｄ１１−自動訂正取消編集処理 (行 7018)
2025-09-07 08:40:30,460 [INFO] 找到SECTION ID: Ｍ３Ｄ１２−デュアル指値自動訂正失効編集処理 (行 7049)
2025-09-07 08:40:30,460 [INFO] 找到SECTION ID: Ｍ３Ｄ１３−連続二次注文同時取消編集処理 (行 7071)
2025-09-07 08:40:30,461 [INFO] 找到SECTION ID: Ｍ３Ｄ１４−市場訂正取消結果編集処理 (行 7102)
2025-09-07 08:40:30,462 [INFO] 找到SECTION ID: Ｍ３Ｄ１５−条件株価訂正編集処理 (行 7133)
2025-09-07 08:40:30,462 [INFO] 找到SECTION ID: Ｍ３Ｄ１６−出来約定編集処理 (行 7164)
2025-09-07 08:40:30,463 [INFO] 找到SECTION ID: Ｍ３Ｄ１７−注文失効編集処理 (行 7241)
2025-09-07 08:40:30,464 [INFO] 找到SECTION ID: Ｍ３Ｅ００−ＪＢ出来終了フラグ取得処理 (行 7263)
2025-09-07 08:40:30,466 [INFO] 找到SECTION ID: Ｍ３Ｆ００−前営業日取得 (行 7369)
2025-09-07 08:40:30,468 [INFO] 找到SECTION ID: Ｍ４０００−下り電文編集処理 (行 7443)
2025-09-07 08:40:30,470 [INFO] 找到SECTION ID: Ｍ４１００−下り電文変換情報取得処理 (行 7584)
2025-09-07 08:40:30,471 [INFO] 找到SECTION ID: Ｍ４２００−下り電文編集処理１ (行 7610)
2025-09-07 08:40:30,475 [INFO] 找到SECTION ID: Ｍ４３００−下り電文編集処理２ (行 7811)
2025-09-07 08:40:30,478 [INFO] 找到SECTION ID: Ｍ４４００−下り電文編集処理３ (行 7982)
2025-09-07 08:40:30,483 [INFO] 找到SECTION ID: Ｍ４５００−下り電文編集処理４ (行 8182)
2025-09-07 08:40:30,486 [INFO] 找到SECTION ID: Ｍ４６００−ＣＬＯＳＥ処理 (行 8354)
2025-09-07 08:40:30,487 [INFO] 找到SECTION ID: Ｍ４６１０−株式売買受注ＣＬＯＳＥ処理 (行 8412)
2025-09-07 08:40:30,488 [INFO] 找到SECTION ID: Ｍ４６２０−株式売買受注２ＣＬＯＳＥ処理 (行 8464)
2025-09-07 08:40:30,489 [INFO] 找到SECTION ID: Ｍ４６３０−株式売買訂正取消結果ＣＬＯＳＥ処理 (行 8516)
2025-09-07 08:40:30,490 [INFO] 找到SECTION ID: Ｍ４６４０−ルールエンジン結果通知ＣＬＯＳＥ処理 (行 8568)
2025-09-07 08:40:30,491 [INFO] 找到SECTION ID: Ｍ４６５０−株式売買約定ＣＬＯＳＥ処理 (行 8620)
2025-09-07 08:40:30,492 [INFO] 找到SECTION ID: Ｍ４６６０−株式売買訂正取消結果ＣＬＯＳＥ処理２ (行 8672)
2025-09-07 08:40:30,493 [INFO] 找到SECTION ID: Ｍ４６７０−株式売買ＳＯＲ出来価格改善金額ＣＬＯＳＥ処理 (行 8725)
2025-09-07 08:40:30,494 [INFO] 找到SECTION ID: Ｍ４Ｙ００−下り電文編集処理Ｅ１ (行 8778)
2025-09-07 08:40:30,494 [INFO] 找到SECTION ID: Ｍ４Ｙ１０−下り電文編集処理Ｅ２ (行 8800)
2025-09-07 08:40:30,495 [INFO] 找到SECTION ID: Ｍ４Ｚ００−下り電文エラー編集処理 (行 8862)
2025-09-07 08:40:30,496 [INFO] 找到SECTION ID: Ｅ００００−終了処理 (行 8881)
2025-09-07 08:40:30,496 [INFO] 找到SECTION ID: Ｅ１０００−出力前最終処理 (行 8935)
2025-09-07 08:40:30,496 [INFO] 找到SECTION ID: Ｚ１０００−メッセージ編集処理 (行 8954)
2025-09-07 08:40:30,497 [INFO] 找到SECTION ID: Ｚ２０００−メッセージ出力処理 (行 8964)
2025-09-07 08:40:30,497 [INFO] 找到SECTION ID: Ｚ３０００−ＤＯＴ電文変換情報取得処理 (行 8977)
2025-09-07 08:40:30,499 [INFO] 找到SECTION ID: Ｚ４０００−上り電文エラー処理 (行 9037)
2025-09-07 08:40:30,500 [INFO] 找到SECTION ID: Ｚ５０００−下り電文エラー処理 (行 9084)
2025-09-07 08:40:30,500 [INFO] 找到SECTION ID: Ｚ６０００−コンソールメッセージ出力処理 (行 9116)
2025-09-07 08:40:30,501 [INFO] 找到SECTION ID: Ｚ７０００−共通＿ＤＢ分散番号取得処理 (行 9136)
2025-09-07 08:40:30,502 [INFO] 找到SECTION ID: ＺＡ１００−自動訂正取消履歴ワーク編集処理 (行 9173)
2025-09-07 08:40:30,508 [INFO] 找到SECTION ID: ＺＡ２００−デュアル指値自動訂正失効ワーク編集処理 (行 9433)
2025-09-07 08:40:30,511 [INFO] 找到SECTION ID: ＺＡ３００−連続二次注文同時取消ワーク編集処理 (行 9575)
2025-09-07 08:40:30,515 [INFO] 找到SECTION ID: ＺＡ４００−市場訂正取消結果ワーク編集処理 (行 9781)
2025-09-07 08:40:30,521 [INFO] 找到SECTION ID: ＺＡ５００−条件株価訂正ワーク編集処理 (行 10054)
2025-09-07 08:40:30,525 [INFO] 找到SECTION ID: ＺＡ６００−出来約定履歴ワーク編集処理 (行 10260)
2025-09-07 08:40:30,527 [INFO] 找到SECTION ID: ＺＡ６１０−現行市場区分取得処理 (行 10344)
2025-09-07 08:40:30,529 [INFO] 找到SECTION ID: ＺＡ６２０−最良市場区分取得処理 (行 10427)
2025-09-07 08:40:30,532 [INFO] 找到SECTION ID: ＺＡ７００−注文失効履歴ワーク編集処理 (行 10511)
2025-09-07 08:40:30,533 [INFO] 找到SECTION ID: ＺＡ８００−信用取引現引現渡履歴ワーク編集処理 (行 10554)
2025-09-07 08:40:30,535 [INFO] 找到SECTION ID: ＺＡ９００−株式売買約定履歴ワーク編集処理 (行 10600)
2025-09-07 08:40:30,537 [INFO] 找到SECTION ID: ＺＢ１００−株式売買受注取得処理 (行 10647)
2025-09-07 08:40:30,539 [INFO] 找到SECTION ID: ＺＢ２００−デュアル指値自動訂正失効取得処理 (行 10737)
2025-09-07 08:40:30,542 [INFO] 找到SECTION ID: ＺＢ３００−株式売買受注取得処理 (行 10870)
2025-09-07 08:40:30,545 [INFO] 找到SECTION ID: ＺＢ４００−株式売買訂正取消結果ＦＥＴＣＨ処理 (行 10960)
2025-09-07 08:40:30,547 [INFO] 找到SECTION ID: ＺＢ５００−株式売買訂正取消結果取得処理 (行 11050)
2025-09-07 08:40:30,550 [INFO] 找到SECTION ID: ＺＢ６００−ルールエンジン結果通知取得処理 (行 11140)
2025-09-07 08:40:30,552 [INFO] 找到SECTION ID: ＺＢ７００−株式売買約定取得処理 (行 11230)
2025-09-07 08:40:30,554 [INFO] 找到SECTION ID: ＺＢ８００−株式売買ＳＯＲ出来価格改善金額ＦＥＴＣＨ処理 (行 11321)
2025-09-07 08:40:30,556 [INFO] 找到SECTION ID: ＺＢ９００−フラグ編集処理 (行 11411)
2025-09-07 08:40:30,557 [INFO] 找到SECTION ID: ＺＣ１００−株式売買条件付受注情報取得処理 (行 11478)
2025-09-07 08:40:30,558 [INFO] 成功提取 133 个SECTION ID
2025-09-07 08:44:08,563 [INFO] 🔍 开始解析文件: MAET8600.ipo
2025-09-07 08:44:08,563 [INFO] 📋 程序ID: MAET8600
2025-09-07 08:44:08,565 [INFO] 📖 成功读取 15 行
2025-09-07 08:44:08,565 [INFO] 🎯 找到PROGRAM-ID: MAET8600
2025-09-07 08:44:08,565 [INFO] 🎯 找到PROGRAM-NAME: ＡＣＰ同一人識別番号付加処理
2025-09-07 08:44:08,565 [INFO] 🎯 找到PATTERN-ID: UZ0Q07
2025-09-07 08:44:08,565 [INFO] ✅ 提取成功:
2025-09-07 08:44:08,565 [INFO]    PROGRAM-ID: MAET8600
2025-09-07 08:44:08,565 [INFO]    PROGRAM-NAME: ＡＣＰ同一人識別番号付加処理
2025-09-07 08:44:08,565 [INFO]    PATTERN-ID: UZ0Q07
2025-09-07 08:44:11,626 [INFO] 🔍 开始解析文件: MAQR5600.ipo
2025-09-07 08:44:11,626 [INFO] 📋 程序ID: MAQR5600
2025-09-07 08:44:11,627 [INFO] 📖 成功读取 15 行
2025-09-07 08:44:11,627 [INFO] 🎯 找到PROGRAM-ID: MAQR5600
2025-09-07 08:44:11,627 [INFO] 🎯 找到PROGRAM-NAME: ＡＣＰ提携ＮＩＳＡ口座移管更新Ｃ／Ｃデータ作成
2025-09-07 08:44:11,627 [INFO] 🎯 找到PATTERN-ID: UZ0Q06
2025-09-07 08:44:11,627 [INFO] ✅ 提取成功:
2025-09-07 08:44:11,628 [INFO]    PROGRAM-ID: MAQR5600
2025-09-07 08:44:11,628 [INFO]    PROGRAM-NAME: ＡＣＰ提携ＮＩＳＡ口座移管更新Ｃ／Ｃデータ作成
2025-09-07 08:44:11,628 [INFO]    PATTERN-ID: UZ0Q06
2025-09-07 08:44:14,000 [INFO] 🔍 开始解析文件: MAQR5600.ipo
2025-09-07 08:44:14,000 [INFO] 📋 程序ID: MAQR5600
2025-09-07 08:44:14,001 [INFO] 📖 成功读取 15 行
2025-09-07 08:44:14,001 [INFO] 🎯 找到PROGRAM-ID: MAQR5600
2025-09-07 08:44:14,001 [INFO] 🎯 找到PROGRAM-NAME: ＡＣＰ提携ＮＩＳＡ口座移管更新Ｃ／Ｃデータ作成
2025-09-07 08:44:14,001 [INFO] 🎯 找到PATTERN-ID: UZ0Q06
2025-09-07 08:44:14,001 [INFO] ✅ 提取成功:
2025-09-07 08:44:14,001 [INFO]    PROGRAM-ID: MAQR5600
2025-09-07 08:44:14,002 [INFO]    PROGRAM-NAME: ＡＣＰ提携ＮＩＳＡ口座移管更新Ｃ／Ｃデータ作成
2025-09-07 08:44:14,002 [INFO]    PATTERN-ID: UZ0Q06
2025-09-07 08:44:16,276 [INFO] 🔍 开始解析文件: MAET8600.ipo
2025-09-07 08:44:16,276 [INFO] 📋 程序ID: MAET8600
2025-09-07 08:44:16,276 [INFO] 📖 成功读取 15 行
2025-09-07 08:44:16,276 [INFO] 🎯 找到PROGRAM-ID: MAET8600
2025-09-07 08:44:16,276 [INFO] 🎯 找到PROGRAM-NAME: ＡＣＰ同一人識別番号付加処理
2025-09-07 08:44:16,277 [INFO] 🎯 找到PATTERN-ID: UZ0Q07
2025-09-07 08:44:16,277 [INFO] ✅ 提取成功:
2025-09-07 08:44:16,277 [INFO]    PROGRAM-ID: MAET8600
2025-09-07 08:44:16,277 [INFO]    PROGRAM-NAME: ＡＣＰ同一人識別番号付加処理
2025-09-07 08:44:16,277 [INFO]    PATTERN-ID: UZ0Q07
2025-09-07 08:44:18,646 [INFO] 🔍 开始解析文件: MAQR6100.ipo
2025-09-07 08:44:18,647 [INFO] 📋 程序ID: MAQR6100
2025-09-07 08:44:18,647 [INFO] 📖 成功读取 15 行
2025-09-07 08:44:18,647 [INFO] 🎯 找到PROGRAM-ID: MAQR6100
2025-09-07 08:44:18,647 [INFO] 🎯 找到PROGRAM-NAME: ＡＣＰ提携重複勘定再設定勘定設定例外事項Ｃ／Ｃデータ作成
2025-09-07 08:44:18,647 [INFO] 🎯 找到PATTERN-ID: UZ0Q06
2025-09-07 08:44:18,648 [INFO] ✅ 提取成功:
2025-09-07 08:44:18,648 [INFO]    PROGRAM-ID: MAQR6100
2025-09-07 08:44:18,648 [INFO]    PROGRAM-NAME: ＡＣＰ提携重複勘定再設定勘定設定例外事項Ｃ／Ｃデータ作成
2025-09-07 08:44:18,648 [INFO]    PATTERN-ID: UZ0Q06
2025-09-07 09:05:40,822 [INFO] 🔍 开始解析文件: MAQR5600.ipo
2025-09-07 09:05:40,823 [INFO] 📋 程序ID: MAQR5600
2025-09-07 09:05:40,825 [INFO] 📖 成功读取 15 行
2025-09-07 09:05:40,825 [INFO] 🎯 找到PROGRAM-ID: MAQR5600
2025-09-07 09:05:40,825 [INFO] 🎯 找到PROGRAM-NAME: ＡＣＰ提携ＮＩＳＡ口座移管更新Ｃ／Ｃデータ作成
2025-09-07 09:05:40,825 [INFO] 🎯 找到PATTERN-ID: UZ0Q06
2025-09-07 09:05:40,825 [INFO] ✅ 提取成功:
2025-09-07 09:05:40,825 [INFO]    PROGRAM-ID: MAQR5600
2025-09-07 09:05:40,825 [INFO]    PROGRAM-NAME: ＡＣＰ提携ＮＩＳＡ口座移管更新Ｃ／Ｃデータ作成
2025-09-07 09:05:40,825 [INFO]    PATTERN-ID: UZ0Q06
2025-09-07 09:05:49,723 [INFO] 🔍 开始解析文件: MAET8600.ipo
2025-09-07 09:05:49,723 [INFO] 📋 程序ID: MAET8600
2025-09-07 09:05:49,724 [INFO] 📖 成功读取 15 行
2025-09-07 09:05:49,724 [INFO] 🎯 找到PROGRAM-ID: MAET8600
2025-09-07 09:05:49,724 [INFO] 🎯 找到PROGRAM-NAME: ＡＣＰ同一人識別番号付加処理
2025-09-07 09:05:49,724 [INFO] 🎯 找到PATTERN-ID: UZ0Q07
2025-09-07 09:05:49,724 [INFO] ✅ 提取成功:
2025-09-07 09:05:49,724 [INFO]    PROGRAM-ID: MAET8600
2025-09-07 09:05:49,724 [INFO]    PROGRAM-NAME: ＡＣＰ同一人識別番号付加処理
2025-09-07 09:05:49,724 [INFO]    PATTERN-ID: UZ0Q07
2025-09-07 09:05:52,224 [INFO] 🔍 开始解析文件: MAQR6100.ipo
2025-09-07 09:05:52,224 [INFO] 📋 程序ID: MAQR6100
2025-09-07 09:05:52,224 [INFO] 📖 成功读取 15 行
2025-09-07 09:05:52,225 [INFO] 🎯 找到PROGRAM-ID: MAQR6100
2025-09-07 09:05:52,225 [INFO] 🎯 找到PROGRAM-NAME: ＡＣＰ提携重複勘定再設定勘定設定例外事項Ｃ／Ｃデータ作成
2025-09-07 09:05:52,225 [INFO] 🎯 找到PATTERN-ID: UZ0Q06
2025-09-07 09:05:52,225 [INFO] ✅ 提取成功:
2025-09-07 09:05:52,225 [INFO]    PROGRAM-ID: MAQR6100
2025-09-07 09:05:52,225 [INFO]    PROGRAM-NAME: ＡＣＰ提携重複勘定再設定勘定設定例外事項Ｃ／Ｃデータ作成
2025-09-07 09:05:52,225 [INFO]    PATTERN-ID: UZ0Q06
2025-09-07 09:05:54,917 [INFO] 🔍 开始解析文件: MAET8600.ipo
2025-09-07 09:05:54,917 [INFO] 📋 程序ID: MAET8600
2025-09-07 09:05:54,917 [INFO] 📖 成功读取 15 行
2025-09-07 09:05:54,917 [INFO] 🎯 找到PROGRAM-ID: MAET8600
2025-09-07 09:05:54,917 [INFO] 🎯 找到PROGRAM-NAME: ＡＣＰ同一人識別番号付加処理
2025-09-07 09:05:54,918 [INFO] 🎯 找到PATTERN-ID: UZ0Q07
2025-09-07 09:05:54,918 [INFO] ✅ 提取成功:
2025-09-07 09:05:54,918 [INFO]    PROGRAM-ID: MAET8600
2025-09-07 09:05:54,918 [INFO]    PROGRAM-NAME: ＡＣＰ同一人識別番号付加処理
2025-09-07 09:05:54,918 [INFO]    PATTERN-ID: UZ0Q07
2025-09-07 09:10:25,029 [INFO] 🔍 开始解析文件: MAET8600.ipo
2025-09-07 09:10:25,029 [INFO] 📋 程序ID: MAET8600
2025-09-07 09:10:25,032 [INFO] 📖 成功读取 15 行
2025-09-07 09:10:25,032 [INFO] 🎯 找到PROGRAM-ID: MAET8600
2025-09-07 09:10:25,032 [INFO] 🎯 找到PROGRAM-NAME: ＡＣＰ同一人識別番号付加処理
2025-09-07 09:10:25,032 [INFO] 🎯 找到PATTERN-ID: UZ0Q07
2025-09-07 09:10:25,032 [INFO] ✅ 提取成功:
2025-09-07 09:10:25,032 [INFO]    PROGRAM-ID: MAET8600
2025-09-07 09:10:25,032 [INFO]    PROGRAM-NAME: ＡＣＰ同一人識別番号付加処理
2025-09-07 09:10:25,032 [INFO]    PATTERN-ID: UZ0Q07
2025-09-07 09:10:30,824 [INFO] 🔍 开始解析文件: MAQR6100.ipo
2025-09-07 09:10:30,825 [INFO] 📋 程序ID: MAQR6100
2025-09-07 09:10:30,826 [INFO] 📖 成功读取 15 行
2025-09-07 09:10:30,826 [INFO] 🎯 找到PROGRAM-ID: MAQR6100
2025-09-07 09:10:30,826 [INFO] 🎯 找到PROGRAM-NAME: ＡＣＰ提携重複勘定再設定勘定設定例外事項Ｃ／Ｃデータ作成
2025-09-07 09:10:30,826 [INFO] 🎯 找到PATTERN-ID: UZ0Q06
2025-09-07 09:10:30,826 [INFO] ✅ 提取成功:
2025-09-07 09:10:30,826 [INFO]    PROGRAM-ID: MAQR6100
2025-09-07 09:10:30,826 [INFO]    PROGRAM-NAME: ＡＣＰ提携重複勘定再設定勘定設定例外事項Ｃ／Ｃデータ作成
2025-09-07 09:10:30,827 [INFO]    PATTERN-ID: UZ0Q06
2025-09-07 09:10:32,257 [INFO] 开始解析SECTION ID - 文件: MAQR6100.ipo 程序ID: MAQR6100
2025-09-07 09:10:32,258 [INFO] 成功读取 715 行
2025-09-07 09:10:32,259 [INFO] 找到SECTION ID: CONFIGURATION (行 21)
2025-09-07 09:10:32,259 [INFO] 找到SECTION ID: INPUT-OUTPUT (行 26)
2025-09-07 09:10:32,259 [INFO] 找到SECTION ID: FILE (行 38)
2025-09-07 09:10:32,260 [INFO] 找到SECTION ID: WORKING-STORAGE (行 60)
2025-09-07 09:10:32,263 [INFO] 找到SECTION ID: LINKAGE (行 299)
2025-09-07 09:10:32,263 [INFO] 找到SECTION ID: ＭＡＱＲ６１００−ＭＡＩＮ (行 319)
2025-09-07 09:10:32,264 [INFO] 找到SECTION ID: Ｓ０００−初期処理 (行 338)
2025-09-07 09:10:32,264 [INFO] 找到SECTION ID: Ｓ２００−ワークエリア初期化処理 (行 421)
2025-09-07 09:10:32,265 [INFO] 找到SECTION ID: Ｍ０００−主処理 (行 451)
2025-09-07 09:10:32,265 [INFO] 找到SECTION ID: Ｅ０００−終了処理 (行 485)
2025-09-07 09:10:32,265 [INFO] 找到SECTION ID: Ｅ１００−入出力件数出力処理 (行 512)
2025-09-07 09:10:32,266 [INFO] 找到SECTION ID: Ｅ１１０−ジョブログ出力処理 (行 543)
2025-09-07 09:10:32,266 [INFO] 找到SECTION ID: Ｒ１００−マスタ入力処理 (行 576)
2025-09-07 09:10:32,267 [INFO] 找到SECTION ID: Ｒ２００−トラン入力処理 (行 599)
2025-09-07 09:10:32,267 [INFO] 找到SECTION ID: Ｗ１００−マッチマスタ編集出力処理 (行 622)
2025-09-07 09:10:32,268 [INFO] 找到SECTION ID: Ｗ１１０−共通編集出力処理 (行 649)
2025-09-07 09:10:32,269 [INFO] 找到SECTION ID: ＺＡ００−メッセージ出力処理 (行 690)
2025-09-07 09:10:32,269 [INFO] 成功提取 12 个SECTION ID
2025-09-29 17:59:17,845 [INFO] 🔍 开始解析文件: M99A2500.ipo
2025-09-29 17:59:17,849 [INFO] 📋 程序ID: M99A2500
2025-09-29 17:59:17,886 [INFO] 📖 成功读取 15 行
2025-09-29 17:59:17,889 [INFO] 🎯 找到PROGRAM-ID: M99A2500
2025-09-29 17:59:17,892 [INFO] 🎯 找到PROGRAM-NAME: ＡＣＰ実質的支配者情報登録（テスト）
2025-09-29 17:59:17,895 [INFO] 🎯 找到PATTERN-ID: UZ0C01
2025-09-29 17:59:17,897 [INFO] ✅ 提取成功:
2025-09-29 17:59:17,900 [INFO]    PROGRAM-ID: M99A2500
2025-09-29 17:59:17,904 [INFO]    PROGRAM-NAME: ＡＣＰ実質的支配者情報登録（テスト）
2025-09-29 17:59:17,906 [INFO]    PATTERN-ID: UZ0C01
2025-09-29 18:02:32,003 [INFO] 🔍 开始解析文件: MAQR5500.ipo
2025-09-29 18:02:32,007 [INFO] 📋 程序ID: MAQR5500
2025-09-29 18:02:32,033 [INFO] 📖 成功读取 15 行
2025-09-29 18:02:32,036 [INFO] 🎯 找到PROGRAM-ID: MAQR5500
2025-09-29 18:02:32,039 [INFO] 🎯 找到PROGRAM-NAME: ＡＣＰ信用発行日取引建株情報付加
2025-09-29 18:02:32,043 [INFO] 🎯 找到PATTERN-ID: UZ0Q07
2025-09-29 18:02:32,048 [INFO] ✅ 提取成功:
2025-09-29 18:02:32,051 [INFO]    PROGRAM-ID: MAQR5500
2025-09-29 18:02:32,055 [INFO]    PROGRAM-NAME: ＡＣＰ信用発行日取引建株情報付加
2025-09-29 18:02:32,058 [INFO]    PATTERN-ID: UZ0Q07
2025-09-29 18:03:04,771 [INFO] 开始解析SECTION ID - 文件: MAQR5500.ipo 程序ID: MAQR5500
2025-09-29 18:03:04,840 [INFO] 成功读取 632 行
2025-09-29 18:03:04,844 [INFO] 找到SECTION ID: CONFIGURATION (行 21)
2025-09-29 18:03:04,847 [INFO] 找到SECTION ID: INPUT-OUTPUT (行 26)
2025-09-29 18:03:04,850 [INFO] 找到SECTION ID: FILE (行 38)
2025-09-29 18:03:04,853 [INFO] 找到SECTION ID: WORKING-STORAGE (行 58)
2025-09-29 18:03:04,859 [INFO] 找到SECTION ID: LINKAGE (行 275)
2025-09-29 18:03:04,866 [INFO] 找到SECTION ID: ＭＡＱＲ５５００−ＭＡＩＮ (行 295)
2025-09-29 18:03:04,869 [INFO] 找到SECTION ID: Ｓ０００−初期処理 (行 314)
2025-09-29 18:03:04,873 [INFO] 找到SECTION ID: Ｓ１００−ワークエリア初期化処理 (行 355)
2025-09-29 18:03:04,876 [INFO] 找到SECTION ID: Ｍ０００−主処理 (行 384)
2025-09-29 18:03:04,881 [INFO] 找到SECTION ID: Ｅ０００−終了処理 (行 445)
2025-09-29 18:03:04,884 [INFO] 找到SECTION ID: Ｅ１００−入出力件数表示処理 (行 466)
2025-09-29 18:03:04,888 [INFO] 找到SECTION ID: Ｅ１１０−ジョブログ出力処理 (行 503)
2025-09-29 18:03:04,891 [INFO] 找到SECTION ID: Ｒ１００−マスタ入力処理 (行 538)
2025-09-29 18:03:04,894 [INFO] 找到SECTION ID: Ｒ２００−トラン入力処理 (行 562)
2025-09-29 18:03:04,898 [INFO] 找到SECTION ID: Ｗ１００−編集出力処理 (行 586)
2025-09-29 18:03:04,901 [INFO] 找到SECTION ID: Ｗ２００−編集出力処理 (行 605)
2025-09-29 18:03:04,904 [INFO] 找到SECTION ID: ＺＡ００−メッセージ出力処理 (行 621)
2025-09-29 18:03:04,908 [INFO] 成功提取 12 个SECTION ID
2025-09-29 18:03:56,668 [INFO] 开始解析SECTION ID - 文件: MAQR5500.ipo 程序ID: MAQR5500
2025-09-29 18:03:56,741 [INFO] 成功读取 632 行
2025-09-29 18:03:56,745 [INFO] 找到SECTION ID: CONFIGURATION (行 21)
2025-09-29 18:03:56,748 [INFO] 找到SECTION ID: INPUT-OUTPUT (行 26)
2025-09-29 18:03:56,751 [INFO] 找到SECTION ID: FILE (行 38)
2025-09-29 18:03:56,754 [INFO] 找到SECTION ID: WORKING-STORAGE (行 58)
2025-09-29 18:03:56,759 [INFO] 找到SECTION ID: LINKAGE (行 275)
2025-09-29 18:03:56,762 [INFO] 找到SECTION ID: ＭＡＱＲ５５００−ＭＡＩＮ (行 295)
2025-09-29 18:03:56,766 [INFO] 找到SECTION ID: Ｓ０００−初期処理 (行 314)
2025-09-29 18:03:56,769 [INFO] 找到SECTION ID: Ｓ１００−ワークエリア初期化処理 (行 355)
2025-09-29 18:03:56,772 [INFO] 找到SECTION ID: Ｍ０００−主処理 (行 384)
2025-09-29 18:03:56,776 [INFO] 找到SECTION ID: Ｅ０００−終了処理 (行 445)
2025-09-29 18:03:56,780 [INFO] 找到SECTION ID: Ｅ１００−入出力件数表示処理 (行 466)
2025-09-29 18:03:56,783 [INFO] 找到SECTION ID: Ｅ１１０−ジョブログ出力処理 (行 503)
2025-09-29 18:03:56,786 [INFO] 找到SECTION ID: Ｒ１００−マスタ入力処理 (行 538)
2025-09-29 18:03:56,790 [INFO] 找到SECTION ID: Ｒ２００−トラン入力処理 (行 562)
2025-09-29 18:03:56,793 [INFO] 找到SECTION ID: Ｗ１００−編集出力処理 (行 586)
2025-09-29 18:03:56,796 [INFO] 找到SECTION ID: Ｗ２００−編集出力処理 (行 605)
2025-09-29 18:03:56,799 [INFO] 找到SECTION ID: ＺＡ００−メッセージ出力処理 (行 621)
2025-09-29 18:03:56,802 [INFO] 成功提取 12 个SECTION ID
2025-09-29 18:04:51,968 [INFO] 开始解析SECTION ID - 文件: MAQR5500.ipo 程序ID: MAQR5500
2025-09-29 18:04:52,043 [INFO] 成功读取 632 行
2025-09-29 18:04:52,047 [INFO] 找到SECTION ID: CONFIGURATION (行 21)
2025-09-29 18:04:52,050 [INFO] 找到SECTION ID: INPUT-OUTPUT (行 26)
2025-09-29 18:04:52,054 [INFO] 找到SECTION ID: FILE (行 38)
2025-09-29 18:04:52,057 [INFO] 找到SECTION ID: WORKING-STORAGE (行 58)
2025-09-29 18:04:52,063 [INFO] 找到SECTION ID: LINKAGE (行 275)
2025-09-29 18:04:52,066 [INFO] 找到SECTION ID: ＭＡＱＲ５５００−ＭＡＩＮ (行 295)
2025-09-29 18:04:52,069 [INFO] 找到SECTION ID: Ｓ０００−初期処理 (行 314)
2025-09-29 18:04:52,072 [INFO] 找到SECTION ID: Ｓ１００−ワークエリア初期化処理 (行 355)
2025-09-29 18:04:52,076 [INFO] 找到SECTION ID: Ｍ０００−主処理 (行 384)
2025-09-29 18:04:52,080 [INFO] 找到SECTION ID: Ｅ０００−終了処理 (行 445)
2025-09-29 18:04:52,083 [INFO] 找到SECTION ID: Ｅ１００−入出力件数表示処理 (行 466)
2025-09-29 18:04:52,086 [INFO] 找到SECTION ID: Ｅ１１０−ジョブログ出力処理 (行 503)
2025-09-29 18:04:52,090 [INFO] 找到SECTION ID: Ｒ１００−マスタ入力処理 (行 538)
2025-09-29 18:04:52,093 [INFO] 找到SECTION ID: Ｒ２００−トラン入力処理 (行 562)
2025-09-29 18:04:52,096 [INFO] 找到SECTION ID: Ｗ１００−編集出力処理 (行 586)
2025-09-29 18:04:52,099 [INFO] 找到SECTION ID: Ｗ２００−編集出力処理 (行 605)
2025-09-29 18:04:52,102 [INFO] 找到SECTION ID: ＺＡ００−メッセージ出力処理 (行 621)
2025-09-29 18:04:52,105 [INFO] 成功提取 12 个SECTION ID
2025-09-29 19:16:22,318 [INFO] 🔍 开始解析文件: MAKA4600.ipo
2025-09-29 19:16:22,321 [INFO] 📋 程序ID: MAKA4600
2025-09-29 19:16:22,351 [INFO] 📖 成功读取 15 行
2025-09-29 19:16:22,354 [INFO] 🎯 找到PROGRAM-ID: MAKA4600
2025-09-29 19:16:22,359 [INFO] 🎯 找到PROGRAM-NAME: ＡＣＰ取引所株式銘柄関連登録
2025-09-29 19:16:22,362 [INFO] 🎯 找到PATTERN-ID: UZ0C01
2025-09-29 19:16:22,365 [INFO] ✅ 提取成功:
2025-09-29 19:16:22,367 [INFO]    PROGRAM-ID: MAKA4600
2025-09-29 19:16:22,370 [INFO]    PROGRAM-NAME: ＡＣＰ取引所株式銘柄関連登録
2025-09-29 19:16:22,374 [INFO]    PATTERN-ID: UZ0C01
2025-09-29 19:17:08,329 [INFO] 开始解析SECTION ID - 文件: MAKA4600.ipo 程序ID: MAKA4600
2025-09-29 19:17:08,449 [INFO] 成功读取 9367 行
2025-09-29 19:17:08,453 [INFO] 找到SECTION ID: CONFIGURATION (行 38)
2025-09-29 19:17:08,456 [INFO] 找到SECTION ID: WORKING-STORAGE (行 46)
2025-09-29 19:17:08,466 [INFO] 找到SECTION ID: LINKAGE (行 732)
2025-09-29 19:17:08,470 [INFO] 找到SECTION ID: ＭＡＫＡ４６００−ＭＡＩＮ (行 764)
2025-09-29 19:17:08,473 [INFO] 找到SECTION ID: Ｓ００００−初期処理 (行 782)
2025-09-29 19:17:08,477 [INFO] 找到SECTION ID: Ｓ１０００−エリア獲得処理 (行 834)
2025-09-29 19:17:08,480 [INFO] 找到SECTION ID: Ｓ１１００−変換後電文エリア獲得処理 (行 850)
2025-09-29 19:17:08,483 [INFO] 找到SECTION ID: Ｓ１３００−確認メッセージエリア獲得処理 (行 906)
2025-09-29 19:17:08,487 [INFO] 找到SECTION ID: Ｓ２０００−ワークエリア初期化処理 (行 948)
2025-09-29 19:17:08,490 [INFO] 找到SECTION ID: Ｓ３０００−入力電文調整処理 (行 969)
2025-09-29 19:17:08,493 [INFO] 找到SECTION ID: Ｍ００００−主処理 (行 1015)
2025-09-29 19:17:08,497 [INFO] 找到SECTION ID: Ｍ１０００−チェック処理 (行 1044)
2025-09-29 19:17:08,501 [INFO] 找到SECTION ID: Ｍ１１００−ＦＣＣ処理 (行 1154)
2025-09-29 19:17:08,505 [INFO] 找到SECTION ID: Ｍ１２００−入力ページチェック処理 (行 1202)
2025-09-29 19:17:08,508 [INFO] 找到SECTION ID: Ｍ１２１０−入力ページ単項目チェック処理 (行 1234)
2025-09-29 19:17:08,516 [INFO] 找到SECTION ID: Ｍ１２２０−入力ページ項目相関チェック処理 (行 1572)
2025-09-29 19:17:08,520 [INFO] 找到SECTION ID: Ｍ１２３０−入力ページＤＢ関連チェック処理 (行 1642)
2025-09-29 19:17:08,524 [INFO] 找到SECTION ID: Ｍ１２３１−入力ページ共通ＤＢ関連チェック処理 (行 1678)
2025-09-29 19:17:08,534 [INFO] 找到SECTION ID: Ｍ１２３２−新規ＤＢ関連チェック処理 (行 2124)
2025-09-29 19:17:08,539 [INFO] 找到SECTION ID: Ｍ１２３３−変更ＤＢ関連チェック処理 (行 2222)
2025-09-29 19:17:08,545 [INFO] 找到SECTION ID: Ｍ１２３４−抹消ＤＢ関連チェック処理 (行 2497)
2025-09-29 19:17:08,557 [INFO] 找到SECTION ID: Ｍ１２３５−抹消取消ＤＢ関連チェック処理 (行 3221)
2025-09-29 19:17:08,565 [INFO] 找到SECTION ID: Ｍ１３００−確認ページチェック処理 (行 3396)
2025-09-29 19:17:08,569 [INFO] 找到SECTION ID: Ｍ１３１０−確認ページ単項目チェック処理 (行 3436)
2025-09-29 19:17:08,585 [INFO] 找到SECTION ID: Ｍ１３２０−確認ページ項目相関チェック処理 (行 4063)
2025-09-29 19:17:08,590 [INFO] 找到SECTION ID: Ｍ１３３０−確認ページＤＢ関連チェック処理 (行 4151)
2025-09-29 19:17:08,593 [INFO] 找到SECTION ID: Ｍ１３３１−確認ページ共通ＤＢ関連チェック処理 (行 4177)
2025-09-29 19:17:08,602 [INFO] 找到SECTION ID: Ｍ１３３２−確認ページ新規の場合ＤＢ関連チェック処理 (行 4616)
2025-09-29 19:17:08,607 [INFO] 找到SECTION ID: Ｍ１３３３−確認ページ変更の場合ＤＢ関連チェック処理 (行 4709)
2025-09-29 19:17:08,613 [INFO] 找到SECTION ID: Ｍ１４００−訂正ページチェック処理 (行 4917)
2025-09-29 19:17:08,616 [INFO] 找到SECTION ID: Ｍ１５００−更新ページチェック処理 (行 4937)
2025-09-29 19:17:08,619 [INFO] 找到SECTION ID: Ｍ１５１０−更新ページ共通ＤＢ関連チェック処理 (行 4973)
2025-09-29 19:17:08,623 [INFO] 找到SECTION ID: Ｍ１５２０−更新ページ新規の場合ＤＢ関連チェック処理 (行 5009)
2025-09-29 19:17:08,627 [INFO] 找到SECTION ID: Ｍ１５３０−更新ページ新規以外の場合ＤＢ関連チェック処理 (行 5102)
2025-09-29 19:17:08,633 [INFO] 找到SECTION ID: Ｍ１５４０−更新ページ新規変更の場合ＤＢ関連チェック処理 (行 5388)
2025-09-29 19:17:08,637 [INFO] 找到SECTION ID: Ｍ２０００−更新処理 (行 5440)
2025-09-29 19:17:08,640 [INFO] 找到SECTION ID: Ｍ２１００−ＤＢ項目導出編集処理 (行 5463)
2025-09-29 19:17:08,643 [INFO] 找到SECTION ID: Ｍ２１１０−新規ＤＢ項目導出編集処理 (行 5488)
2025-09-29 19:17:08,646 [INFO] 找到SECTION ID: Ｍ２１１１−取引所株式銘柄関連ＤＢ再登録時導出編集処理 (行 5522)
2025-09-29 19:17:08,650 [INFO] 找到SECTION ID: Ｍ２１１２−取引所株式銘柄関連ＤＢ新規登録時導出編集処理 (行 5558)
2025-09-29 19:17:08,654 [INFO] 找到SECTION ID: Ｍ２１１３−銘柄関連予定履歴ＤＢ新規項目導出編集処理 (行 5594)
2025-09-29 19:17:08,657 [INFO] 找到SECTION ID: Ｍ２１２０−変更ＤＢ項目導出編集処理 (行 5628)
2025-09-29 19:17:08,661 [INFO] 找到SECTION ID: Ｍ２１２１−取引所株式銘柄関連ＤＢ変更項目導出編集 (行 5661)
2025-09-29 19:17:08,665 [INFO] 找到SECTION ID: Ｍ２１２２−株式銘柄関連予定履歴ＤＢ変更項目導出編集 (行 5721)
2025-09-29 19:17:08,668 [INFO] 找到SECTION ID: Ｍ２１３０−抹消ＤＢ項目導出編集処理 (行 5757)
2025-09-29 19:17:08,674 [INFO] 找到SECTION ID: Ｍ２１４０−抹消取消ＤＢ項目導出編集処理 (行 5899)
2025-09-29 19:17:08,679 [INFO] 找到SECTION ID: Ｍ２２００−ＤＢ更新処理 (行 5993)
2025-09-29 19:17:08,684 [INFO] 找到SECTION ID: Ｍ２２１０−取引所株式銘柄関連ＤＢ新規登録処理 (行 6115)
2025-09-29 19:17:08,688 [INFO] 找到SECTION ID: Ｍ２２２０−取引所株式銘柄関連ＤＢ登録処理 (行 6191)
2025-09-29 19:17:08,692 [INFO] 找到SECTION ID: Ｍ２２３０−取引所株式銘柄関連予定履歴ＤＢ登録処理 (行 6271)
2025-09-29 19:17:08,696 [INFO] 找到SECTION ID: Ｍ２２４０−取引所株式銘柄関連予定履歴ＤＢ刪除処理 (行 6342)
2025-09-29 19:17:08,703 [INFO] 找到SECTION ID: Ｍ３０００−編集処理 (行 6714)
2025-09-29 19:17:08,707 [INFO] 找到SECTION ID: Ｍ３１００−検索条件入力ページ項目導出編集処理 (行 6760)
2025-09-29 19:17:08,710 [INFO] 找到SECTION ID: Ｍ３１１０−新規の場合項目導出編集処理 (行 6803)
2025-09-29 19:17:08,715 [INFO] 找到SECTION ID: Ｍ３１２０−変更の場合項目導出編集処理 (行 6860)
2025-09-29 19:17:08,719 [INFO] 找到SECTION ID: Ｍ３１２１−変更の場合（１）ページ項目導出編集処理 (行 6889)
2025-09-29 19:17:08,723 [INFO] 找到SECTION ID: Ｍ３１２２−変更の場合（２）ページ項目導出編集処理 (行 6948)
2025-09-29 19:17:08,728 [INFO] 找到SECTION ID: Ｍ３１３０−抹消の場合項目導出編集処理 (行 7007)
2025-09-29 19:17:08,731 [INFO] 找到SECTION ID: Ｍ３１３１−抹消の場合（１）ページ項目導出編集処理 (行 7036)
2025-09-29 19:17:08,737 [INFO] 找到SECTION ID: Ｍ３１３２−抹消の場合（２）ページ項目導出編集処理 (行 7182)
2025-09-29 19:17:08,742 [INFO] 找到SECTION ID: Ｍ３２００−登録内容入力ページ項目導出編集処理 (行 7328)
2025-09-29 19:17:08,747 [INFO] 找到SECTION ID: Ｍ３３００−訂正時登録内容入力ページ項目導出編集処理 (行 7423)
2025-09-29 19:17:08,751 [INFO] 找到SECTION ID: Ｍ３４００−登録完了ページ項目導出編集処理 (行 7454)
2025-09-29 19:17:08,755 [INFO] 找到SECTION ID: Ｍ３４１０−効力発生日以降予定登録存在チェック処理 (行 7514)
2025-09-29 19:17:08,759 [INFO] 找到SECTION ID: Ｍ３４２０−確認メッセージ取得処理 (行 7565)
2025-09-29 19:17:08,764 [INFO] 找到SECTION ID: Ｍ３４３０−確認詳細メッセージ編集処理 (行 7650)
2025-09-29 19:17:08,767 [INFO] 找到SECTION ID: Ｍ３５００−登録内容入力ページエラー用項目導出編集処理 (行 7695)
2025-09-29 19:17:08,770 [INFO] 找到SECTION ID: Ｍ３６００−登録内容確認ページエラー用項目導出編集処理 (行 7715)
2025-09-29 19:17:08,775 [INFO] 找到SECTION ID: Ｅ００００−終了処理 (行 7754)
2025-09-29 19:17:08,779 [INFO] 找到SECTION ID: Ｅ１０００−出力前最終処理 (行 7795)
2025-09-29 19:17:08,783 [INFO] 找到SECTION ID: Ｚ１０００−メッセージ編集処理 (行 7923)
2025-09-29 19:17:08,786 [INFO] 找到SECTION ID: Ｚ２０００−メッセージ出力処理 (行 7933)
2025-09-29 19:17:08,789 [INFO] 找到SECTION ID: Ｚ３０００−銘柄番号を取得処理 (行 7946)
2025-09-29 19:17:08,794 [INFO] 找到SECTION ID: Ｚ４０００−予定履歴登録番号取得処理 (行 8020)
2025-09-29 19:17:08,798 [INFO] 找到SECTION ID: Ｚ５０００−取引所株式銘柄基本関連変更対象の予定履歴参照 (行 8103)
2025-09-29 19:17:08,804 [INFO] 找到SECTION ID: Ｚ６０００−取引所株式銘柄基本関連直近の予定履歴参照 (行 8310)
2025-09-29 19:17:08,810 [INFO] 找到SECTION ID: Ｚ７０００−取引所株式銘柄基本関連予定履歴ＤＢ取得 (行 8520)
2025-09-29 19:17:08,814 [INFO] 找到SECTION ID: Ｚ８０００−上場部予定履歴ＤＢを取得 (行 8596)
2025-09-29 19:17:08,818 [INFO] 找到SECTION ID: Ｚ９０００−ＡＫ前世代効力発生年月日を取得処理 (行 8673)
2025-09-29 19:17:08,824 [INFO] 找到SECTION ID: ＺＡ０００−ＡＫ次世代効力発生年月日を取得処理 (行 8881)
2025-09-29 19:17:08,831 [INFO] 找到SECTION ID: ＺＣ０００−株式銘柄登録抹消可否判別処理 (行 9094)
2025-09-29 19:17:08,834 [INFO] 找到SECTION ID: ＺＥ０００−株式銘柄基本予定履歴参照 (行 9149)
2025-09-29 19:17:08,840 [INFO] 找到SECTION ID: ＺＺ０００−異常終了処理 (行 9356)
2025-09-29 19:17:08,844 [INFO] 成功提取 80 个SECTION ID
