2025-08-23 14:08:29,663 [INFO] 开始解析SECTION ID - 文件: MAQR8700.ipo 程序ID: MAQR8700
2025-08-23 14:08:29,665 [INFO] 成功读取 616 行
2025-08-23 14:08:29,666 [INFO] 找到SECTION ID: CONFIGURATION (行 21)
2025-08-23 14:08:29,666 [INFO] 找到SECTION ID: INPUT-OUTPUT (行 26)
2025-08-23 14:08:29,666 [INFO] 找到SECTION ID: FILE (行 37)
2025-08-23 14:08:29,666 [INFO] 找到SECTION ID: WORKING-STORAGE (行 53)
2025-08-23 14:08:29,666 [INFO] 找到SECTION ID: LINKAGE (行 309)
2025-08-23 14:08:29,666 [INFO] 成功提取 5 个SECTION ID
2025-08-23 14:08:29,668 [INFO] 开始解析SECTION详细信息 - 文件: MAQR8700.ipo
2025-08-23 14:08:29,669 [INFO] 成功读取 616 行
2025-08-23 14:08:29,669 [INFO] 找到SECTION: CONFIGURATION (行 21)
2025-08-23 14:08:29,669 [INFO] 找到SECTION: INPUT-OUTPUT (行 26)
2025-08-23 14:08:29,669 [INFO] 找到SECTION: FILE (行 37)
2025-08-23 14:08:29,669 [INFO] 找到SECTION: WORKING-STORAGE (行 53)
2025-08-23 14:08:29,669 [INFO] 找到SECTION: LINKAGE (行 309)
2025-08-23 14:08:29,670 [INFO] 成功提取 5 个SECTION详细信息
2025-08-23 14:08:29,676 [INFO] 开始批量提取 1 个文件的SECTION ID
2025-08-23 14:08:29,676 [INFO] [1/1] 处理文件: MAQR8700.ipo
2025-08-23 14:08:29,676 [INFO] 开始解析SECTION ID - 文件: MAQR8700.ipo 程序ID: MAQR8700
2025-08-23 14:08:29,677 [INFO] 成功读取 616 行
2025-08-23 14:08:29,677 [INFO] 找到SECTION ID: CONFIGURATION (行 21)
2025-08-23 14:08:29,677 [INFO] 找到SECTION ID: INPUT-OUTPUT (行 26)
2025-08-23 14:08:29,677 [INFO] 找到SECTION ID: FILE (行 37)
2025-08-23 14:08:29,677 [INFO] 找到SECTION ID: WORKING-STORAGE (行 53)
2025-08-23 14:08:29,678 [INFO] 找到SECTION ID: LINKAGE (行 309)
2025-08-23 14:08:29,678 [INFO] 成功提取 5 个SECTION ID
2025-08-23 14:08:29,678 [INFO] MAQR8700: 找到 5 个SECTION
2025-08-23 14:08:29,678 [INFO] 批量提取完成: 处理文件: 1, 成功文件: 1, 总SECTION数: 5
2025-08-23 14:42:47,687 [INFO] 开始解析SECTION ID - 文件: MAQR8700.ipo 程序ID: MAQR8700
2025-08-23 14:42:47,689 [INFO] 成功读取 616 行
2025-08-23 14:42:47,690 [INFO] 找到SECTION ID: CONFIGURATION (行 21)
2025-08-23 14:42:47,690 [INFO] 找到SECTION ID: INPUT-OUTPUT (行 26)
2025-08-23 14:42:47,691 [INFO] 找到SECTION ID: FILE (行 37)
2025-08-23 14:42:47,691 [INFO] 找到SECTION ID: WORKING-STORAGE (行 53)
2025-08-23 14:42:47,696 [INFO] 找到SECTION ID: LINKAGE (行 309)
2025-08-23 14:42:47,696 [INFO] 找到SECTION ID: ＭＡＱＲ８７００−ＭＡＩＮ (行 328)
2025-08-23 14:42:47,696 [INFO] 找到SECTION ID: Ｓ０００−初期処理 (行 349)
2025-08-23 14:42:47,697 [INFO] 找到SECTION ID: Ｓ２００−ワークエリア初期化処理 (行 400)
2025-08-23 14:42:47,698 [INFO] 找到SECTION ID: Ｍ０００−主処理 (行 437)
2025-08-23 14:42:47,698 [INFO] 找到SECTION ID: Ｍ１００−総合口座関連登録予約受付編集出力処理 (行 460)
2025-08-23 14:42:47,699 [INFO] 找到SECTION ID: Ｅ０００−終了処理 (行 511)
2025-08-23 14:42:47,699 [INFO] 找到SECTION ID: Ｅ１００−入出力件数表示処理 (行 531)
2025-08-23 14:42:47,703 [INFO] 找到SECTION ID: Ｅ１１０−件数出力処理 (行 551)
2025-08-23 14:42:47,711 [INFO] 找到SECTION ID: Ｒ１００−ファイル入力処理 (行 586)
2025-08-23 14:42:47,712 [INFO] 找到SECTION ID: ＺＡ００−メッセージ出力処理 (行 605)
2025-08-23 14:42:47,712 [INFO] 成功提取 15 个SECTION ID
2025-08-23 14:42:47,717 [INFO] 开始解析SECTION详细信息 - 文件: MAQR8700.ipo
2025-08-23 14:42:47,718 [INFO] 成功读取 616 行
2025-08-23 14:42:47,719 [INFO] 找到SECTION: CONFIGURATION (行 21)
2025-08-23 14:42:47,719 [INFO] 找到SECTION: INPUT-OUTPUT (行 26)
2025-08-23 14:42:47,719 [INFO] 找到SECTION: FILE (行 37)
2025-08-23 14:42:47,720 [INFO] 找到SECTION: WORKING-STORAGE (行 53)
2025-08-23 14:42:47,733 [INFO] 找到SECTION: LINKAGE (行 309)
2025-08-23 14:42:47,734 [INFO] 找到SECTION: ＭＡＱＲ８７００−ＭＡＩＮ (行 328)
2025-08-23 14:42:47,735 [INFO] 找到SECTION: Ｓ０００−初期処理 (行 349)
2025-08-23 14:42:47,735 [INFO] 找到SECTION: Ｓ２００−ワークエリア初期化処理 (行 400)
2025-08-23 14:42:47,737 [INFO] 找到SECTION: Ｍ０００−主処理 (行 437)
2025-08-23 14:42:47,737 [INFO] 找到SECTION: Ｍ１００−総合口座関連登録予約受付編集出力処理 (行 460)
2025-08-23 14:42:47,739 [INFO] 找到SECTION: Ｅ０００−終了処理 (行 511)
2025-08-23 14:42:47,739 [INFO] 找到SECTION: Ｅ１００−入出力件数表示処理 (行 531)
2025-08-23 14:42:47,739 [INFO] 找到SECTION: Ｅ１１０−件数出力処理 (行 551)
2025-08-23 14:42:47,740 [INFO] 找到SECTION: Ｒ１００−ファイル入力処理 (行 586)
2025-08-23 14:42:47,740 [INFO] 找到SECTION: ＺＡ００−メッセージ出力処理 (行 605)
2025-08-23 14:42:47,740 [INFO] 成功提取 15 个SECTION详细信息
2025-08-23 14:42:47,752 [INFO] 开始批量提取 1 个文件的SECTION ID
2025-08-23 14:42:47,753 [INFO] [1/1] 处理文件: MAQR8700.ipo
2025-08-23 14:42:47,754 [INFO] 开始解析SECTION ID - 文件: MAQR8700.ipo 程序ID: MAQR8700
2025-08-23 14:42:47,755 [INFO] 成功读取 616 行
2025-08-23 14:42:47,755 [INFO] 找到SECTION ID: CONFIGURATION (行 21)
2025-08-23 14:42:47,757 [INFO] 找到SECTION ID: INPUT-OUTPUT (行 26)
2025-08-23 14:42:47,758 [INFO] 找到SECTION ID: FILE (行 37)
2025-08-23 14:42:47,759 [INFO] 找到SECTION ID: WORKING-STORAGE (行 53)
2025-08-23 14:42:47,767 [INFO] 找到SECTION ID: LINKAGE (行 309)
2025-08-23 14:42:47,768 [INFO] 找到SECTION ID: ＭＡＱＲ８７００−ＭＡＩＮ (行 328)
2025-08-23 14:42:47,769 [INFO] 找到SECTION ID: Ｓ０００−初期処理 (行 349)
2025-08-23 14:42:47,769 [INFO] 找到SECTION ID: Ｓ２００−ワークエリア初期化処理 (行 400)
2025-08-23 14:42:47,770 [INFO] 找到SECTION ID: Ｍ０００−主処理 (行 437)
2025-08-23 14:42:47,770 [INFO] 找到SECTION ID: Ｍ１００−総合口座関連登録予約受付編集出力処理 (行 460)
2025-08-23 14:42:47,772 [INFO] 找到SECTION ID: Ｅ０００−終了処理 (行 511)
2025-08-23 14:42:47,772 [INFO] 找到SECTION ID: Ｅ１００−入出力件数表示処理 (行 531)
2025-08-23 14:42:47,772 [INFO] 找到SECTION ID: Ｅ１１０−件数出力処理 (行 551)
2025-08-23 14:42:47,773 [INFO] 找到SECTION ID: Ｒ１００−ファイル入力処理 (行 586)
2025-08-23 14:42:47,773 [INFO] 找到SECTION ID: ＺＡ００−メッセージ出力処理 (行 605)
2025-08-23 14:42:47,773 [INFO] 成功提取 15 个SECTION ID
2025-08-23 14:42:47,775 [INFO] MAQR8700: 找到 15 个SECTION
2025-08-23 14:42:47,775 [INFO] 批量提取完成: 处理文件: 1, 成功文件: 1, 总SECTION数: 15
2025-08-23 14:45:34,882 [INFO] 🧪 SECTION ID 提取器测试
2025-08-23 14:45:34,882 [INFO] ============================================================
2025-08-23 14:45:34,883 [INFO] 
📝 测试1: 基本SECTION ID提取
2025-08-23 14:45:34,898 [INFO] 开始解析SECTION ID - 文件: MAQR8700.ipo 程序ID: MAQR8700
2025-08-23 14:45:34,900 [INFO] 成功读取 616 行
2025-08-23 14:45:34,901 [INFO] 找到SECTION ID: CONFIGURATION (行 21)
2025-08-23 14:45:34,901 [INFO] 找到SECTION ID: INPUT-OUTPUT (行 26)
2025-08-23 14:45:34,901 [INFO] 找到SECTION ID: FILE (行 37)
2025-08-23 14:45:34,902 [INFO] 找到SECTION ID: WORKING-STORAGE (行 53)
2025-08-23 14:45:34,918 [INFO] 找到SECTION ID: LINKAGE (行 309)
2025-08-23 14:45:34,919 [INFO] 找到SECTION ID: ＭＡＱＲ８７００−ＭＡＩＮ (行 328)
2025-08-23 14:45:34,920 [INFO] 找到SECTION ID: Ｓ０００−初期処理 (行 349)
2025-08-23 14:45:34,920 [INFO] 找到SECTION ID: Ｓ２００−ワークエリア初期化処理 (行 400)
2025-08-23 14:45:34,921 [INFO] 找到SECTION ID: Ｍ０００−主処理 (行 437)
2025-08-23 14:45:34,922 [INFO] 找到SECTION ID: Ｍ１００−総合口座関連登録予約受付編集出力処理 (行 460)
2025-08-23 14:45:34,923 [INFO] 找到SECTION ID: Ｅ０００−終了処理 (行 511)
2025-08-23 14:45:34,924 [INFO] 找到SECTION ID: Ｅ１００−入出力件数表示処理 (行 531)
2025-08-23 14:45:34,925 [INFO] 找到SECTION ID: Ｅ１１０−件数出力処理 (行 551)
2025-08-23 14:45:34,926 [INFO] 找到SECTION ID: Ｒ１００−ファイル入力処理 (行 586)
2025-08-23 14:45:34,926 [INFO] 找到SECTION ID: ＺＡ００−メッセージ出力処理 (行 605)
2025-08-23 14:45:34,927 [INFO] 成功提取 15 个SECTION ID
2025-08-23 14:45:34,927 [INFO] 
📋 MAQR8700 的SECTION ID列表:
==================================================
2025-08-23 14:45:34,927 [INFO]     1. CONFIGURATION
2025-08-23 14:45:34,928 [INFO]     2. INPUT-OUTPUT
2025-08-23 14:45:34,928 [INFO]     3. FILE
2025-08-23 14:45:34,928 [INFO]     4. WORKING-STORAGE
2025-08-23 14:45:34,928 [INFO]     5. LINKAGE
2025-08-23 14:45:34,929 [INFO]     6. ＭＡＱＲ８７００−ＭＡＩＮ
2025-08-23 14:45:34,929 [INFO]     7. Ｓ０００−初期処理
2025-08-23 14:45:34,929 [INFO]     8. Ｓ２００−ワークエリア初期化処理
2025-08-23 14:45:34,929 [INFO]     9. Ｍ０００−主処理
2025-08-23 14:45:34,929 [INFO]    10. Ｍ１００−総合口座関連登録予約受付編集出力処理
2025-08-23 14:45:34,930 [INFO]    11. Ｅ０００−終了処理
2025-08-23 14:45:34,930 [INFO]    12. Ｅ１００−入出力件数表示処理
2025-08-23 14:45:34,930 [INFO]    13. Ｅ１１０−件数出力処理
2025-08-23 14:45:34,930 [INFO]    14. Ｒ１００−ファイル入力処理
2025-08-23 14:45:34,931 [INFO]    15. ＺＡ００−メッセージ出力処理
2025-08-23 14:45:34,944 [INFO] 
✅ 总计: 15 个SECTION ID
2025-08-23 14:45:34,944 [INFO] 
📝 测试2: SECTION详细信息提取
2025-08-23 14:45:34,947 [INFO] 开始解析SECTION详细信息 - 文件: MAQR8700.ipo
2025-08-23 14:45:34,948 [INFO] 成功读取 616 行
2025-08-23 14:45:34,948 [INFO] 找到SECTION: CONFIGURATION (行 21)
2025-08-23 14:45:34,948 [INFO] 找到SECTION: INPUT-OUTPUT (行 26)
2025-08-23 14:45:34,949 [INFO] 找到SECTION: FILE (行 37)
2025-08-23 14:45:34,949 [INFO] 找到SECTION: WORKING-STORAGE (行 53)
2025-08-23 14:45:34,953 [INFO] 找到SECTION: LINKAGE (行 309)
2025-08-23 14:45:34,954 [INFO] 找到SECTION: ＭＡＱＲ８７００−ＭＡＩＮ (行 328)
2025-08-23 14:45:34,954 [INFO] 找到SECTION: Ｓ０００−初期処理 (行 349)
2025-08-23 14:45:34,955 [INFO] 找到SECTION: Ｓ２００−ワークエリア初期化処理 (行 400)
2025-08-23 14:45:34,955 [INFO] 找到SECTION: Ｍ０００−主処理 (行 437)
2025-08-23 14:45:34,956 [INFO] 找到SECTION: Ｍ１００−総合口座関連登録予約受付編集出力処理 (行 460)
2025-08-23 14:45:34,957 [INFO] 找到SECTION: Ｅ０００−終了処理 (行 511)
2025-08-23 14:45:34,958 [INFO] 找到SECTION: Ｅ１００−入出力件数表示処理 (行 531)
2025-08-23 14:45:34,959 [INFO] 找到SECTION: Ｅ１１０−件数出力処理 (行 551)
2025-08-23 14:45:34,960 [INFO] 找到SECTION: Ｒ１００−ファイル入力処理 (行 586)
2025-08-23 14:45:34,960 [INFO] 找到SECTION: ＺＡ００−メッセージ出力処理 (行 605)
2025-08-23 14:45:34,961 [INFO] 成功提取 15 个SECTION详细信息
2025-08-23 14:45:34,965 [INFO] 
📋 MAQR8700 的SECTION详细信息:
======================================================================
2025-08-23 14:45:34,967 [INFO]     1. SECTION ID: CONFIGURATION
2025-08-23 14:45:34,968 [INFO]        行号: 21
2025-08-23 14:45:34,968 [INFO]        内容: CONFIGURATION               SECTION.

2025-08-23 14:45:34,969 [INFO]     2. SECTION ID: INPUT-OUTPUT
2025-08-23 14:45:34,969 [INFO]        行号: 26
2025-08-23 14:45:34,970 [INFO]        内容: INPUT-OUTPUT                SECTION.

2025-08-23 14:45:34,970 [INFO]     3. SECTION ID: FILE
2025-08-23 14:45:34,971 [INFO]        行号: 37
2025-08-23 14:45:34,971 [INFO]        内容: FILE                        SECTION.

2025-08-23 14:45:34,972 [INFO]     4. SECTION ID: WORKING-STORAGE
2025-08-23 14:45:34,972 [INFO]        行号: 53
2025-08-23 14:45:34,981 [INFO]        内容: WORKING-STORAGE             SECTION.

2025-08-23 14:45:34,982 [INFO]     5. SECTION ID: LINKAGE
2025-08-23 14:45:34,983 [INFO]        行号: 309
2025-08-23 14:45:34,983 [INFO]        内容: LINKAGE                     SECTION.

2025-08-23 14:45:34,984 [INFO]     6. SECTION ID: ＭＡＱＲ８７００−ＭＡＩＮ
2025-08-23 14:45:34,984 [INFO]        行号: 328
2025-08-23 14:45:34,984 [INFO]        内容: ＭＡＱＲ８７００−ＭＡＩＮ    SECTION.

2025-08-23 14:45:34,984 [INFO]     7. SECTION ID: Ｓ０００−初期処理
2025-08-23 14:45:34,985 [INFO]        行号: 349
2025-08-23 14:45:34,985 [INFO]        内容: Ｓ０００−初期処理 SECTION.

2025-08-23 14:45:34,985 [INFO]     8. SECTION ID: Ｓ２００−ワークエリア初期化処理
2025-08-23 14:45:34,986 [INFO]        行号: 400
2025-08-23 14:45:34,987 [INFO]        内容: Ｓ２００−ワークエリア初期化処理 SECTION.

2025-08-23 14:45:34,994 [INFO]     9. SECTION ID: Ｍ０００−主処理
2025-08-23 14:45:34,995 [INFO]        行号: 437
2025-08-23 14:45:34,996 [INFO]        内容: Ｍ０００−主処理 SECTION.

2025-08-23 14:45:34,996 [INFO]    10. SECTION ID: Ｍ１００−総合口座関連登録予約受付編集出力処理
2025-08-23 14:45:34,996 [INFO]        行号: 460
2025-08-23 14:45:34,996 [INFO]        内容: Ｍ１００−総合口座関連登録予約受付編集出力処理 SECTION.

2025-08-23 14:45:34,997 [INFO]    11. SECTION ID: Ｅ０００−終了処理
2025-08-23 14:45:34,997 [INFO]        行号: 511
2025-08-23 14:45:34,997 [INFO]        内容: Ｅ０００−終了処理 SECTION.

2025-08-23 14:45:34,997 [INFO]    12. SECTION ID: Ｅ１００−入出力件数表示処理
2025-08-23 14:45:34,997 [INFO]        行号: 531
2025-08-23 14:45:34,998 [INFO]        内容: Ｅ１００−入出力件数表示処理  SECTION.

2025-08-23 14:45:34,998 [INFO]    13. SECTION ID: Ｅ１１０−件数出力処理
2025-08-23 14:45:34,998 [INFO]        行号: 551
2025-08-23 14:45:34,998 [INFO]        内容: Ｅ１１０−件数出力処理  SECTION.

2025-08-23 14:45:34,999 [INFO]    14. SECTION ID: Ｒ１００−ファイル入力処理
2025-08-23 14:45:34,999 [INFO]        行号: 586
2025-08-23 14:45:34,999 [INFO]        内容: Ｒ１００−ファイル入力処理      SECTION.

2025-08-23 14:45:34,999 [INFO]    15. SECTION ID: ＺＡ００−メッセージ出力処理
2025-08-23 14:45:35,000 [INFO]        行号: 605
2025-08-23 14:45:35,000 [INFO]        内容: ＺＡ００−メッセージ出力処理      SECTION.

2025-08-23 14:45:35,000 [INFO] ✅ 总计: 15 个SECTION
2025-08-23 14:45:35,001 [INFO] 
🎯 返回给调用函数的数组格式:
2025-08-23 14:45:35,001 [INFO]    类型: <class 'list'>
2025-08-23 14:45:35,002 [INFO]    内容: ['CONFIGURATION', 'INPUT-OUTPUT', 'FILE', 'WORKING-STORAGE', 'LINKAGE', 'ＭＡＱＲ８７００−ＭＡＩＮ', 'Ｓ０００−初期処理', 'Ｓ２００−ワークエリア初期化処理', 'Ｍ０００−主処理', 'Ｍ１００−総合口座関連登録予約受付編集出力処理', 'Ｅ０００−終了処理', 'Ｅ１００−入出力件数表示処理', 'Ｅ１１０−件数出力処理', 'Ｒ１００−ファイル入力処理', 'ＺＡ００−メッセージ出力処理']
2025-08-23 14:45:35,002 [INFO]    长度: 15
2025-08-23 14:45:35,011 [INFO] 
📝 测试4: 批量处理示例
2025-08-23 14:45:35,013 [INFO] 开始批量提取 1 个文件的SECTION ID
2025-08-23 14:45:35,013 [INFO] [1/1] 处理文件: MAQR8700.ipo
2025-08-23 14:45:35,013 [INFO] 开始解析SECTION ID - 文件: MAQR8700.ipo 程序ID: MAQR8700
2025-08-23 14:45:35,014 [INFO] 成功读取 616 行
2025-08-23 14:45:35,014 [INFO] 找到SECTION ID: CONFIGURATION (行 21)
2025-08-23 14:45:35,014 [INFO] 找到SECTION ID: INPUT-OUTPUT (行 26)
2025-08-23 14:45:35,015 [INFO] 找到SECTION ID: FILE (行 37)
2025-08-23 14:45:35,015 [INFO] 找到SECTION ID: WORKING-STORAGE (行 53)
2025-08-23 14:45:35,029 [INFO] 找到SECTION ID: LINKAGE (行 309)
2025-08-23 14:45:35,029 [INFO] 找到SECTION ID: ＭＡＱＲ８７００−ＭＡＩＮ (行 328)
2025-08-23 14:45:35,030 [INFO] 找到SECTION ID: Ｓ０００−初期処理 (行 349)
2025-08-23 14:45:35,031 [INFO] 找到SECTION ID: Ｓ２００−ワークエリア初期化処理 (行 400)
2025-08-23 14:45:35,031 [INFO] 找到SECTION ID: Ｍ０００−主処理 (行 437)
2025-08-23 14:45:35,032 [INFO] 找到SECTION ID: Ｍ１００−総合口座関連登録予約受付編集出力処理 (行 460)
2025-08-23 14:45:35,038 [INFO] 找到SECTION ID: Ｅ０００−終了処理 (行 511)
2025-08-23 14:45:35,039 [INFO] 找到SECTION ID: Ｅ１００−入出力件数表示処理 (行 531)
2025-08-23 14:45:35,043 [INFO] 找到SECTION ID: Ｅ１１０−件数出力処理 (行 551)
2025-08-23 14:45:35,045 [INFO] 找到SECTION ID: Ｒ１００−ファイル入力処理 (行 586)
2025-08-23 14:45:35,045 [INFO] 找到SECTION ID: ＺＡ００−メッセージ出力処理 (行 605)
2025-08-23 14:45:35,045 [INFO] 成功提取 15 个SECTION ID
2025-08-23 14:45:35,046 [INFO] MAQR8700: 找到 15 个SECTION
2025-08-23 14:45:35,046 [INFO] 批量提取完成: 处理文件: 1, 成功文件: 1, 总SECTION数: 15
2025-08-23 14:45:35,046 [INFO]    MAQR8700: ['CONFIGURATION', 'INPUT-OUTPUT', 'FILE', 'WORKING-STORAGE', 'LINKAGE', 'ＭＡＱＲ８７００−ＭＡＩＮ', 'Ｓ０００−初期処理', 'Ｓ２００−ワークエリア初期化処理', 'Ｍ０００−主処理', 'Ｍ１００−総合口座関連登録予約受付編集出力処理', 'Ｅ０００−終了処理', 'Ｅ１００−入出力件数表示処理', 'Ｅ１１０−件数出力処理', 'Ｒ１００−ファイル入力処理', 'ＺＡ００−メッセージ出力処理']
2025-08-23 14:45:50,549 [INFO] 🧪 SECTION ID 提取器测试
2025-08-23 14:45:50,549 [INFO] ============================================================
2025-08-23 14:45:50,549 [INFO] 
📝 测试1: 基本SECTION ID提取
2025-08-23 14:45:50,565 [INFO] 开始解析SECTION ID - 文件: MAQR8700.ipo 程序ID: MAQR8700
2025-08-23 14:45:50,567 [INFO] 成功读取 616 行
2025-08-23 14:45:50,568 [INFO] 找到SECTION ID: CONFIGURATION (行 21)
2025-08-23 14:45:50,568 [INFO] 找到SECTION ID: INPUT-OUTPUT (行 26)
2025-08-23 14:45:50,568 [INFO] 找到SECTION ID: FILE (行 37)
2025-08-23 14:45:50,569 [INFO] 找到SECTION ID: WORKING-STORAGE (行 53)
2025-08-23 14:45:50,577 [INFO] 找到SECTION ID: LINKAGE (行 309)
2025-08-23 14:45:50,577 [INFO] 找到SECTION ID: ＭＡＱＲ８７００−ＭＡＩＮ (行 328)
2025-08-23 14:45:50,579 [INFO] 找到SECTION ID: Ｓ０００−初期処理 (行 349)
2025-08-23 14:45:50,579 [INFO] 找到SECTION ID: Ｓ２００−ワークエリア初期化処理 (行 400)
2025-08-23 14:45:50,582 [INFO] 找到SECTION ID: Ｍ０００−主処理 (行 437)
2025-08-23 14:45:50,584 [INFO] 找到SECTION ID: Ｍ１００−総合口座関連登録予約受付編集出力処理 (行 460)
2025-08-23 14:45:50,586 [INFO] 找到SECTION ID: Ｅ０００−終了処理 (行 511)
2025-08-23 14:45:50,587 [INFO] 找到SECTION ID: Ｅ１００−入出力件数表示処理 (行 531)
2025-08-23 14:45:50,588 [INFO] 找到SECTION ID: Ｅ１１０−件数出力処理 (行 551)
2025-08-23 14:45:50,619 [INFO] 找到SECTION ID: Ｒ１００−ファイル入力処理 (行 586)
2025-08-23 14:45:50,621 [INFO] 找到SECTION ID: ＺＡ００−メッセージ出力処理 (行 605)
2025-08-23 14:45:50,621 [INFO] 成功提取 15 个SECTION ID
2025-08-23 14:45:50,622 [INFO] 
📋 MAQR8700 的SECTION ID列表:
==================================================
2025-08-23 14:45:50,622 [INFO]     1. CONFIGURATION
2025-08-23 14:45:50,623 [INFO]     2. INPUT-OUTPUT
2025-08-23 14:45:50,623 [INFO]     3. FILE
2025-08-23 14:45:50,623 [INFO]     4. WORKING-STORAGE
2025-08-23 14:45:50,624 [INFO]     5. LINKAGE
2025-08-23 14:45:50,624 [INFO]     6. ＭＡＱＲ８７００−ＭＡＩＮ
2025-08-23 14:45:50,624 [INFO]     7. Ｓ０００−初期処理
2025-08-23 14:45:50,625 [INFO]     8. Ｓ２００−ワークエリア初期化処理
2025-08-23 14:45:50,625 [INFO]     9. Ｍ０００−主処理
2025-08-23 14:45:50,626 [INFO]    10. Ｍ１００−総合口座関連登録予約受付編集出力処理
2025-08-23 14:45:50,626 [INFO]    11. Ｅ０００−終了処理
2025-08-23 14:45:50,627 [INFO]    12. Ｅ１００−入出力件数表示処理
2025-08-23 14:45:50,627 [INFO]    13. Ｅ１１０−件数出力処理
2025-08-23 14:45:50,628 [INFO]    14. Ｒ１００−ファイル入力処理
2025-08-23 14:45:50,628 [INFO]    15. ＺＡ００−メッセージ出力処理
2025-08-23 14:45:50,629 [INFO] 
✅ 总计: 15 个SECTION ID
2025-08-23 14:45:50,630 [INFO] 
📝 测试2: SECTION详细信息提取
2025-08-23 14:45:50,634 [INFO] 开始解析SECTION详细信息 - 文件: MAQR8700.ipo
2025-08-23 14:45:50,644 [INFO] 成功读取 616 行
2025-08-23 14:45:50,649 [INFO] 找到SECTION: CONFIGURATION (行 21)
2025-08-23 14:45:50,650 [INFO] 找到SECTION: INPUT-OUTPUT (行 26)
2025-08-23 14:45:50,650 [INFO] 找到SECTION: FILE (行 37)
2025-08-23 14:45:50,651 [INFO] 找到SECTION: WORKING-STORAGE (行 53)
2025-08-23 14:45:50,656 [INFO] 找到SECTION: LINKAGE (行 309)
2025-08-23 14:45:50,658 [INFO] 找到SECTION: ＭＡＱＲ８７００−ＭＡＩＮ (行 328)
2025-08-23 14:45:50,666 [INFO] 找到SECTION: Ｓ０００−初期処理 (行 349)
2025-08-23 14:45:50,667 [INFO] 找到SECTION: Ｓ２００−ワークエリア初期化処理 (行 400)
2025-08-23 14:45:50,667 [INFO] 找到SECTION: Ｍ０００−主処理 (行 437)
2025-08-23 14:45:50,668 [INFO] 找到SECTION: Ｍ１００−総合口座関連登録予約受付編集出力処理 (行 460)
2025-08-23 14:45:50,669 [INFO] 找到SECTION: Ｅ０００−終了処理 (行 511)
2025-08-23 14:45:50,669 [INFO] 找到SECTION: Ｅ１００−入出力件数表示処理 (行 531)
2025-08-23 14:45:50,669 [INFO] 找到SECTION: Ｅ１１０−件数出力処理 (行 551)
2025-08-23 14:45:50,670 [INFO] 找到SECTION: Ｒ１００−ファイル入力処理 (行 586)
2025-08-23 14:45:50,670 [INFO] 找到SECTION: ＺＡ００−メッセージ出力処理 (行 605)
2025-08-23 14:45:50,671 [INFO] 成功提取 15 个SECTION详细信息
2025-08-23 14:45:50,671 [INFO] 
📋 MAQR8700 的SECTION详细信息:
======================================================================
2025-08-23 14:45:50,671 [INFO]     1. SECTION ID: CONFIGURATION
2025-08-23 14:45:50,672 [INFO]        行号: 21
2025-08-23 14:45:50,672 [INFO]        内容: CONFIGURATION               SECTION.

2025-08-23 14:45:50,673 [INFO]     2. SECTION ID: INPUT-OUTPUT
2025-08-23 14:45:50,673 [INFO]        行号: 26
2025-08-23 14:45:50,673 [INFO]        内容: INPUT-OUTPUT                SECTION.

2025-08-23 14:45:50,674 [INFO]     3. SECTION ID: FILE
2025-08-23 14:45:50,674 [INFO]        行号: 37
2025-08-23 14:45:50,674 [INFO]        内容: FILE                        SECTION.

2025-08-23 14:45:50,675 [INFO]     4. SECTION ID: WORKING-STORAGE
2025-08-23 14:45:50,675 [INFO]        行号: 53
2025-08-23 14:45:50,675 [INFO]        内容: WORKING-STORAGE             SECTION.

2025-08-23 14:45:50,675 [INFO]     5. SECTION ID: LINKAGE
2025-08-23 14:45:50,676 [INFO]        行号: 309
2025-08-23 14:45:50,676 [INFO]        内容: LINKAGE                     SECTION.

2025-08-23 14:45:50,676 [INFO]     6. SECTION ID: ＭＡＱＲ８７００−ＭＡＩＮ
2025-08-23 14:45:50,676 [INFO]        行号: 328
2025-08-23 14:45:50,677 [INFO]        内容: ＭＡＱＲ８７００−ＭＡＩＮ    SECTION.

2025-08-23 14:45:50,677 [INFO]     7. SECTION ID: Ｓ０００−初期処理
2025-08-23 14:45:50,677 [INFO]        行号: 349
2025-08-23 14:45:50,678 [INFO]        内容: Ｓ０００−初期処理 SECTION.

2025-08-23 14:45:50,678 [INFO]     8. SECTION ID: Ｓ２００−ワークエリア初期化処理
2025-08-23 14:45:50,679 [INFO]        行号: 400
2025-08-23 14:45:50,679 [INFO]        内容: Ｓ２００−ワークエリア初期化処理 SECTION.

2025-08-23 14:45:50,679 [INFO]     9. SECTION ID: Ｍ０００−主処理
2025-08-23 14:45:50,679 [INFO]        行号: 437
2025-08-23 14:45:50,680 [INFO]        内容: Ｍ０００−主処理 SECTION.

2025-08-23 14:45:50,680 [INFO]    10. SECTION ID: Ｍ１００−総合口座関連登録予約受付編集出力処理
2025-08-23 14:45:50,680 [INFO]        行号: 460
2025-08-23 14:45:50,680 [INFO]        内容: Ｍ１００−総合口座関連登録予約受付編集出力処理 SECTION.

2025-08-23 14:45:50,680 [INFO]    11. SECTION ID: Ｅ０００−終了処理
2025-08-23 14:45:50,681 [INFO]        行号: 511
2025-08-23 14:45:50,681 [INFO]        内容: Ｅ０００−終了処理 SECTION.

2025-08-23 14:45:50,681 [INFO]    12. SECTION ID: Ｅ１００−入出力件数表示処理
2025-08-23 14:45:50,682 [INFO]        行号: 531
2025-08-23 14:45:50,682 [INFO]        内容: Ｅ１００−入出力件数表示処理  SECTION.

2025-08-23 14:45:50,682 [INFO]    13. SECTION ID: Ｅ１１０−件数出力処理
2025-08-23 14:45:50,683 [INFO]        行号: 551
2025-08-23 14:45:50,683 [INFO]        内容: Ｅ１１０−件数出力処理  SECTION.

2025-08-23 14:45:50,683 [INFO]    14. SECTION ID: Ｒ１００−ファイル入力処理
2025-08-23 14:45:50,683 [INFO]        行号: 586
2025-08-23 14:45:50,684 [INFO]        内容: Ｒ１００−ファイル入力処理      SECTION.

2025-08-23 14:45:50,684 [INFO]    15. SECTION ID: ＺＡ００−メッセージ出力処理
2025-08-23 14:45:50,684 [INFO]        行号: 605
2025-08-23 14:45:50,684 [INFO]        内容: ＺＡ００−メッセージ出力処理      SECTION.

2025-08-23 14:45:50,684 [INFO] ✅ 总计: 15 个SECTION
2025-08-23 14:45:50,685 [INFO] 
🎯 返回给调用函数的数组格式:
2025-08-23 14:45:50,685 [INFO]    类型: <class 'list'>
2025-08-23 14:45:50,686 [INFO]    内容: ['CONFIGURATION', 'INPUT-OUTPUT', 'FILE', 'WORKING-STORAGE', 'LINKAGE', 'ＭＡＱＲ８７００−ＭＡＩＮ', 'Ｓ０００−初期処理', 'Ｓ２００−ワークエリア初期化処理', 'Ｍ０００−主処理', 'Ｍ１００−総合口座関連登録予約受付編集出力処理', 'Ｅ０００−終了処理', 'Ｅ１００−入出力件数表示処理', 'Ｅ１１０−件数出力処理', 'Ｒ１００−ファイル入力処理', 'ＺＡ００−メッセージ出力処理']
2025-08-23 14:45:50,686 [INFO]    长度: 15
2025-08-23 14:45:50,686 [INFO] 
📝 测试4: 批量处理示例
2025-08-23 14:45:50,688 [INFO] 开始批量提取 1 个文件的SECTION ID
2025-08-23 14:45:50,688 [INFO] [1/1] 处理文件: MAQR8700.ipo
2025-08-23 14:45:50,688 [INFO] 开始解析SECTION ID - 文件: MAQR8700.ipo 程序ID: MAQR8700
2025-08-23 14:45:50,689 [INFO] 成功读取 616 行
2025-08-23 14:45:50,693 [INFO] 找到SECTION ID: CONFIGURATION (行 21)
2025-08-23 14:45:50,698 [INFO] 找到SECTION ID: INPUT-OUTPUT (行 26)
2025-08-23 14:45:50,699 [INFO] 找到SECTION ID: FILE (行 37)
2025-08-23 14:45:50,700 [INFO] 找到SECTION ID: WORKING-STORAGE (行 53)
2025-08-23 14:45:50,704 [INFO] 找到SECTION ID: LINKAGE (行 309)
2025-08-23 14:45:50,704 [INFO] 找到SECTION ID: ＭＡＱＲ８７００−ＭＡＩＮ (行 328)
2025-08-23 14:45:50,704 [INFO] 找到SECTION ID: Ｓ０００−初期処理 (行 349)
2025-08-23 14:45:50,705 [INFO] 找到SECTION ID: Ｓ２００−ワークエリア初期化処理 (行 400)
2025-08-23 14:45:50,706 [INFO] 找到SECTION ID: Ｍ０００−主処理 (行 437)
2025-08-23 14:45:50,706 [INFO] 找到SECTION ID: Ｍ１００−総合口座関連登録予約受付編集出力処理 (行 460)
2025-08-23 14:45:50,707 [INFO] 找到SECTION ID: Ｅ０００−終了処理 (行 511)
2025-08-23 14:45:50,708 [INFO] 找到SECTION ID: Ｅ１００−入出力件数表示処理 (行 531)
2025-08-23 14:45:50,708 [INFO] 找到SECTION ID: Ｅ１１０−件数出力処理 (行 551)
2025-08-23 14:45:50,710 [INFO] 找到SECTION ID: Ｒ１００−ファイル入力処理 (行 586)
2025-08-23 14:45:50,710 [INFO] 找到SECTION ID: ＺＡ００−メッセージ出力処理 (行 605)
2025-08-23 14:45:50,710 [INFO] 成功提取 15 个SECTION ID
2025-08-23 14:45:50,710 [INFO] MAQR8700: 找到 15 个SECTION
2025-08-23 14:45:50,710 [INFO] 批量提取完成: 处理文件: 1, 成功文件: 1, 总SECTION数: 15
2025-08-23 14:45:50,711 [INFO]    MAQR8700: ['CONFIGURATION', 'INPUT-OUTPUT', 'FILE', 'WORKING-STORAGE', 'LINKAGE', 'ＭＡＱＲ８７００−ＭＡＩＮ', 'Ｓ０００−初期処理', 'Ｓ２００−ワークエリア初期化処理', 'Ｍ０００−主処理', 'Ｍ１００−総合口座関連登録予約受付編集出力処理', 'Ｅ０００−終了処理', 'Ｅ１００−入出力件数表示処理', 'Ｅ１１０−件数出力処理', 'Ｒ１００−ファイル入力処理', 'ＺＡ００−メッセージ出力処理']
2025-08-23 14:47:44,140 [INFO] 🧪 SECTION ID 提取器测试
2025-08-23 14:47:44,140 [INFO] ============================================================
2025-08-23 14:47:44,140 [INFO] 
📝 测试1: 基本SECTION ID提取
2025-08-23 14:47:44,157 [INFO] 开始解析SECTION ID - 文件: MAQR8700.ipo 程序ID: MAQR8700
2025-08-23 14:47:44,159 [INFO] 成功读取 616 行
2025-08-23 14:47:44,160 [INFO] 找到SECTION ID: CONFIGURATION (行 21)
2025-08-23 14:47:44,160 [INFO] 找到SECTION ID: INPUT-OUTPUT (行 26)
2025-08-23 14:47:44,161 [INFO] 找到SECTION ID: FILE (行 37)
2025-08-23 14:47:44,161 [INFO] 找到SECTION ID: WORKING-STORAGE (行 53)
2025-08-23 14:47:44,165 [INFO] 找到SECTION ID: LINKAGE (行 309)
2025-08-23 14:47:44,165 [INFO] 找到SECTION ID: ＭＡＱＲ８７００−ＭＡＩＮ (行 328)
2025-08-23 14:47:44,165 [INFO] 找到SECTION ID: Ｓ０００−初期処理 (行 349)
2025-08-23 14:47:44,166 [INFO] 找到SECTION ID: Ｓ２００−ワークエリア初期化処理 (行 400)
2025-08-23 14:47:44,167 [INFO] 找到SECTION ID: Ｍ０００−主処理 (行 437)
2025-08-23 14:47:44,168 [INFO] 找到SECTION ID: Ｍ１００−総合口座関連登録予約受付編集出力処理 (行 460)
2025-08-23 14:47:44,169 [INFO] 找到SECTION ID: Ｅ０００−終了処理 (行 511)
2025-08-23 14:47:44,169 [INFO] 找到SECTION ID: Ｅ１００−入出力件数表示処理 (行 531)
2025-08-23 14:47:44,170 [INFO] 找到SECTION ID: Ｅ１１０−件数出力処理 (行 551)
2025-08-23 14:47:44,170 [INFO] 找到SECTION ID: Ｒ１００−ファイル入力処理 (行 586)
2025-08-23 14:47:44,171 [INFO] 找到SECTION ID: ＺＡ００−メッセージ出力処理 (行 605)
2025-08-23 14:47:44,171 [INFO] 成功提取 15 个SECTION ID
2025-08-23 14:47:44,171 [INFO] 
📋 MAQR8700 的SECTION ID列表:
==================================================
2025-08-23 14:47:44,171 [INFO]     1. CONFIGURATION
2025-08-23 14:47:44,171 [INFO]     2. INPUT-OUTPUT
2025-08-23 14:47:44,171 [INFO]     3. FILE
2025-08-23 14:47:44,171 [INFO]     4. WORKING-STORAGE
2025-08-23 14:47:44,171 [INFO]     5. LINKAGE
2025-08-23 14:47:44,171 [INFO]     6. ＭＡＱＲ８７００−ＭＡＩＮ
2025-08-23 14:47:44,171 [INFO]     7. Ｓ０００−初期処理
2025-08-23 14:47:44,171 [INFO]     8. Ｓ２００−ワークエリア初期化処理
2025-08-23 14:47:44,171 [INFO]     9. Ｍ０００−主処理
2025-08-23 14:47:44,171 [INFO]    10. Ｍ１００−総合口座関連登録予約受付編集出力処理
2025-08-23 14:47:44,171 [INFO]    11. Ｅ０００−終了処理
2025-08-23 14:47:44,171 [INFO]    12. Ｅ１００−入出力件数表示処理
2025-08-23 14:47:44,171 [INFO]    13. Ｅ１１０−件数出力処理
2025-08-23 14:47:44,171 [INFO]    14. Ｒ１００−ファイル入力処理
2025-08-23 14:47:44,171 [INFO]    15. ＺＡ００−メッセージ出力処理
2025-08-23 14:47:44,171 [INFO] 
✅ 总计: 15 个SECTION ID
2025-08-23 14:47:44,171 [INFO] 
📝 测试2: SECTION详细信息提取
2025-08-23 14:47:44,173 [INFO] 开始解析SECTION详细信息 - 文件: MAQR8700.ipo
2025-08-23 14:47:44,174 [INFO] 成功读取 616 行
2025-08-23 14:47:44,175 [INFO] 找到SECTION: CONFIGURATION (行 21)
2025-08-23 14:47:44,175 [INFO] 找到SECTION: INPUT-OUTPUT (行 26)
2025-08-23 14:47:44,175 [INFO] 找到SECTION: FILE (行 37)
2025-08-23 14:47:44,176 [INFO] 找到SECTION: WORKING-STORAGE (行 53)
2025-08-23 14:47:44,179 [INFO] 找到SECTION: LINKAGE (行 309)
2025-08-23 14:47:44,179 [INFO] 找到SECTION: ＭＡＱＲ８７００−ＭＡＩＮ (行 328)
2025-08-23 14:47:44,180 [INFO] 找到SECTION: Ｓ０００−初期処理 (行 349)
2025-08-23 14:47:44,180 [INFO] 找到SECTION: Ｓ２００−ワークエリア初期化処理 (行 400)
2025-08-23 14:47:44,181 [INFO] 找到SECTION: Ｍ０００−主処理 (行 437)
2025-08-23 14:47:44,181 [INFO] 找到SECTION: Ｍ１００−総合口座関連登録予約受付編集出力処理 (行 460)
2025-08-23 14:47:44,183 [INFO] 找到SECTION: Ｅ０００−終了処理 (行 511)
2025-08-23 14:47:44,183 [INFO] 找到SECTION: Ｅ１００−入出力件数表示処理 (行 531)
2025-08-23 14:47:44,183 [INFO] 找到SECTION: Ｅ１１０−件数出力処理 (行 551)
2025-08-23 14:47:44,184 [INFO] 找到SECTION: Ｒ１００−ファイル入力処理 (行 586)
2025-08-23 14:47:44,184 [INFO] 找到SECTION: ＺＡ００−メッセージ出力処理 (行 605)
2025-08-23 14:47:44,184 [INFO] 成功提取 15 个SECTION详细信息
2025-08-23 14:47:44,185 [INFO] 
📋 MAQR8700 的SECTION详细信息:
======================================================================
2025-08-23 14:47:44,185 [INFO]     1. SECTION ID: CONFIGURATION
2025-08-23 14:47:44,185 [INFO]        行号: 21
2025-08-23 14:47:44,185 [INFO]        内容: CONFIGURATION               SECTION.

2025-08-23 14:47:44,185 [INFO]     2. SECTION ID: INPUT-OUTPUT
2025-08-23 14:47:44,185 [INFO]        行号: 26
2025-08-23 14:47:44,185 [INFO]        内容: INPUT-OUTPUT                SECTION.

2025-08-23 14:47:44,185 [INFO]     3. SECTION ID: FILE
2025-08-23 14:47:44,185 [INFO]        行号: 37
2025-08-23 14:47:44,185 [INFO]        内容: FILE                        SECTION.

2025-08-23 14:47:44,185 [INFO]     4. SECTION ID: WORKING-STORAGE
2025-08-23 14:47:44,185 [INFO]        行号: 53
2025-08-23 14:47:44,185 [INFO]        内容: WORKING-STORAGE             SECTION.

2025-08-23 14:47:44,185 [INFO]     5. SECTION ID: LINKAGE
2025-08-23 14:47:44,185 [INFO]        行号: 309
2025-08-23 14:47:44,185 [INFO]        内容: LINKAGE                     SECTION.

2025-08-23 14:47:44,185 [INFO]     6. SECTION ID: ＭＡＱＲ８７００−ＭＡＩＮ
2025-08-23 14:47:44,185 [INFO]        行号: 328
2025-08-23 14:47:44,185 [INFO]        内容: ＭＡＱＲ８７００−ＭＡＩＮ    SECTION.

2025-08-23 14:47:44,185 [INFO]     7. SECTION ID: Ｓ０００−初期処理
2025-08-23 14:47:44,185 [INFO]        行号: 349
2025-08-23 14:47:44,185 [INFO]        内容: Ｓ０００−初期処理 SECTION.

2025-08-23 14:47:44,185 [INFO]     8. SECTION ID: Ｓ２００−ワークエリア初期化処理
2025-08-23 14:47:44,185 [INFO]        行号: 400
2025-08-23 14:47:44,185 [INFO]        内容: Ｓ２００−ワークエリア初期化処理 SECTION.

2025-08-23 14:47:44,185 [INFO]     9. SECTION ID: Ｍ０００−主処理
2025-08-23 14:47:44,185 [INFO]        行号: 437
2025-08-23 14:47:44,185 [INFO]        内容: Ｍ０００−主処理 SECTION.

2025-08-23 14:47:44,185 [INFO]    10. SECTION ID: Ｍ１００−総合口座関連登録予約受付編集出力処理
2025-08-23 14:47:44,185 [INFO]        行号: 460
2025-08-23 14:47:44,186 [INFO]        内容: Ｍ１００−総合口座関連登録予約受付編集出力処理 SECTION.

2025-08-23 14:47:44,186 [INFO]    11. SECTION ID: Ｅ０００−終了処理
2025-08-23 14:47:44,186 [INFO]        行号: 511
2025-08-23 14:47:44,186 [INFO]        内容: Ｅ０００−終了処理 SECTION.

2025-08-23 14:47:44,186 [INFO]    12. SECTION ID: Ｅ１００−入出力件数表示処理
2025-08-23 14:47:44,186 [INFO]        行号: 531
2025-08-23 14:47:44,186 [INFO]        内容: Ｅ１００−入出力件数表示処理  SECTION.

2025-08-23 14:47:44,186 [INFO]    13. SECTION ID: Ｅ１１０−件数出力処理
2025-08-23 14:47:44,186 [INFO]        行号: 551
2025-08-23 14:47:44,186 [INFO]        内容: Ｅ１１０−件数出力処理  SECTION.

2025-08-23 14:47:44,186 [INFO]    14. SECTION ID: Ｒ１００−ファイル入力処理
2025-08-23 14:47:44,186 [INFO]        行号: 586
2025-08-23 14:47:44,186 [INFO]        内容: Ｒ１００−ファイル入力処理      SECTION.

2025-08-23 14:47:44,186 [INFO]    15. SECTION ID: ＺＡ００−メッセージ出力処理
2025-08-23 14:47:44,186 [INFO]        行号: 605
2025-08-23 14:47:44,186 [INFO]        内容: ＺＡ００−メッセージ出力処理      SECTION.

2025-08-23 14:47:44,186 [INFO] ✅ 总计: 15 个SECTION
2025-08-23 14:47:44,186 [INFO] 
🎯 返回给调用函数的数组格式:
2025-08-23 14:47:44,186 [INFO]    类型: <class 'list'>
2025-08-23 14:47:44,186 [INFO]    内容: ['CONFIGURATION', 'INPUT-OUTPUT', 'FILE', 'WORKING-STORAGE', 'LINKAGE', 'ＭＡＱＲ８７００−ＭＡＩＮ', 'Ｓ０００−初期処理', 'Ｓ２００−ワークエリア初期化処理', 'Ｍ０００−主処理', 'Ｍ１００−総合口座関連登録予約受付編集出力処理', 'Ｅ０００−終了処理', 'Ｅ１００−入出力件数表示処理', 'Ｅ１１０−件数出力処理', 'Ｒ１００−ファイル入力処理', 'ＺＡ００−メッセージ出力処理']
2025-08-23 14:47:44,186 [INFO]    长度: 15
2025-08-23 14:47:44,186 [INFO] 
📝 测试4: 批量处理示例
2025-08-23 14:47:44,188 [INFO] 开始批量提取 1 个文件的SECTION ID
2025-08-23 14:47:44,188 [INFO] [1/1] 处理文件: MAQR8700.ipo
2025-08-23 14:47:44,188 [INFO] 开始解析SECTION ID - 文件: MAQR8700.ipo 程序ID: MAQR8700
2025-08-23 14:47:44,189 [INFO] 成功读取 616 行
2025-08-23 14:47:44,189 [INFO] 找到SECTION ID: CONFIGURATION (行 21)
2025-08-23 14:47:44,189 [INFO] 找到SECTION ID: INPUT-OUTPUT (行 26)
2025-08-23 14:47:44,190 [INFO] 找到SECTION ID: FILE (行 37)
2025-08-23 14:47:44,190 [INFO] 找到SECTION ID: WORKING-STORAGE (行 53)
2025-08-23 14:47:44,196 [INFO] 找到SECTION ID: LINKAGE (行 309)
2025-08-23 14:47:44,196 [INFO] 找到SECTION ID: ＭＡＱＲ８７００−ＭＡＩＮ (行 328)
2025-08-23 14:47:44,197 [INFO] 找到SECTION ID: Ｓ０００−初期処理 (行 349)
2025-08-23 14:47:44,198 [INFO] 找到SECTION ID: Ｓ２００−ワークエリア初期化処理 (行 400)
2025-08-23 14:47:44,199 [INFO] 找到SECTION ID: Ｍ０００−主処理 (行 437)
2025-08-23 14:47:44,199 [INFO] 找到SECTION ID: Ｍ１００−総合口座関連登録予約受付編集出力処理 (行 460)
2025-08-23 14:47:44,201 [INFO] 找到SECTION ID: Ｅ０００−終了処理 (行 511)
2025-08-23 14:47:44,201 [INFO] 找到SECTION ID: Ｅ１００−入出力件数表示処理 (行 531)
2025-08-23 14:47:44,202 [INFO] 找到SECTION ID: Ｅ１１０−件数出力処理 (行 551)
2025-08-23 14:47:44,202 [INFO] 找到SECTION ID: Ｒ１００−ファイル入力処理 (行 586)
2025-08-23 14:47:44,203 [INFO] 找到SECTION ID: ＺＡ００−メッセージ出力処理 (行 605)
2025-08-23 14:47:44,203 [INFO] 成功提取 15 个SECTION ID
2025-08-23 14:47:44,203 [INFO] MAQR8700: 找到 15 个SECTION
2025-08-23 14:47:44,203 [INFO] 批量提取完成: 处理文件: 1, 成功文件: 1, 总SECTION数: 15
2025-08-23 14:47:44,203 [INFO]    MAQR8700: ['CONFIGURATION', 'INPUT-OUTPUT', 'FILE', 'WORKING-STORAGE', 'LINKAGE', 'ＭＡＱＲ８７００−ＭＡＩＮ', 'Ｓ０００−初期処理', 'Ｓ２００−ワークエリア初期化処理', 'Ｍ０００−主処理', 'Ｍ１００−総合口座関連登録予約受付編集出力処理', 'Ｅ０００−終了処理', 'Ｅ１００−入出力件数表示処理', 'Ｅ１１０−件数出力処理', 'Ｒ１００−ファイル入力処理', 'ＺＡ００−メッセージ出力処理']
2025-08-23 14:48:27,586 [INFO] 🧪 SECTION ID 提取器测试
2025-08-23 14:48:27,586 [INFO] ============================================================
2025-08-23 14:48:27,602 [INFO] 开始解析SECTION ID - 文件: MAQR8700.ipo 程序ID: MAQR8700
2025-08-23 14:48:27,604 [INFO] 成功读取 616 行
2025-08-23 14:48:27,605 [INFO] 找到SECTION ID: CONFIGURATION (行 21)
2025-08-23 14:48:27,605 [INFO] 找到SECTION ID: INPUT-OUTPUT (行 26)
2025-08-23 14:48:27,606 [INFO] 找到SECTION ID: FILE (行 37)
2025-08-23 14:48:27,607 [INFO] 找到SECTION ID: WORKING-STORAGE (行 53)
2025-08-23 14:48:27,650 [INFO] 找到SECTION ID: LINKAGE (行 309)
2025-08-23 14:48:27,652 [INFO] 找到SECTION ID: ＭＡＱＲ８７００−ＭＡＩＮ (行 328)
2025-08-23 14:48:27,652 [INFO] 找到SECTION ID: Ｓ０００−初期処理 (行 349)
2025-08-23 14:48:27,653 [INFO] 找到SECTION ID: Ｓ２００−ワークエリア初期化処理 (行 400)
2025-08-23 14:48:27,654 [INFO] 找到SECTION ID: Ｍ０００−主処理 (行 437)
2025-08-23 14:48:27,655 [INFO] 找到SECTION ID: Ｍ１００−総合口座関連登録予約受付編集出力処理 (行 460)
2025-08-23 14:48:27,657 [INFO] 找到SECTION ID: Ｅ０００−終了処理 (行 511)
2025-08-23 14:48:27,657 [INFO] 找到SECTION ID: Ｅ１００−入出力件数表示処理 (行 531)
2025-08-23 14:48:27,658 [INFO] 找到SECTION ID: Ｅ１１０−件数出力処理 (行 551)
2025-08-23 14:48:27,659 [INFO] 找到SECTION ID: Ｒ１００−ファイル入力処理 (行 586)
2025-08-23 14:48:27,660 [INFO] 找到SECTION ID: ＺＡ００−メッセージ出力処理 (行 605)
2025-08-23 14:48:27,660 [INFO] 成功提取 15 个SECTION ID
2025-08-23 14:48:27,660 [INFO] 
📋 MAQR8700 的SECTION ID列表:
==================================================
2025-08-23 14:48:27,660 [INFO]     1. CONFIGURATION
2025-08-23 14:48:27,661 [INFO]     2. INPUT-OUTPUT
2025-08-23 14:48:27,661 [INFO]     3. FILE
2025-08-23 14:48:27,661 [INFO]     4. WORKING-STORAGE
2025-08-23 14:48:27,661 [INFO]     5. LINKAGE
2025-08-23 14:48:27,661 [INFO]     6. ＭＡＱＲ８７００−ＭＡＩＮ
2025-08-23 14:48:27,661 [INFO]     7. Ｓ０００−初期処理
2025-08-23 14:48:27,661 [INFO]     8. Ｓ２００−ワークエリア初期化処理
2025-08-23 14:48:27,661 [INFO]     9. Ｍ０００−主処理
2025-08-23 14:48:27,661 [INFO]    10. Ｍ１００−総合口座関連登録予約受付編集出力処理
2025-08-23 14:48:27,661 [INFO]    11. Ｅ０００−終了処理
2025-08-23 14:48:27,661 [INFO]    12. Ｅ１００−入出力件数表示処理
2025-08-23 14:48:27,661 [INFO]    13. Ｅ１１０−件数出力処理
2025-08-23 14:48:27,661 [INFO]    14. Ｒ１００−ファイル入力処理
2025-08-23 14:48:27,661 [INFO]    15. ＺＡ００−メッセージ出力処理
2025-08-23 14:48:27,662 [INFO] 
✅ 总计: 15 个SECTION ID
2025-08-23 14:48:27,665 [INFO] 开始解析SECTION详细信息 - 文件: MAQR8700.ipo
2025-08-23 14:48:27,667 [INFO] 成功读取 616 行
2025-08-23 14:48:27,680 [INFO] 找到SECTION: CONFIGURATION (行 21)
2025-08-23 14:48:27,681 [INFO] 找到SECTION: INPUT-OUTPUT (行 26)
2025-08-23 14:48:27,682 [INFO] 找到SECTION: FILE (行 37)
2025-08-23 14:48:27,684 [INFO] 找到SECTION: WORKING-STORAGE (行 53)
2025-08-23 14:48:27,690 [INFO] 找到SECTION: LINKAGE (行 309)
2025-08-23 14:48:27,691 [INFO] 找到SECTION: ＭＡＱＲ８７００−ＭＡＩＮ (行 328)
2025-08-23 14:48:27,692 [INFO] 找到SECTION: Ｓ０００−初期処理 (行 349)
2025-08-23 14:48:27,693 [INFO] 找到SECTION: Ｓ２００−ワークエリア初期化処理 (行 400)
2025-08-23 14:48:27,697 [INFO] 找到SECTION: Ｍ０００−主処理 (行 437)
2025-08-23 14:48:27,713 [INFO] 找到SECTION: Ｍ１００−総合口座関連登録予約受付編集出力処理 (行 460)
2025-08-23 14:48:27,718 [INFO] 找到SECTION: Ｅ０００−終了処理 (行 511)
2025-08-23 14:48:27,718 [INFO] 找到SECTION: Ｅ１００−入出力件数表示処理 (行 531)
2025-08-23 14:48:27,719 [INFO] 找到SECTION: Ｅ１１０−件数出力処理 (行 551)
2025-08-23 14:48:27,720 [INFO] 找到SECTION: Ｒ１００−ファイル入力処理 (行 586)
2025-08-23 14:48:27,720 [INFO] 找到SECTION: ＺＡ００−メッセージ出力処理 (行 605)
2025-08-23 14:48:27,720 [INFO] 成功提取 15 个SECTION详细信息
2025-08-23 14:48:27,720 [INFO] 
📋 MAQR8700 的SECTION详细信息:
======================================================================
2025-08-23 14:48:27,721 [INFO]     1. SECTION ID: CONFIGURATION
2025-08-23 14:48:27,721 [INFO]        行号: 21
2025-08-23 14:48:27,721 [INFO]        内容: CONFIGURATION               SECTION.

2025-08-23 14:48:27,721 [INFO]     2. SECTION ID: INPUT-OUTPUT
2025-08-23 14:48:27,721 [INFO]        行号: 26
2025-08-23 14:48:27,721 [INFO]        内容: INPUT-OUTPUT                SECTION.

2025-08-23 14:48:27,721 [INFO]     3. SECTION ID: FILE
2025-08-23 14:48:27,721 [INFO]        行号: 37
2025-08-23 14:48:27,721 [INFO]        内容: FILE                        SECTION.

2025-08-23 14:48:27,721 [INFO]     4. SECTION ID: WORKING-STORAGE
2025-08-23 14:48:27,721 [INFO]        行号: 53
2025-08-23 14:48:27,721 [INFO]        内容: WORKING-STORAGE             SECTION.

2025-08-23 14:48:27,721 [INFO]     5. SECTION ID: LINKAGE
2025-08-23 14:48:27,721 [INFO]        行号: 309
2025-08-23 14:48:27,721 [INFO]        内容: LINKAGE                     SECTION.

2025-08-23 14:48:27,721 [INFO]     6. SECTION ID: ＭＡＱＲ８７００−ＭＡＩＮ
2025-08-23 14:48:27,721 [INFO]        行号: 328
2025-08-23 14:48:27,721 [INFO]        内容: ＭＡＱＲ８７００−ＭＡＩＮ    SECTION.

2025-08-23 14:48:27,721 [INFO]     7. SECTION ID: Ｓ０００−初期処理
2025-08-23 14:48:27,721 [INFO]        行号: 349
2025-08-23 14:48:27,721 [INFO]        内容: Ｓ０００−初期処理 SECTION.

2025-08-23 14:48:27,721 [INFO]     8. SECTION ID: Ｓ２００−ワークエリア初期化処理
2025-08-23 14:48:27,721 [INFO]        行号: 400
2025-08-23 14:48:27,721 [INFO]        内容: Ｓ２００−ワークエリア初期化処理 SECTION.

2025-08-23 14:48:27,721 [INFO]     9. SECTION ID: Ｍ０００−主処理
2025-08-23 14:48:27,721 [INFO]        行号: 437
2025-08-23 14:48:27,721 [INFO]        内容: Ｍ０００−主処理 SECTION.

2025-08-23 14:48:27,721 [INFO]    10. SECTION ID: Ｍ１００−総合口座関連登録予約受付編集出力処理
2025-08-23 14:48:27,721 [INFO]        行号: 460
2025-08-23 14:48:27,721 [INFO]        内容: Ｍ１００−総合口座関連登録予約受付編集出力処理 SECTION.

2025-08-23 14:48:27,722 [INFO]    11. SECTION ID: Ｅ０００−終了処理
2025-08-23 14:48:27,722 [INFO]        行号: 511
2025-08-23 14:48:27,722 [INFO]        内容: Ｅ０００−終了処理 SECTION.

2025-08-23 14:48:27,722 [INFO]    12. SECTION ID: Ｅ１００−入出力件数表示処理
2025-08-23 14:48:27,722 [INFO]        行号: 531
2025-08-23 14:48:27,722 [INFO]        内容: Ｅ１００−入出力件数表示処理  SECTION.

2025-08-23 14:48:27,722 [INFO]    13. SECTION ID: Ｅ１１０−件数出力処理
2025-08-23 14:48:27,722 [INFO]        行号: 551
2025-08-23 14:48:27,722 [INFO]        内容: Ｅ１１０−件数出力処理  SECTION.

2025-08-23 14:48:27,722 [INFO]    14. SECTION ID: Ｒ１００−ファイル入力処理
2025-08-23 14:48:27,722 [INFO]        行号: 586
2025-08-23 14:48:27,722 [INFO]        内容: Ｒ１００−ファイル入力処理      SECTION.

2025-08-23 14:48:27,722 [INFO]    15. SECTION ID: ＺＡ００−メッセージ出力処理
2025-08-23 14:48:27,722 [INFO]        行号: 605
2025-08-23 14:48:27,722 [INFO]        内容: ＺＡ００−メッセージ出力処理      SECTION.

2025-08-23 14:48:27,722 [INFO] ✅ 总计: 15 个SECTION
2025-08-23 14:48:27,722 [INFO] 
🎯 返回给调用函数的数组格式:
2025-08-23 14:48:27,722 [INFO]    类型: <class 'list'>
2025-08-23 14:48:27,723 [INFO]    内容: ['CONFIGURATION', 'INPUT-OUTPUT', 'FILE', 'WORKING-STORAGE', 'LINKAGE', 'ＭＡＱＲ８７００−ＭＡＩＮ', 'Ｓ０００−初期処理', 'Ｓ２００−ワークエリア初期化処理', 'Ｍ０００−主処理', 'Ｍ１００−総合口座関連登録予約受付編集出力処理', 'Ｅ０００−終了処理', 'Ｅ１００−入出力件数表示処理', 'Ｅ１１０−件数出力処理', 'Ｒ１００−ファイル入力処理', 'ＺＡ００−メッセージ出力処理']
2025-08-23 14:48:27,723 [INFO]    长度: 15
2025-08-23 14:48:27,723 [INFO] 
📝 测试4: 批量处理示例
2025-08-23 14:48:27,724 [INFO] 开始批量提取 1 个文件的SECTION ID
2025-08-23 14:48:27,724 [INFO] [1/1] 处理文件: MAQR8700.ipo
2025-08-23 14:48:27,724 [INFO] 开始解析SECTION ID - 文件: MAQR8700.ipo 程序ID: MAQR8700
2025-08-23 14:48:27,725 [INFO] 成功读取 616 行
2025-08-23 14:48:27,726 [INFO] 找到SECTION ID: CONFIGURATION (行 21)
2025-08-23 14:48:27,726 [INFO] 找到SECTION ID: INPUT-OUTPUT (行 26)
2025-08-23 14:48:27,727 [INFO] 找到SECTION ID: FILE (行 37)
2025-08-23 14:48:27,727 [INFO] 找到SECTION ID: WORKING-STORAGE (行 53)
2025-08-23 14:48:27,744 [INFO] 找到SECTION ID: LINKAGE (行 309)
2025-08-23 14:48:27,745 [INFO] 找到SECTION ID: ＭＡＱＲ８７００−ＭＡＩＮ (行 328)
2025-08-23 14:48:27,745 [INFO] 找到SECTION ID: Ｓ０００−初期処理 (行 349)
2025-08-23 14:48:27,746 [INFO] 找到SECTION ID: Ｓ２００−ワークエリア初期化処理 (行 400)
2025-08-23 14:48:27,747 [INFO] 找到SECTION ID: Ｍ０００−主処理 (行 437)
2025-08-23 14:48:27,748 [INFO] 找到SECTION ID: Ｍ１００−総合口座関連登録予約受付編集出力処理 (行 460)
2025-08-23 14:48:27,749 [INFO] 找到SECTION ID: Ｅ０００−終了処理 (行 511)
2025-08-23 14:48:27,749 [INFO] 找到SECTION ID: Ｅ１００−入出力件数表示処理 (行 531)
2025-08-23 14:48:27,749 [INFO] 找到SECTION ID: Ｅ１１０−件数出力処理 (行 551)
2025-08-23 14:48:27,750 [INFO] 找到SECTION ID: Ｒ１００−ファイル入力処理 (行 586)
2025-08-23 14:48:27,751 [INFO] 找到SECTION ID: ＺＡ００−メッセージ出力処理 (行 605)
2025-08-23 14:48:27,751 [INFO] 成功提取 15 个SECTION ID
2025-08-23 14:48:27,751 [INFO] MAQR8700: 找到 15 个SECTION
2025-08-23 14:48:27,751 [INFO] 批量提取完成: 处理文件: 1, 成功文件: 1, 总SECTION数: 15
2025-08-23 14:48:27,751 [INFO]    MAQR8700: ['CONFIGURATION', 'INPUT-OUTPUT', 'FILE', 'WORKING-STORAGE', 'LINKAGE', 'ＭＡＱＲ８７００−ＭＡＩＮ', 'Ｓ０００−初期処理', 'Ｓ２００−ワークエリア初期化処理', 'Ｍ０００−主処理', 'Ｍ１００−総合口座関連登録予約受付編集出力処理', 'Ｅ０００−終了処理', 'Ｅ１００−入出力件数表示処理', 'Ｅ１１０−件数出力処理', 'Ｒ１００−ファイル入力処理', 'ＺＡ００−メッセージ出力処理']
2025-08-23 14:49:29,153 [INFO] 🧪 SECTION ID 提取器测试
2025-08-23 14:49:29,153 [INFO] ============================================================
2025-08-23 14:49:29,171 [INFO] 开始解析SECTION ID - 文件: MAQR8700.ipo 程序ID: MAQR8700
2025-08-23 14:49:29,174 [INFO] 成功读取 616 行
2025-08-23 14:49:29,178 [INFO] 找到SECTION ID: CONFIGURATION (行 21)
2025-08-23 14:49:29,178 [INFO] 找到SECTION ID: INPUT-OUTPUT (行 26)
2025-08-23 14:49:29,179 [INFO] 找到SECTION ID: FILE (行 37)
2025-08-23 14:49:29,181 [INFO] 找到SECTION ID: WORKING-STORAGE (行 53)
2025-08-23 14:49:29,246 [INFO] 找到SECTION ID: LINKAGE (行 309)
2025-08-23 14:49:29,251 [INFO] 找到SECTION ID: ＭＡＱＲ８７００−ＭＡＩＮ (行 328)
2025-08-23 14:49:29,251 [INFO] 找到SECTION ID: Ｓ０００−初期処理 (行 349)
2025-08-23 14:49:29,253 [INFO] 找到SECTION ID: Ｓ２００−ワークエリア初期化処理 (行 400)
2025-08-23 14:49:29,256 [INFO] 找到SECTION ID: Ｍ０００−主処理 (行 437)
2025-08-23 14:49:29,257 [INFO] 找到SECTION ID: Ｍ１００−総合口座関連登録予約受付編集出力処理 (行 460)
2025-08-23 14:49:29,258 [INFO] 找到SECTION ID: Ｅ０００−終了処理 (行 511)
2025-08-23 14:49:29,259 [INFO] 找到SECTION ID: Ｅ１００−入出力件数表示処理 (行 531)
2025-08-23 14:49:29,259 [INFO] 找到SECTION ID: Ｅ１１０−件数出力処理 (行 551)
2025-08-23 14:49:29,260 [INFO] 找到SECTION ID: Ｒ１００−ファイル入力処理 (行 586)
2025-08-23 14:49:29,260 [INFO] 找到SECTION ID: ＺＡ００−メッセージ出力処理 (行 605)
2025-08-23 14:49:29,261 [INFO] 成功提取 15 个SECTION ID
2025-08-23 14:49:29,261 [INFO] 
📋 MAQR8700 的SECTION ID列表:
==================================================
2025-08-23 14:49:29,261 [INFO]     1. CONFIGURATION
2025-08-23 14:49:29,261 [INFO]     2. INPUT-OUTPUT
2025-08-23 14:49:29,261 [INFO]     3. FILE
2025-08-23 14:49:29,261 [INFO]     4. WORKING-STORAGE
2025-08-23 14:49:29,261 [INFO]     5. LINKAGE
2025-08-23 14:49:29,261 [INFO]     6. ＭＡＱＲ８７００−ＭＡＩＮ
2025-08-23 14:49:29,261 [INFO]     7. Ｓ０００−初期処理
2025-08-23 14:49:29,261 [INFO]     8. Ｓ２００−ワークエリア初期化処理
2025-08-23 14:49:29,261 [INFO]     9. Ｍ０００−主処理
2025-08-23 14:49:29,261 [INFO]    10. Ｍ１００−総合口座関連登録予約受付編集出力処理
2025-08-23 14:49:29,261 [INFO]    11. Ｅ０００−終了処理
2025-08-23 14:49:29,261 [INFO]    12. Ｅ１００−入出力件数表示処理
2025-08-23 14:49:29,261 [INFO]    13. Ｅ１１０−件数出力処理
2025-08-23 14:49:29,262 [INFO]    14. Ｒ１００−ファイル入力処理
2025-08-23 14:49:29,262 [INFO]    15. ＺＡ００−メッセージ出力処理
2025-08-23 14:49:29,262 [INFO] 
✅ 总计: 15 个SECTION ID
2025-08-23 14:49:29,266 [INFO] 开始解析SECTION详细信息 - 文件: MAQR8700.ipo
2025-08-23 14:49:29,267 [INFO] 成功读取 616 行
2025-08-23 14:49:29,267 [INFO] 找到SECTION: CONFIGURATION (行 21)
2025-08-23 14:49:29,268 [INFO] 找到SECTION: INPUT-OUTPUT (行 26)
2025-08-23 14:49:29,268 [INFO] 找到SECTION: FILE (行 37)
2025-08-23 14:49:29,268 [INFO] 找到SECTION: WORKING-STORAGE (行 53)
2025-08-23 14:49:29,272 [INFO] 找到SECTION: LINKAGE (行 309)
2025-08-23 14:49:29,273 [INFO] 找到SECTION: ＭＡＱＲ８７００−ＭＡＩＮ (行 328)
2025-08-23 14:49:29,273 [INFO] 找到SECTION: Ｓ０００−初期処理 (行 349)
2025-08-23 14:49:29,273 [INFO] 找到SECTION: Ｓ２００−ワークエリア初期化処理 (行 400)
2025-08-23 14:49:29,274 [INFO] 找到SECTION: Ｍ０００−主処理 (行 437)
2025-08-23 14:49:29,275 [INFO] 找到SECTION: Ｍ１００−総合口座関連登録予約受付編集出力処理 (行 460)
2025-08-23 14:49:29,276 [INFO] 找到SECTION: Ｅ０００−終了処理 (行 511)
2025-08-23 14:49:29,276 [INFO] 找到SECTION: Ｅ１００−入出力件数表示処理 (行 531)
2025-08-23 14:49:29,276 [INFO] 找到SECTION: Ｅ１１０−件数出力処理 (行 551)
2025-08-23 14:49:29,277 [INFO] 找到SECTION: Ｒ１００−ファイル入力処理 (行 586)
2025-08-23 14:49:29,278 [INFO] 找到SECTION: ＺＡ００−メッセージ出力処理 (行 605)
2025-08-23 14:49:29,278 [INFO] 成功提取 15 个SECTION详细信息
2025-08-23 14:49:29,278 [INFO] 
📋 MAQR8700 的SECTION详细信息:
======================================================================
2025-08-23 14:49:29,278 [INFO]     1. SECTION ID: CONFIGURATION
2025-08-23 14:49:29,278 [INFO]        行号: 21
2025-08-23 14:49:29,278 [INFO]        内容: CONFIGURATION               SECTION.

2025-08-23 14:49:29,278 [INFO]     2. SECTION ID: INPUT-OUTPUT
2025-08-23 14:49:29,278 [INFO]        行号: 26
2025-08-23 14:49:29,278 [INFO]        内容: INPUT-OUTPUT                SECTION.

2025-08-23 14:49:29,279 [INFO]     3. SECTION ID: FILE
2025-08-23 14:49:29,279 [INFO]        行号: 37
2025-08-23 14:49:29,279 [INFO]        内容: FILE                        SECTION.

2025-08-23 14:49:29,279 [INFO]     4. SECTION ID: WORKING-STORAGE
2025-08-23 14:49:29,279 [INFO]        行号: 53
2025-08-23 14:49:29,279 [INFO]        内容: WORKING-STORAGE             SECTION.

2025-08-23 14:49:29,279 [INFO]     5. SECTION ID: LINKAGE
2025-08-23 14:49:29,279 [INFO]        行号: 309
2025-08-23 14:49:29,279 [INFO]        内容: LINKAGE                     SECTION.

2025-08-23 14:49:29,279 [INFO]     6. SECTION ID: ＭＡＱＲ８７００−ＭＡＩＮ
2025-08-23 14:49:29,279 [INFO]        行号: 328
2025-08-23 14:49:29,279 [INFO]        内容: ＭＡＱＲ８７００−ＭＡＩＮ    SECTION.

2025-08-23 14:49:29,279 [INFO]     7. SECTION ID: Ｓ０００−初期処理
2025-08-23 14:49:29,279 [INFO]        行号: 349
2025-08-23 14:49:29,279 [INFO]        内容: Ｓ０００−初期処理 SECTION.

2025-08-23 14:49:29,279 [INFO]     8. SECTION ID: Ｓ２００−ワークエリア初期化処理
2025-08-23 14:49:29,279 [INFO]        行号: 400
2025-08-23 14:49:29,279 [INFO]        内容: Ｓ２００−ワークエリア初期化処理 SECTION.

2025-08-23 14:49:29,279 [INFO]     9. SECTION ID: Ｍ０００−主処理
2025-08-23 14:49:29,279 [INFO]        行号: 437
2025-08-23 14:49:29,279 [INFO]        内容: Ｍ０００−主処理 SECTION.

2025-08-23 14:49:29,279 [INFO]    10. SECTION ID: Ｍ１００−総合口座関連登録予約受付編集出力処理
2025-08-23 14:49:29,279 [INFO]        行号: 460
2025-08-23 14:49:29,279 [INFO]        内容: Ｍ１００−総合口座関連登録予約受付編集出力処理 SECTION.

2025-08-23 14:49:29,279 [INFO]    11. SECTION ID: Ｅ０００−終了処理
2025-08-23 14:49:29,279 [INFO]        行号: 511
2025-08-23 14:49:29,279 [INFO]        内容: Ｅ０００−終了処理 SECTION.

2025-08-23 14:49:29,279 [INFO]    12. SECTION ID: Ｅ１００−入出力件数表示処理
2025-08-23 14:49:29,279 [INFO]        行号: 531
2025-08-23 14:49:29,279 [INFO]        内容: Ｅ１００−入出力件数表示処理  SECTION.

2025-08-23 14:49:29,279 [INFO]    13. SECTION ID: Ｅ１１０−件数出力処理
2025-08-23 14:49:29,279 [INFO]        行号: 551
2025-08-23 14:49:29,279 [INFO]        内容: Ｅ１１０−件数出力処理  SECTION.

2025-08-23 14:49:29,280 [INFO]    14. SECTION ID: Ｒ１００−ファイル入力処理
2025-08-23 14:49:29,280 [INFO]        行号: 586
2025-08-23 14:49:29,280 [INFO]        内容: Ｒ１００−ファイル入力処理      SECTION.

2025-08-23 14:49:29,280 [INFO]    15. SECTION ID: ＺＡ００−メッセージ出力処理
2025-08-23 14:49:29,280 [INFO]        行号: 605
2025-08-23 14:49:29,280 [INFO]        内容: ＺＡ００−メッセージ出力処理      SECTION.

2025-08-23 14:49:29,280 [INFO] ✅ 总计: 15 个SECTION
2025-08-23 14:49:29,280 [INFO] 
🎯 返回给调用函数的数组格式:
2025-08-23 14:49:29,280 [INFO]    类型: <class 'list'>
2025-08-23 14:49:29,280 [INFO]    内容: ['CONFIGURATION', 'INPUT-OUTPUT', 'FILE', 'WORKING-STORAGE', 'LINKAGE', 'ＭＡＱＲ８７００−ＭＡＩＮ', 'Ｓ０００−初期処理', 'Ｓ２００−ワークエリア初期化処理', 'Ｍ０００−主処理', 'Ｍ１００−総合口座関連登録予約受付編集出力処理', 'Ｅ０００−終了処理', 'Ｅ１００−入出力件数表示処理', 'Ｅ１１０−件数出力処理', 'Ｒ１００−ファイル入力処理', 'ＺＡ００−メッセージ出力処理']
2025-08-23 14:49:29,280 [INFO]    长度: 15
2025-08-23 14:49:29,280 [INFO] 
📝 测试4: 批量处理示例
2025-08-23 14:49:29,281 [INFO] 开始批量提取 1 个文件的SECTION ID
2025-08-23 14:49:29,282 [INFO] [1/1] 处理文件: MAQR8700.ipo
2025-08-23 14:49:29,282 [INFO] 开始解析SECTION ID - 文件: MAQR8700.ipo 程序ID: MAQR8700
2025-08-23 14:49:29,282 [INFO] 成功读取 616 行
2025-08-23 14:49:29,283 [INFO] 找到SECTION ID: CONFIGURATION (行 21)
2025-08-23 14:49:29,283 [INFO] 找到SECTION ID: INPUT-OUTPUT (行 26)
2025-08-23 14:49:29,283 [INFO] 找到SECTION ID: FILE (行 37)
2025-08-23 14:49:29,284 [INFO] 找到SECTION ID: WORKING-STORAGE (行 53)
2025-08-23 14:49:29,288 [INFO] 找到SECTION ID: LINKAGE (行 309)
2025-08-23 14:49:29,288 [INFO] 找到SECTION ID: ＭＡＱＲ８７００−ＭＡＩＮ (行 328)
2025-08-23 14:49:29,288 [INFO] 找到SECTION ID: Ｓ０００−初期処理 (行 349)
2025-08-23 14:49:29,289 [INFO] 找到SECTION ID: Ｓ２００−ワークエリア初期化処理 (行 400)
2025-08-23 14:49:29,289 [INFO] 找到SECTION ID: Ｍ０００−主処理 (行 437)
2025-08-23 14:49:29,290 [INFO] 找到SECTION ID: Ｍ１００−総合口座関連登録予約受付編集出力処理 (行 460)
2025-08-23 14:49:29,301 [INFO] 找到SECTION ID: Ｅ０００−終了処理 (行 511)
2025-08-23 14:49:29,302 [INFO] 找到SECTION ID: Ｅ１００−入出力件数表示処理 (行 531)
2025-08-23 14:49:29,303 [INFO] 找到SECTION ID: Ｅ１１０−件数出力処理 (行 551)
2025-08-23 14:49:29,303 [INFO] 找到SECTION ID: Ｒ１００−ファイル入力処理 (行 586)
2025-08-23 14:49:29,304 [INFO] 找到SECTION ID: ＺＡ００−メッセージ出力処理 (行 605)
2025-08-23 14:49:29,304 [INFO] 成功提取 15 个SECTION ID
2025-08-23 14:49:29,304 [INFO] MAQR8700: 找到 15 个SECTION
2025-08-23 14:49:29,304 [INFO] 批量提取完成: 处理文件: 1, 成功文件: 1, 总SECTION数: 15
2025-08-23 14:49:29,304 [INFO]    MAQR8700: ['CONFIGURATION', 'INPUT-OUTPUT', 'FILE', 'WORKING-STORAGE', 'LINKAGE', 'ＭＡＱＲ８７００−ＭＡＩＮ', 'Ｓ０００−初期処理', 'Ｓ２００−ワークエリア初期化処理', 'Ｍ０００−主処理', 'Ｍ１００−総合口座関連登録予約受付編集出力処理', 'Ｅ０００−終了処理', 'Ｅ１００−入出力件数表示処理', 'Ｅ１１０−件数出力処理', 'Ｒ１００−ファイル入力処理', 'ＺＡ００−メッセージ出力処理']
2025-08-23 14:49:35,440 [INFO] 🧪 SECTION ID 提取器测试
2025-08-23 14:49:35,440 [INFO] ============================================================
2025-08-23 14:49:35,457 [INFO] 开始解析SECTION ID - 文件: MAQR8700.ipo 程序ID: MAQR8700
2025-08-23 14:49:35,459 [INFO] 成功读取 616 行
2025-08-23 14:49:35,460 [INFO] 找到SECTION ID: CONFIGURATION (行 21)
2025-08-23 14:49:35,460 [INFO] 找到SECTION ID: INPUT-OUTPUT (行 26)
2025-08-23 14:49:35,461 [INFO] 找到SECTION ID: FILE (行 37)
2025-08-23 14:49:35,461 [INFO] 找到SECTION ID: WORKING-STORAGE (行 53)
2025-08-23 14:49:35,477 [INFO] 找到SECTION ID: LINKAGE (行 309)
2025-08-23 14:49:35,477 [INFO] 找到SECTION ID: ＭＡＱＲ８７００−ＭＡＩＮ (行 328)
2025-08-23 14:49:35,477 [INFO] 找到SECTION ID: Ｓ０００−初期処理 (行 349)
2025-08-23 14:49:35,478 [INFO] 找到SECTION ID: Ｓ２００−ワークエリア初期化処理 (行 400)
2025-08-23 14:49:35,479 [INFO] 找到SECTION ID: Ｍ０００−主処理 (行 437)
2025-08-23 14:49:35,479 [INFO] 找到SECTION ID: Ｍ１００−総合口座関連登録予約受付編集出力処理 (行 460)
2025-08-23 14:49:35,480 [INFO] 找到SECTION ID: Ｅ０００−終了処理 (行 511)
2025-08-23 14:49:35,481 [INFO] 找到SECTION ID: Ｅ１００−入出力件数表示処理 (行 531)
2025-08-23 14:49:35,481 [INFO] 找到SECTION ID: Ｅ１１０−件数出力処理 (行 551)
2025-08-23 14:49:35,482 [INFO] 找到SECTION ID: Ｒ１００−ファイル入力処理 (行 586)
2025-08-23 14:49:35,482 [INFO] 找到SECTION ID: ＺＡ００−メッセージ出力処理 (行 605)
2025-08-23 14:49:35,483 [INFO] 成功提取 15 个SECTION ID
2025-08-23 14:49:35,483 [INFO] 
📋 MAQR8700 的SECTION ID列表:
==================================================
2025-08-23 14:49:35,483 [INFO]     1. CONFIGURATION
2025-08-23 14:49:35,483 [INFO]     2. INPUT-OUTPUT
2025-08-23 14:49:35,483 [INFO]     3. FILE
2025-08-23 14:49:35,483 [INFO]     4. WORKING-STORAGE
2025-08-23 14:49:35,483 [INFO]     5. LINKAGE
2025-08-23 14:49:35,483 [INFO]     6. ＭＡＱＲ８７００−ＭＡＩＮ
2025-08-23 14:49:35,483 [INFO]     7. Ｓ０００−初期処理
2025-08-23 14:49:35,483 [INFO]     8. Ｓ２００−ワークエリア初期化処理
2025-08-23 14:49:35,483 [INFO]     9. Ｍ０００−主処理
2025-08-23 14:49:35,483 [INFO]    10. Ｍ１００−総合口座関連登録予約受付編集出力処理
2025-08-23 14:49:35,483 [INFO]    11. Ｅ０００−終了処理
2025-08-23 14:49:35,483 [INFO]    12. Ｅ１００−入出力件数表示処理
2025-08-23 14:49:35,483 [INFO]    13. Ｅ１１０−件数出力処理
2025-08-23 14:49:35,483 [INFO]    14. Ｒ１００−ファイル入力処理
2025-08-23 14:49:35,483 [INFO]    15. ＺＡ００−メッセージ出力処理
2025-08-23 14:49:35,483 [INFO] 
✅ 总计: 15 个SECTION ID
2025-08-23 14:49:35,485 [INFO] 开始解析SECTION详细信息 - 文件: MAQR8700.ipo
2025-08-23 14:49:35,486 [INFO] 成功读取 616 行
2025-08-23 14:49:35,487 [INFO] 找到SECTION: CONFIGURATION (行 21)
2025-08-23 14:49:35,487 [INFO] 找到SECTION: INPUT-OUTPUT (行 26)
2025-08-23 14:49:35,487 [INFO] 找到SECTION: FILE (行 37)
2025-08-23 14:49:35,488 [INFO] 找到SECTION: WORKING-STORAGE (行 53)
2025-08-23 14:49:35,494 [INFO] 找到SECTION: LINKAGE (行 309)
2025-08-23 14:49:35,495 [INFO] 找到SECTION: ＭＡＱＲ８７００−ＭＡＩＮ (行 328)
2025-08-23 14:49:35,495 [INFO] 找到SECTION: Ｓ０００−初期処理 (行 349)
2025-08-23 14:49:35,496 [INFO] 找到SECTION: Ｓ２００−ワークエリア初期化処理 (行 400)
2025-08-23 14:49:35,496 [INFO] 找到SECTION: Ｍ０００−主処理 (行 437)
2025-08-23 14:49:35,507 [INFO] 找到SECTION: Ｍ１００−総合口座関連登録予約受付編集出力処理 (行 460)
2025-08-23 14:49:35,510 [INFO] 找到SECTION: Ｅ０００−終了処理 (行 511)
2025-08-23 14:49:35,510 [INFO] 找到SECTION: Ｅ１００−入出力件数表示処理 (行 531)
2025-08-23 14:49:35,511 [INFO] 找到SECTION: Ｅ１１０−件数出力処理 (行 551)
2025-08-23 14:49:35,512 [INFO] 找到SECTION: Ｒ１００−ファイル入力処理 (行 586)
2025-08-23 14:49:35,512 [INFO] 找到SECTION: ＺＡ００−メッセージ出力処理 (行 605)
2025-08-23 14:49:35,512 [INFO] 成功提取 15 个SECTION详细信息
2025-08-23 14:49:35,513 [INFO] 
📋 MAQR8700 的SECTION详细信息:
======================================================================
2025-08-23 14:49:35,513 [INFO]     1. SECTION ID: CONFIGURATION
2025-08-23 14:49:35,513 [INFO]        行号: 21
2025-08-23 14:49:35,513 [INFO]        内容: CONFIGURATION               SECTION.

2025-08-23 14:49:35,513 [INFO]     2. SECTION ID: INPUT-OUTPUT
2025-08-23 14:49:35,513 [INFO]        行号: 26
2025-08-23 14:49:35,513 [INFO]        内容: INPUT-OUTPUT                SECTION.

2025-08-23 14:49:35,513 [INFO]     3. SECTION ID: FILE
2025-08-23 14:49:35,513 [INFO]        行号: 37
2025-08-23 14:49:35,513 [INFO]        内容: FILE                        SECTION.

2025-08-23 14:49:35,513 [INFO]     4. SECTION ID: WORKING-STORAGE
2025-08-23 14:49:35,513 [INFO]        行号: 53
2025-08-23 14:49:35,513 [INFO]        内容: WORKING-STORAGE             SECTION.

2025-08-23 14:49:35,513 [INFO]     5. SECTION ID: LINKAGE
2025-08-23 14:49:35,513 [INFO]        行号: 309
2025-08-23 14:49:35,513 [INFO]        内容: LINKAGE                     SECTION.

2025-08-23 14:49:35,513 [INFO]     6. SECTION ID: ＭＡＱＲ８７００−ＭＡＩＮ
2025-08-23 14:49:35,513 [INFO]        行号: 328
2025-08-23 14:49:35,513 [INFO]        内容: ＭＡＱＲ８７００−ＭＡＩＮ    SECTION.

2025-08-23 14:49:35,513 [INFO]     7. SECTION ID: Ｓ０００−初期処理
2025-08-23 14:49:35,513 [INFO]        行号: 349
2025-08-23 14:49:35,513 [INFO]        内容: Ｓ０００−初期処理 SECTION.

2025-08-23 14:49:35,513 [INFO]     8. SECTION ID: Ｓ２００−ワークエリア初期化処理
2025-08-23 14:49:35,513 [INFO]        行号: 400
2025-08-23 14:49:35,513 [INFO]        内容: Ｓ２００−ワークエリア初期化処理 SECTION.

2025-08-23 14:49:35,513 [INFO]     9. SECTION ID: Ｍ０００−主処理
2025-08-23 14:49:35,513 [INFO]        行号: 437
2025-08-23 14:49:35,514 [INFO]        内容: Ｍ０００−主処理 SECTION.

2025-08-23 14:49:35,514 [INFO]    10. SECTION ID: Ｍ１００−総合口座関連登録予約受付編集出力処理
2025-08-23 14:49:35,514 [INFO]        行号: 460
2025-08-23 14:49:35,514 [INFO]        内容: Ｍ１００−総合口座関連登録予約受付編集出力処理 SECTION.

2025-08-23 14:49:35,514 [INFO]    11. SECTION ID: Ｅ０００−終了処理
2025-08-23 14:49:35,514 [INFO]        行号: 511
2025-08-23 14:49:35,514 [INFO]        内容: Ｅ０００−終了処理 SECTION.

2025-08-23 14:49:35,514 [INFO]    12. SECTION ID: Ｅ１００−入出力件数表示処理
2025-08-23 14:49:35,514 [INFO]        行号: 531
2025-08-23 14:49:35,514 [INFO]        内容: Ｅ１００−入出力件数表示処理  SECTION.

2025-08-23 14:49:35,514 [INFO]    13. SECTION ID: Ｅ１１０−件数出力処理
2025-08-23 14:49:35,514 [INFO]        行号: 551
2025-08-23 14:49:35,514 [INFO]        内容: Ｅ１１０−件数出力処理  SECTION.

2025-08-23 14:49:35,514 [INFO]    14. SECTION ID: Ｒ１００−ファイル入力処理
2025-08-23 14:49:35,514 [INFO]        行号: 586
2025-08-23 14:49:35,514 [INFO]        内容: Ｒ１００−ファイル入力処理      SECTION.

2025-08-23 14:49:35,514 [INFO]    15. SECTION ID: ＺＡ００−メッセージ出力処理
2025-08-23 14:49:35,514 [INFO]        行号: 605
2025-08-23 14:49:35,514 [INFO]        内容: ＺＡ００−メッセージ出力処理      SECTION.

2025-08-23 14:49:35,514 [INFO] ✅ 总计: 15 个SECTION
2025-08-23 14:49:35,514 [INFO] 
🎯 返回给调用函数的数组格式:
2025-08-23 14:49:35,514 [INFO]    类型: <class 'list'>
2025-08-23 14:49:35,514 [INFO]    内容: ['CONFIGURATION', 'INPUT-OUTPUT', 'FILE', 'WORKING-STORAGE', 'LINKAGE', 'ＭＡＱＲ８７００−ＭＡＩＮ', 'Ｓ０００−初期処理', 'Ｓ２００−ワークエリア初期化処理', 'Ｍ０００−主処理', 'Ｍ１００−総合口座関連登録予約受付編集出力処理', 'Ｅ０００−終了処理', 'Ｅ１００−入出力件数表示処理', 'Ｅ１１０−件数出力処理', 'Ｒ１００−ファイル入力処理', 'ＺＡ００−メッセージ出力処理']
2025-08-23 14:49:35,514 [INFO]    长度: 15
2025-08-23 14:49:35,514 [INFO] 
📝 测试4: 批量处理示例
2025-08-23 14:49:35,516 [INFO] 开始批量提取 1 个文件的SECTION ID
2025-08-23 14:49:35,516 [INFO] [1/1] 处理文件: MAQR8700.ipo
2025-08-23 14:49:35,516 [INFO] 开始解析SECTION ID - 文件: MAQR8700.ipo 程序ID: MAQR8700
2025-08-23 14:49:35,517 [INFO] 成功读取 616 行
2025-08-23 14:49:35,517 [INFO] 找到SECTION ID: CONFIGURATION (行 21)
2025-08-23 14:49:35,518 [INFO] 找到SECTION ID: INPUT-OUTPUT (行 26)
2025-08-23 14:49:35,518 [INFO] 找到SECTION ID: FILE (行 37)
2025-08-23 14:49:35,519 [INFO] 找到SECTION ID: WORKING-STORAGE (行 53)
2025-08-23 14:49:35,532 [INFO] 找到SECTION ID: LINKAGE (行 309)
2025-08-23 14:49:35,535 [INFO] 找到SECTION ID: ＭＡＱＲ８７００−ＭＡＩＮ (行 328)
2025-08-23 14:49:35,536 [INFO] 找到SECTION ID: Ｓ０００−初期処理 (行 349)
2025-08-23 14:49:35,538 [INFO] 找到SECTION ID: Ｓ２００−ワークエリア初期化処理 (行 400)
2025-08-23 14:49:35,540 [INFO] 找到SECTION ID: Ｍ０００−主処理 (行 437)
2025-08-23 14:49:35,540 [INFO] 找到SECTION ID: Ｍ１００−総合口座関連登録予約受付編集出力処理 (行 460)
2025-08-23 14:49:35,542 [INFO] 找到SECTION ID: Ｅ０００−終了処理 (行 511)
2025-08-23 14:49:35,543 [INFO] 找到SECTION ID: Ｅ１００−入出力件数表示処理 (行 531)
2025-08-23 14:49:35,543 [INFO] 找到SECTION ID: Ｅ１１０−件数出力処理 (行 551)
2025-08-23 14:49:35,544 [INFO] 找到SECTION ID: Ｒ１００−ファイル入力処理 (行 586)
2025-08-23 14:49:35,545 [INFO] 找到SECTION ID: ＺＡ００−メッセージ出力処理 (行 605)
2025-08-23 14:49:35,545 [INFO] 成功提取 15 个SECTION ID
2025-08-23 14:49:35,545 [INFO] MAQR8700: 找到 15 个SECTION
2025-08-23 14:49:35,545 [INFO] 批量提取完成: 处理文件: 1, 成功文件: 1, 总SECTION数: 15
2025-08-23 14:49:35,545 [INFO]    MAQR8700: ['CONFIGURATION', 'INPUT-OUTPUT', 'FILE', 'WORKING-STORAGE', 'LINKAGE', 'ＭＡＱＲ８７００−ＭＡＩＮ', 'Ｓ０００−初期処理', 'Ｓ２００−ワークエリア初期化処理', 'Ｍ０００−主処理', 'Ｍ１００−総合口座関連登録予約受付編集出力処理', 'Ｅ０００−終了処理', 'Ｅ１００−入出力件数表示処理', 'Ｅ１１０−件数出力処理', 'Ｒ１００−ファイル入力処理', 'ＺＡ００−メッセージ出力処理']
2025-08-23 15:03:26,332 [INFO] 🧪 SECTION ID 提取器测试
2025-08-23 15:03:26,332 [INFO] ============================================================
2025-08-23 15:03:26,348 [INFO] 开始解析SECTION ID - 文件: MAQR8700.ipo 程序ID: MAQR8700
2025-08-23 15:03:26,350 [INFO] 成功读取 616 行
2025-08-23 15:03:26,351 [INFO] 找到SECTION ID: CONFIGURATION (行 21)
2025-08-23 15:03:26,351 [INFO] 找到SECTION ID: INPUT-OUTPUT (行 26)
2025-08-23 15:03:26,352 [INFO] 找到SECTION ID: FILE (行 37)
2025-08-23 15:03:26,353 [INFO] 找到SECTION ID: WORKING-STORAGE (行 53)
2025-08-23 15:03:26,357 [INFO] 找到SECTION ID: LINKAGE (行 309)
2025-08-23 15:03:26,357 [INFO] 找到SECTION ID: ＭＡＱＲ８７００−ＭＡＩＮ (行 328)
2025-08-23 15:03:26,358 [INFO] 找到SECTION ID: Ｓ０００−初期処理 (行 349)
2025-08-23 15:03:26,359 [INFO] 找到SECTION ID: Ｓ２００−ワークエリア初期化処理 (行 400)
2025-08-23 15:03:26,360 [INFO] 找到SECTION ID: Ｍ０００−主処理 (行 437)
2025-08-23 15:03:26,361 [INFO] 找到SECTION ID: Ｍ１００−総合口座関連登録予約受付編集出力処理 (行 460)
2025-08-23 15:03:26,363 [INFO] 找到SECTION ID: Ｅ０００−終了処理 (行 511)
2025-08-23 15:03:26,364 [INFO] 找到SECTION ID: Ｅ１００−入出力件数表示処理 (行 531)
2025-08-23 15:03:26,393 [INFO] 找到SECTION ID: Ｅ１１０−件数出力処理 (行 551)
2025-08-23 15:03:26,395 [INFO] 找到SECTION ID: Ｒ１００−ファイル入力処理 (行 586)
2025-08-23 15:03:26,397 [INFO] 找到SECTION ID: ＺＡ００−メッセージ出力処理 (行 605)
2025-08-23 15:03:26,397 [INFO] 成功提取 15 个SECTION ID
2025-08-23 15:03:26,398 [INFO] 
📋 MAQR8700 的SECTION ID列表:
==================================================
2025-08-23 15:03:26,398 [INFO]     1. CONFIGURATION
2025-08-23 15:03:26,398 [INFO]     2. INPUT-OUTPUT
2025-08-23 15:03:26,398 [INFO]     3. FILE
2025-08-23 15:03:26,398 [INFO]     4. WORKING-STORAGE
2025-08-23 15:03:26,398 [INFO]     5. LINKAGE
2025-08-23 15:03:26,409 [INFO]     6. ＭＡＱＲ８７００−ＭＡＩＮ
2025-08-23 15:03:26,411 [INFO]     7. Ｓ０００−初期処理
2025-08-23 15:03:26,411 [INFO]     8. Ｓ２００−ワークエリア初期化処理
2025-08-23 15:03:26,411 [INFO]     9. Ｍ０００−主処理
2025-08-23 15:03:26,411 [INFO]    10. Ｍ１００−総合口座関連登録予約受付編集出力処理
2025-08-23 15:03:26,411 [INFO]    11. Ｅ０００−終了処理
2025-08-23 15:03:26,411 [INFO]    12. Ｅ１００−入出力件数表示処理
2025-08-23 15:03:26,411 [INFO]    13. Ｅ１１０−件数出力処理
2025-08-23 15:03:26,411 [INFO]    14. Ｒ１００−ファイル入力処理
2025-08-23 15:03:26,411 [INFO]    15. ＺＡ００−メッセージ出力処理
2025-08-23 15:03:26,411 [INFO] 
✅ 总计: 15 个SECTION ID
2025-08-23 15:03:26,417 [INFO] 开始解析SECTION详细信息 - 文件: MAQR8700.ipo
2025-08-23 15:03:26,418 [INFO] 成功读取 616 行
2025-08-23 15:03:26,419 [INFO] 找到SECTION: CONFIGURATION (行 21)
2025-08-23 15:03:26,419 [INFO] 找到SECTION: INPUT-OUTPUT (行 26)
2025-08-23 15:03:26,420 [INFO] 找到SECTION: FILE (行 37)
2025-08-23 15:03:26,421 [INFO] 找到SECTION: WORKING-STORAGE (行 53)
2025-08-23 15:03:26,429 [INFO] 找到SECTION: LINKAGE (行 309)
2025-08-23 15:03:26,430 [INFO] 找到SECTION: ＭＡＱＲ８７００−ＭＡＩＮ (行 328)
2025-08-23 15:03:26,430 [INFO] 找到SECTION: Ｓ０００−初期処理 (行 349)
2025-08-23 15:03:26,432 [INFO] 找到SECTION: Ｓ２００−ワークエリア初期化処理 (行 400)
2025-08-23 15:03:26,433 [INFO] 找到SECTION: Ｍ０００−主処理 (行 437)
2025-08-23 15:03:26,434 [INFO] 找到SECTION: Ｍ１００−総合口座関連登録予約受付編集出力処理 (行 460)
2025-08-23 15:03:26,436 [INFO] 找到SECTION: Ｅ０００−終了処理 (行 511)
2025-08-23 15:03:26,437 [INFO] 找到SECTION: Ｅ１００−入出力件数表示処理 (行 531)
2025-08-23 15:03:26,438 [INFO] 找到SECTION: Ｅ１１０−件数出力処理 (行 551)
2025-08-23 15:03:26,440 [INFO] 找到SECTION: Ｒ１００−ファイル入力処理 (行 586)
2025-08-23 15:03:26,440 [INFO] 找到SECTION: ＺＡ００−メッセージ出力処理 (行 605)
2025-08-23 15:03:26,441 [INFO] 成功提取 15 个SECTION详细信息
2025-08-23 15:03:26,441 [INFO] 
📋 MAQR8700 的SECTION详细信息:
======================================================================
2025-08-23 15:03:26,441 [INFO]     1. SECTION ID: CONFIGURATION
2025-08-23 15:03:26,442 [INFO]        行号: 21
2025-08-23 15:03:26,442 [INFO]        内容: CONFIGURATION               SECTION.

2025-08-23 15:03:26,442 [INFO]     2. SECTION ID: INPUT-OUTPUT
2025-08-23 15:03:26,442 [INFO]        行号: 26
2025-08-23 15:03:26,442 [INFO]        内容: INPUT-OUTPUT                SECTION.

2025-08-23 15:03:26,442 [INFO]     3. SECTION ID: FILE
2025-08-23 15:03:26,442 [INFO]        行号: 37
2025-08-23 15:03:26,443 [INFO]        内容: FILE                        SECTION.

2025-08-23 15:03:26,443 [INFO]     4. SECTION ID: WORKING-STORAGE
2025-08-23 15:03:26,443 [INFO]        行号: 53
2025-08-23 15:03:26,443 [INFO]        内容: WORKING-STORAGE             SECTION.

2025-08-23 15:03:26,443 [INFO]     5. SECTION ID: LINKAGE
2025-08-23 15:03:26,443 [INFO]        行号: 309
2025-08-23 15:03:26,443 [INFO]        内容: LINKAGE                     SECTION.

2025-08-23 15:03:26,443 [INFO]     6. SECTION ID: ＭＡＱＲ８７００−ＭＡＩＮ
2025-08-23 15:03:26,443 [INFO]        行号: 328
2025-08-23 15:03:26,444 [INFO]        内容: ＭＡＱＲ８７００−ＭＡＩＮ    SECTION.

2025-08-23 15:03:26,445 [INFO]     7. SECTION ID: Ｓ０００−初期処理
2025-08-23 15:03:26,445 [INFO]        行号: 349
2025-08-23 15:03:26,445 [INFO]        内容: Ｓ０００−初期処理 SECTION.

2025-08-23 15:03:26,445 [INFO]     8. SECTION ID: Ｓ２００−ワークエリア初期化処理
2025-08-23 15:03:26,445 [INFO]        行号: 400
2025-08-23 15:03:26,445 [INFO]        内容: Ｓ２００−ワークエリア初期化処理 SECTION.

2025-08-23 15:03:26,445 [INFO]     9. SECTION ID: Ｍ０００−主処理
2025-08-23 15:03:26,446 [INFO]        行号: 437
2025-08-23 15:03:26,446 [INFO]        内容: Ｍ０００−主処理 SECTION.

2025-08-23 15:03:26,446 [INFO]    10. SECTION ID: Ｍ１００−総合口座関連登録予約受付編集出力処理
2025-08-23 15:03:26,458 [INFO]        行号: 460
2025-08-23 15:03:26,458 [INFO]        内容: Ｍ１００−総合口座関連登録予約受付編集出力処理 SECTION.

2025-08-23 15:03:26,459 [INFO]    11. SECTION ID: Ｅ０００−終了処理
2025-08-23 15:03:26,459 [INFO]        行号: 511
2025-08-23 15:03:26,459 [INFO]        内容: Ｅ０００−終了処理 SECTION.

2025-08-23 15:03:26,459 [INFO]    12. SECTION ID: Ｅ１００−入出力件数表示処理
2025-08-23 15:03:26,459 [INFO]        行号: 531
2025-08-23 15:03:26,459 [INFO]        内容: Ｅ１００−入出力件数表示処理  SECTION.

2025-08-23 15:03:26,460 [INFO]    13. SECTION ID: Ｅ１１０−件数出力処理
2025-08-23 15:03:26,460 [INFO]        行号: 551
2025-08-23 15:03:26,460 [INFO]        内容: Ｅ１１０−件数出力処理  SECTION.

2025-08-23 15:03:26,460 [INFO]    14. SECTION ID: Ｒ１００−ファイル入力処理
2025-08-23 15:03:26,460 [INFO]        行号: 586
2025-08-23 15:03:26,460 [INFO]        内容: Ｒ１００−ファイル入力処理      SECTION.

2025-08-23 15:03:26,460 [INFO]    15. SECTION ID: ＺＡ００−メッセージ出力処理
2025-08-23 15:03:26,460 [INFO]        行号: 605
2025-08-23 15:03:26,460 [INFO]        内容: ＺＡ００−メッセージ出力処理      SECTION.

2025-08-23 15:03:26,460 [INFO] ✅ 总计: 15 个SECTION
2025-08-23 15:03:26,460 [INFO] 
🎯 返回给调用函数的数组格式:
2025-08-23 15:03:26,460 [INFO]    类型: <class 'list'>
2025-08-23 15:03:26,460 [INFO]    内容: ['CONFIGURATION', 'INPUT-OUTPUT', 'FILE', 'WORKING-STORAGE', 'LINKAGE', 'ＭＡＱＲ８７００−ＭＡＩＮ', 'Ｓ０００−初期処理', 'Ｓ２００−ワークエリア初期化処理', 'Ｍ０００−主処理', 'Ｍ１００−総合口座関連登録予約受付編集出力処理', 'Ｅ０００−終了処理', 'Ｅ１００−入出力件数表示処理', 'Ｅ１１０−件数出力処理', 'Ｒ１００−ファイル入力処理', 'ＺＡ００−メッセージ出力処理']
2025-08-23 15:03:26,460 [INFO]    长度: 15
2025-08-23 15:03:26,460 [INFO] 
📝 测试4: 批量处理示例
2025-08-23 15:03:26,462 [INFO] 开始批量提取 1 个文件的SECTION ID
2025-08-23 15:03:26,462 [INFO] [1/1] 处理文件: MAQR8700.ipo
2025-08-23 15:03:26,463 [INFO] 开始解析SECTION ID - 文件: MAQR8700.ipo 程序ID: MAQR8700
2025-08-23 15:03:26,464 [INFO] 成功读取 616 行
2025-08-23 15:03:26,464 [INFO] 找到SECTION ID: CONFIGURATION (行 21)
2025-08-23 15:03:26,465 [INFO] 找到SECTION ID: INPUT-OUTPUT (行 26)
2025-08-23 15:03:26,465 [INFO] 找到SECTION ID: FILE (行 37)
2025-08-23 15:03:26,465 [INFO] 找到SECTION ID: WORKING-STORAGE (行 53)
2025-08-23 15:03:26,469 [INFO] 找到SECTION ID: LINKAGE (行 309)
2025-08-23 15:03:26,470 [INFO] 找到SECTION ID: ＭＡＱＲ８７００−ＭＡＩＮ (行 328)
2025-08-23 15:03:26,470 [INFO] 找到SECTION ID: Ｓ０００−初期処理 (行 349)
2025-08-23 15:03:26,471 [INFO] 找到SECTION ID: Ｓ２００−ワークエリア初期化処理 (行 400)
2025-08-23 15:03:26,471 [INFO] 找到SECTION ID: Ｍ０００−主処理 (行 437)
2025-08-23 15:03:26,472 [INFO] 找到SECTION ID: Ｍ１００−総合口座関連登録予約受付編集出力処理 (行 460)
2025-08-23 15:03:26,473 [INFO] 找到SECTION ID: Ｅ０００−終了処理 (行 511)
2025-08-23 15:03:26,474 [INFO] 找到SECTION ID: Ｅ１００−入出力件数表示処理 (行 531)
2025-08-23 15:03:26,474 [INFO] 找到SECTION ID: Ｅ１１０−件数出力処理 (行 551)
2025-08-23 15:03:26,475 [INFO] 找到SECTION ID: Ｒ１００−ファイル入力処理 (行 586)
2025-08-23 15:03:26,475 [INFO] 找到SECTION ID: ＺＡ００−メッセージ出力処理 (行 605)
2025-08-23 15:03:26,478 [INFO] 成功提取 15 个SECTION ID
2025-08-23 15:03:26,479 [INFO] MAQR8700: 找到 15 个SECTION
2025-08-23 15:03:26,481 [INFO] 批量提取完成: 处理文件: 1, 成功文件: 1, 总SECTION数: 15
2025-08-23 15:03:26,482 [INFO]    MAQR8700: ['CONFIGURATION', 'INPUT-OUTPUT', 'FILE', 'WORKING-STORAGE', 'LINKAGE', 'ＭＡＱＲ８７００−ＭＡＩＮ', 'Ｓ０００−初期処理', 'Ｓ２００−ワークエリア初期化処理', 'Ｍ０００−主処理', 'Ｍ１００−総合口座関連登録予約受付編集出力処理', 'Ｅ０００−終了処理', 'Ｅ１００−入出力件数表示処理', 'Ｅ１１０−件数出力処理', 'Ｒ１００−ファイル入力処理', 'ＺＡ００−メッセージ出力処理']
2025-08-23 15:03:42,625 [INFO] 🧪 SECTION ID 提取器测试
2025-08-23 15:03:42,625 [INFO] ============================================================
2025-08-23 15:03:42,642 [INFO] 开始解析SECTION ID - 文件: MAQR8700.ipo 程序ID: MAQR8700
2025-08-23 15:03:42,644 [INFO] 成功读取 616 行
2025-08-23 15:03:42,645 [INFO] 找到SECTION ID: CONFIGURATION (行 21)
2025-08-23 15:03:42,645 [INFO] 找到SECTION ID: INPUT-OUTPUT (行 26)
2025-08-23 15:03:42,645 [INFO] 找到SECTION ID: FILE (行 37)
2025-08-23 15:03:42,646 [INFO] 找到SECTION ID: WORKING-STORAGE (行 53)
2025-08-23 15:03:42,661 [INFO] 找到SECTION ID: LINKAGE (行 309)
2025-08-23 15:03:42,662 [INFO] 找到SECTION ID: ＭＡＱＲ８７００−ＭＡＩＮ (行 328)
2025-08-23 15:03:42,662 [INFO] 找到SECTION ID: Ｓ０００−初期処理 (行 349)
2025-08-23 15:03:42,663 [INFO] 找到SECTION ID: Ｓ２００−ワークエリア初期化処理 (行 400)
2025-08-23 15:03:42,663 [INFO] 找到SECTION ID: Ｍ０００−主処理 (行 437)
2025-08-23 15:03:42,664 [INFO] 找到SECTION ID: Ｍ１００−総合口座関連登録予約受付編集出力処理 (行 460)
2025-08-23 15:03:42,665 [INFO] 找到SECTION ID: Ｅ０００−終了処理 (行 511)
2025-08-23 15:03:42,665 [INFO] 找到SECTION ID: Ｅ１００−入出力件数表示処理 (行 531)
2025-08-23 15:03:42,666 [INFO] 找到SECTION ID: Ｅ１１０−件数出力処理 (行 551)
2025-08-23 15:03:42,666 [INFO] 找到SECTION ID: Ｒ１００−ファイル入力処理 (行 586)
2025-08-23 15:03:42,667 [INFO] 找到SECTION ID: ＺＡ００−メッセージ出力処理 (行 605)
2025-08-23 15:03:42,667 [INFO] 成功提取 15 个SECTION ID
2025-08-23 15:03:42,667 [INFO] 
📋 MAQR8700 的SECTION ID列表:
==================================================
2025-08-23 15:03:42,667 [INFO]     1. CONFIGURATION
2025-08-23 15:03:42,667 [INFO]     2. INPUT-OUTPUT
2025-08-23 15:03:42,667 [INFO]     3. FILE
2025-08-23 15:03:42,667 [INFO]     4. WORKING-STORAGE
2025-08-23 15:03:42,667 [INFO]     5. LINKAGE
2025-08-23 15:03:42,667 [INFO]     6. ＭＡＱＲ８７００−ＭＡＩＮ
2025-08-23 15:03:42,667 [INFO]     7. Ｓ０００−初期処理
2025-08-23 15:03:42,667 [INFO]     8. Ｓ２００−ワークエリア初期化処理
2025-08-23 15:03:42,667 [INFO]     9. Ｍ０００−主処理
2025-08-23 15:03:42,667 [INFO]    10. Ｍ１００−総合口座関連登録予約受付編集出力処理
2025-08-23 15:03:42,667 [INFO]    11. Ｅ０００−終了処理
2025-08-23 15:03:42,668 [INFO]    12. Ｅ１００−入出力件数表示処理
2025-08-23 15:03:42,668 [INFO]    13. Ｅ１１０−件数出力処理
2025-08-23 15:03:42,668 [INFO]    14. Ｒ１００−ファイル入力処理
2025-08-23 15:03:42,668 [INFO]    15. ＺＡ００−メッセージ出力処理
2025-08-23 15:03:42,668 [INFO] 
✅ 总计: 15 个SECTION ID
2025-08-23 15:03:42,670 [INFO] 开始解析SECTION详细信息 - 文件: MAQR8700.ipo
2025-08-23 15:03:42,670 [INFO] 成功读取 616 行
2025-08-23 15:03:42,671 [INFO] 找到SECTION: CONFIGURATION (行 21)
2025-08-23 15:03:42,671 [INFO] 找到SECTION: INPUT-OUTPUT (行 26)
2025-08-23 15:03:42,671 [INFO] 找到SECTION: FILE (行 37)
2025-08-23 15:03:42,672 [INFO] 找到SECTION: WORKING-STORAGE (行 53)
2025-08-23 15:03:42,678 [INFO] 找到SECTION: LINKAGE (行 309)
2025-08-23 15:03:42,679 [INFO] 找到SECTION: ＭＡＱＲ８７００−ＭＡＩＮ (行 328)
2025-08-23 15:03:42,679 [INFO] 找到SECTION: Ｓ０００−初期処理 (行 349)
2025-08-23 15:03:42,680 [INFO] 找到SECTION: Ｓ２００−ワークエリア初期化処理 (行 400)
2025-08-23 15:03:42,691 [INFO] 找到SECTION: Ｍ０００−主処理 (行 437)
2025-08-23 15:03:42,693 [INFO] 找到SECTION: Ｍ１００−総合口座関連登録予約受付編集出力処理 (行 460)
2025-08-23 15:03:42,695 [INFO] 找到SECTION: Ｅ０００−終了処理 (行 511)
2025-08-23 15:03:42,695 [INFO] 找到SECTION: Ｅ１００−入出力件数表示処理 (行 531)
2025-08-23 15:03:42,696 [INFO] 找到SECTION: Ｅ１１０−件数出力処理 (行 551)
2025-08-23 15:03:42,696 [INFO] 找到SECTION: Ｒ１００−ファイル入力処理 (行 586)
2025-08-23 15:03:42,697 [INFO] 找到SECTION: ＺＡ００−メッセージ出力処理 (行 605)
2025-08-23 15:03:42,697 [INFO] 成功提取 15 个SECTION详细信息
2025-08-23 15:03:42,697 [INFO] 
📋 MAQR8700 的SECTION详细信息:
======================================================================
2025-08-23 15:03:42,697 [INFO]     1. SECTION ID: CONFIGURATION
2025-08-23 15:03:42,697 [INFO]        行号: 21
2025-08-23 15:03:42,697 [INFO]        内容: CONFIGURATION               SECTION.

2025-08-23 15:03:42,697 [INFO]     2. SECTION ID: INPUT-OUTPUT
2025-08-23 15:03:42,697 [INFO]        行号: 26
2025-08-23 15:03:42,697 [INFO]        内容: INPUT-OUTPUT                SECTION.

2025-08-23 15:03:42,697 [INFO]     3. SECTION ID: FILE
2025-08-23 15:03:42,697 [INFO]        行号: 37
2025-08-23 15:03:42,697 [INFO]        内容: FILE                        SECTION.

2025-08-23 15:03:42,697 [INFO]     4. SECTION ID: WORKING-STORAGE
2025-08-23 15:03:42,697 [INFO]        行号: 53
2025-08-23 15:03:42,697 [INFO]        内容: WORKING-STORAGE             SECTION.

2025-08-23 15:03:42,697 [INFO]     5. SECTION ID: LINKAGE
2025-08-23 15:03:42,697 [INFO]        行号: 309
2025-08-23 15:03:42,697 [INFO]        内容: LINKAGE                     SECTION.

2025-08-23 15:03:42,697 [INFO]     6. SECTION ID: ＭＡＱＲ８７００−ＭＡＩＮ
2025-08-23 15:03:42,698 [INFO]        行号: 328
2025-08-23 15:03:42,698 [INFO]        内容: ＭＡＱＲ８７００−ＭＡＩＮ    SECTION.

2025-08-23 15:03:42,698 [INFO]     7. SECTION ID: Ｓ０００−初期処理
2025-08-23 15:03:42,698 [INFO]        行号: 349
2025-08-23 15:03:42,698 [INFO]        内容: Ｓ０００−初期処理 SECTION.

2025-08-23 15:03:42,698 [INFO]     8. SECTION ID: Ｓ２００−ワークエリア初期化処理
2025-08-23 15:03:42,698 [INFO]        行号: 400
2025-08-23 15:03:42,698 [INFO]        内容: Ｓ２００−ワークエリア初期化処理 SECTION.

2025-08-23 15:03:42,698 [INFO]     9. SECTION ID: Ｍ０００−主処理
2025-08-23 15:03:42,698 [INFO]        行号: 437
2025-08-23 15:03:42,698 [INFO]        内容: Ｍ０００−主処理 SECTION.

2025-08-23 15:03:42,698 [INFO]    10. SECTION ID: Ｍ１００−総合口座関連登録予約受付編集出力処理
2025-08-23 15:03:42,698 [INFO]        行号: 460
2025-08-23 15:03:42,698 [INFO]        内容: Ｍ１００−総合口座関連登録予約受付編集出力処理 SECTION.

2025-08-23 15:03:42,698 [INFO]    11. SECTION ID: Ｅ０００−終了処理
2025-08-23 15:03:42,698 [INFO]        行号: 511
2025-08-23 15:03:42,698 [INFO]        内容: Ｅ０００−終了処理 SECTION.

2025-08-23 15:03:42,698 [INFO]    12. SECTION ID: Ｅ１００−入出力件数表示処理
2025-08-23 15:03:42,698 [INFO]        行号: 531
2025-08-23 15:03:42,698 [INFO]        内容: Ｅ１００−入出力件数表示処理  SECTION.

2025-08-23 15:03:42,698 [INFO]    13. SECTION ID: Ｅ１１０−件数出力処理
2025-08-23 15:03:42,698 [INFO]        行号: 551
2025-08-23 15:03:42,698 [INFO]        内容: Ｅ１１０−件数出力処理  SECTION.

2025-08-23 15:03:42,698 [INFO]    14. SECTION ID: Ｒ１００−ファイル入力処理
2025-08-23 15:03:42,698 [INFO]        行号: 586
2025-08-23 15:03:42,698 [INFO]        内容: Ｒ１００−ファイル入力処理      SECTION.

2025-08-23 15:03:42,698 [INFO]    15. SECTION ID: ＺＡ００−メッセージ出力処理
2025-08-23 15:03:42,698 [INFO]        行号: 605
2025-08-23 15:03:42,698 [INFO]        内容: ＺＡ００−メッセージ出力処理      SECTION.

2025-08-23 15:03:42,698 [INFO] ✅ 总计: 15 个SECTION
2025-08-23 15:03:42,698 [INFO] 
🎯 返回给调用函数的数组格式:
2025-08-23 15:03:42,699 [INFO]    类型: <class 'list'>
2025-08-23 15:03:42,699 [INFO]    内容: ['CONFIGURATION', 'INPUT-OUTPUT', 'FILE', 'WORKING-STORAGE', 'LINKAGE', 'ＭＡＱＲ８７００−ＭＡＩＮ', 'Ｓ０００−初期処理', 'Ｓ２００−ワークエリア初期化処理', 'Ｍ０００−主処理', 'Ｍ１００−総合口座関連登録予約受付編集出力処理', 'Ｅ０００−終了処理', 'Ｅ１００−入出力件数表示処理', 'Ｅ１１０−件数出力処理', 'Ｒ１００−ファイル入力処理', 'ＺＡ００−メッセージ出力処理']
2025-08-23 15:03:42,699 [INFO]    长度: 15
2025-08-23 15:03:42,699 [INFO] 
📝 测试4: 批量处理示例
2025-08-23 15:03:42,700 [INFO] 开始批量提取 1 个文件的SECTION ID
2025-08-23 15:03:42,700 [INFO] [1/1] 处理文件: MAQR8700.ipo
2025-08-23 15:03:42,701 [INFO] 开始解析SECTION ID - 文件: MAQR8700.ipo 程序ID: MAQR8700
2025-08-23 15:03:42,702 [INFO] 成功读取 616 行
2025-08-23 15:03:42,702 [INFO] 找到SECTION ID: CONFIGURATION (行 21)
2025-08-23 15:03:42,702 [INFO] 找到SECTION ID: INPUT-OUTPUT (行 26)
2025-08-23 15:03:42,703 [INFO] 找到SECTION ID: FILE (行 37)
2025-08-23 15:03:42,704 [INFO] 找到SECTION ID: WORKING-STORAGE (行 53)
2025-08-23 15:03:42,710 [INFO] 找到SECTION ID: LINKAGE (行 309)
2025-08-23 15:03:42,710 [INFO] 找到SECTION ID: ＭＡＱＲ８７００−ＭＡＩＮ (行 328)
2025-08-23 15:03:42,710 [INFO] 找到SECTION ID: Ｓ０００−初期処理 (行 349)
2025-08-23 15:03:42,711 [INFO] 找到SECTION ID: Ｓ２００−ワークエリア初期化処理 (行 400)
2025-08-23 15:03:42,712 [INFO] 找到SECTION ID: Ｍ０００−主処理 (行 437)
2025-08-23 15:03:42,724 [INFO] 找到SECTION ID: Ｍ１００−総合口座関連登録予約受付編集出力処理 (行 460)
2025-08-23 15:03:42,726 [INFO] 找到SECTION ID: Ｅ０００−終了処理 (行 511)
2025-08-23 15:03:42,726 [INFO] 找到SECTION ID: Ｅ１００−入出力件数表示処理 (行 531)
2025-08-23 15:03:42,727 [INFO] 找到SECTION ID: Ｅ１１０−件数出力処理 (行 551)
2025-08-23 15:03:42,727 [INFO] 找到SECTION ID: Ｒ１００−ファイル入力処理 (行 586)
2025-08-23 15:03:42,728 [INFO] 找到SECTION ID: ＺＡ００−メッセージ出力処理 (行 605)
2025-08-23 15:03:42,728 [INFO] 成功提取 15 个SECTION ID
2025-08-23 15:03:42,728 [INFO] MAQR8700: 找到 15 个SECTION
2025-08-23 15:03:42,728 [INFO] 批量提取完成: 处理文件: 1, 成功文件: 1, 总SECTION数: 15
2025-08-23 15:03:42,728 [INFO]    MAQR8700: ['CONFIGURATION', 'INPUT-OUTPUT', 'FILE', 'WORKING-STORAGE', 'LINKAGE', 'ＭＡＱＲ８７００−ＭＡＩＮ', 'Ｓ０００−初期処理', 'Ｓ２００−ワークエリア初期化処理', 'Ｍ０００−主処理', 'Ｍ１００−総合口座関連登録予約受付編集出力処理', 'Ｅ０００−終了処理', 'Ｅ１００−入出力件数表示処理', 'Ｅ１１０−件数出力処理', 'Ｒ１００−ファイル入力処理', 'ＺＡ００−メッセージ出力処理']
2025-08-23 15:05:11,152 [INFO] 🧪 SECTION ID 提取器测试
2025-08-23 15:05:11,152 [INFO] ============================================================
2025-08-23 15:05:11,152 [INFO] 
📝 测试1: 基本SECTION ID提取
2025-08-23 15:05:11,167 [INFO] 开始解析SECTION ID - 文件: MAQR8700.ipo 程序ID: MAQR8700
2025-08-23 15:05:11,169 [INFO] 成功读取 616 行
2025-08-23 15:05:11,170 [INFO] 找到SECTION ID: CONFIGURATION (行 21)
2025-08-23 15:05:11,170 [INFO] 找到SECTION ID: INPUT-OUTPUT (行 26)
2025-08-23 15:05:11,170 [INFO] 找到SECTION ID: FILE (行 37)
2025-08-23 15:05:11,170 [INFO] 找到SECTION ID: WORKING-STORAGE (行 53)
2025-08-23 15:05:11,174 [INFO] 找到SECTION ID: LINKAGE (行 309)
2025-08-23 15:05:11,174 [INFO] 找到SECTION ID: ＭＡＱＲ８７００−ＭＡＩＮ (行 328)
2025-08-23 15:05:11,175 [INFO] 找到SECTION ID: Ｓ０００−初期処理 (行 349)
2025-08-23 15:05:11,175 [INFO] 找到SECTION ID: Ｓ２００−ワークエリア初期化処理 (行 400)
2025-08-23 15:05:11,176 [INFO] 找到SECTION ID: Ｍ０００−主処理 (行 437)
2025-08-23 15:05:11,177 [INFO] 找到SECTION ID: Ｍ１００−総合口座関連登録予約受付編集出力処理 (行 460)
2025-08-23 15:05:11,178 [INFO] 找到SECTION ID: Ｅ０００−終了処理 (行 511)
2025-08-23 15:05:11,178 [INFO] 找到SECTION ID: Ｅ１００−入出力件数表示処理 (行 531)
2025-08-23 15:05:11,178 [INFO] 找到SECTION ID: Ｅ１１０−件数出力処理 (行 551)
2025-08-23 15:05:11,179 [INFO] 找到SECTION ID: Ｒ１００−ファイル入力処理 (行 586)
2025-08-23 15:05:11,179 [INFO] 找到SECTION ID: ＺＡ００−メッセージ出力処理 (行 605)
2025-08-23 15:05:11,180 [INFO] 成功提取 15 个SECTION ID
2025-08-23 15:05:11,180 [INFO] 
📋 MAQR8700 的SECTION ID列表:
==================================================
2025-08-23 15:05:11,180 [INFO]     1. CONFIGURATION
2025-08-23 15:05:11,180 [INFO]     2. INPUT-OUTPUT
2025-08-23 15:05:11,180 [INFO]     3. FILE
2025-08-23 15:05:11,180 [INFO]     4. WORKING-STORAGE
2025-08-23 15:05:11,180 [INFO]     5. LINKAGE
2025-08-23 15:05:11,180 [INFO]     6. ＭＡＱＲ８７００−ＭＡＩＮ
2025-08-23 15:05:11,180 [INFO]     7. Ｓ０００−初期処理
2025-08-23 15:05:11,180 [INFO]     8. Ｓ２００−ワークエリア初期化処理
2025-08-23 15:05:11,180 [INFO]     9. Ｍ０００−主処理
2025-08-23 15:05:11,180 [INFO]    10. Ｍ１００−総合口座関連登録予約受付編集出力処理
2025-08-23 15:05:11,180 [INFO]    11. Ｅ０００−終了処理
2025-08-23 15:05:11,180 [INFO]    12. Ｅ１００−入出力件数表示処理
2025-08-23 15:05:11,180 [INFO]    13. Ｅ１１０−件数出力処理
2025-08-23 15:05:11,180 [INFO]    14. Ｒ１００−ファイル入力処理
2025-08-23 15:05:11,180 [INFO]    15. ＺＡ００−メッセージ出力処理
2025-08-23 15:05:11,180 [INFO] 
✅ 总计: 15 个SECTION ID
2025-08-23 15:05:11,180 [INFO] 
📝 测试2: SECTION详细信息提取
2025-08-23 15:05:11,182 [INFO] 开始解析SECTION详细信息 - 文件: MAQR8700.ipo
2025-08-23 15:05:11,182 [INFO] 成功读取 616 行
2025-08-23 15:05:11,183 [INFO] 找到SECTION: CONFIGURATION (行 21)
2025-08-23 15:05:11,183 [INFO] 找到SECTION: INPUT-OUTPUT (行 26)
2025-08-23 15:05:11,183 [INFO] 找到SECTION: FILE (行 37)
2025-08-23 15:05:11,184 [INFO] 找到SECTION: WORKING-STORAGE (行 53)
2025-08-23 15:05:11,187 [INFO] 找到SECTION: LINKAGE (行 309)
2025-08-23 15:05:11,187 [INFO] 找到SECTION: ＭＡＱＲ８７００−ＭＡＩＮ (行 328)
2025-08-23 15:05:11,188 [INFO] 找到SECTION: Ｓ０００−初期処理 (行 349)
2025-08-23 15:05:11,188 [INFO] 找到SECTION: Ｓ２００−ワークエリア初期化処理 (行 400)
2025-08-23 15:05:11,189 [INFO] 找到SECTION: Ｍ０００−主処理 (行 437)
2025-08-23 15:05:11,189 [INFO] 找到SECTION: Ｍ１００−総合口座関連登録予約受付編集出力処理 (行 460)
2025-08-23 15:05:11,191 [INFO] 找到SECTION: Ｅ０００−終了処理 (行 511)
2025-08-23 15:05:11,191 [INFO] 找到SECTION: Ｅ１００−入出力件数表示処理 (行 531)
2025-08-23 15:05:11,192 [INFO] 找到SECTION: Ｅ１１０−件数出力処理 (行 551)
2025-08-23 15:05:11,193 [INFO] 找到SECTION: Ｒ１００−ファイル入力処理 (行 586)
2025-08-23 15:05:11,194 [INFO] 找到SECTION: ＺＡ００−メッセージ出力処理 (行 605)
2025-08-23 15:05:11,194 [INFO] 成功提取 15 个SECTION详细信息
2025-08-23 15:05:11,194 [INFO] 
📋 MAQR8700 的SECTION详细信息:
======================================================================
2025-08-23 15:05:11,194 [INFO]     1. SECTION ID: CONFIGURATION
2025-08-23 15:05:11,194 [INFO]        行号: 21
2025-08-23 15:05:11,194 [INFO]        内容: CONFIGURATION               SECTION.

2025-08-23 15:05:11,194 [INFO]     2. SECTION ID: INPUT-OUTPUT
2025-08-23 15:05:11,194 [INFO]        行号: 26
2025-08-23 15:05:11,194 [INFO]        内容: INPUT-OUTPUT                SECTION.

2025-08-23 15:05:11,195 [INFO]     3. SECTION ID: FILE
2025-08-23 15:05:11,195 [INFO]        行号: 37
2025-08-23 15:05:11,195 [INFO]        内容: FILE                        SECTION.

2025-08-23 15:05:11,195 [INFO]     4. SECTION ID: WORKING-STORAGE
2025-08-23 15:05:11,195 [INFO]        行号: 53
2025-08-23 15:05:11,195 [INFO]        内容: WORKING-STORAGE             SECTION.

2025-08-23 15:05:11,195 [INFO]     5. SECTION ID: LINKAGE
2025-08-23 15:05:11,195 [INFO]        行号: 309
2025-08-23 15:05:11,195 [INFO]        内容: LINKAGE                     SECTION.

2025-08-23 15:05:11,195 [INFO]     6. SECTION ID: ＭＡＱＲ８７００−ＭＡＩＮ
2025-08-23 15:05:11,195 [INFO]        行号: 328
2025-08-23 15:05:11,195 [INFO]        内容: ＭＡＱＲ８７００−ＭＡＩＮ    SECTION.

2025-08-23 15:05:11,195 [INFO]     7. SECTION ID: Ｓ０００−初期処理
2025-08-23 15:05:11,195 [INFO]        行号: 349
2025-08-23 15:05:11,196 [INFO]        内容: Ｓ０００−初期処理 SECTION.

2025-08-23 15:05:11,196 [INFO]     8. SECTION ID: Ｓ２００−ワークエリア初期化処理
2025-08-23 15:05:11,196 [INFO]        行号: 400
2025-08-23 15:05:11,196 [INFO]        内容: Ｓ２００−ワークエリア初期化処理 SECTION.

2025-08-23 15:05:11,196 [INFO]     9. SECTION ID: Ｍ０００−主処理
2025-08-23 15:05:11,196 [INFO]        行号: 437
2025-08-23 15:05:11,196 [INFO]        内容: Ｍ０００−主処理 SECTION.

2025-08-23 15:05:11,196 [INFO]    10. SECTION ID: Ｍ１００−総合口座関連登録予約受付編集出力処理
2025-08-23 15:05:11,196 [INFO]        行号: 460
2025-08-23 15:05:11,196 [INFO]        内容: Ｍ１００−総合口座関連登録予約受付編集出力処理 SECTION.

2025-08-23 15:05:11,196 [INFO]    11. SECTION ID: Ｅ０００−終了処理
2025-08-23 15:05:11,196 [INFO]        行号: 511
2025-08-23 15:05:11,196 [INFO]        内容: Ｅ０００−終了処理 SECTION.

2025-08-23 15:05:11,196 [INFO]    12. SECTION ID: Ｅ１００−入出力件数表示処理
2025-08-23 15:05:11,196 [INFO]        行号: 531
2025-08-23 15:05:11,196 [INFO]        内容: Ｅ１００−入出力件数表示処理  SECTION.

2025-08-23 15:05:11,196 [INFO]    13. SECTION ID: Ｅ１１０−件数出力処理
2025-08-23 15:05:11,196 [INFO]        行号: 551
2025-08-23 15:05:11,196 [INFO]        内容: Ｅ１１０−件数出力処理  SECTION.

2025-08-23 15:05:11,196 [INFO]    14. SECTION ID: Ｒ１００−ファイル入力処理
2025-08-23 15:05:11,196 [INFO]        行号: 586
2025-08-23 15:05:11,196 [INFO]        内容: Ｒ１００−ファイル入力処理      SECTION.

2025-08-23 15:05:11,196 [INFO]    15. SECTION ID: ＺＡ００−メッセージ出力処理
2025-08-23 15:05:11,197 [INFO]        行号: 605
2025-08-23 15:05:11,197 [INFO]        内容: ＺＡ００−メッセージ出力処理      SECTION.

2025-08-23 15:05:11,197 [INFO] ✅ 总计: 15 个SECTION
2025-08-23 15:05:11,197 [INFO] 
🎯 返回给调用函数的数组格式:
2025-08-23 15:05:11,197 [INFO]    类型: <class 'list'>
2025-08-23 15:05:11,197 [INFO]    内容: ['CONFIGURATION', 'INPUT-OUTPUT', 'FILE', 'WORKING-STORAGE', 'LINKAGE', 'ＭＡＱＲ８７００−ＭＡＩＮ', 'Ｓ０００−初期処理', 'Ｓ２００−ワークエリア初期化処理', 'Ｍ０００−主処理', 'Ｍ１００−総合口座関連登録予約受付編集出力処理', 'Ｅ０００−終了処理', 'Ｅ１００−入出力件数表示処理', 'Ｅ１１０−件数出力処理', 'Ｒ１００−ファイル入力処理', 'ＺＡ００−メッセージ出力処理']
2025-08-23 15:05:11,197 [INFO]    长度: 15
2025-08-23 15:05:11,197 [INFO] 
📝 测试4: 批量处理示例
2025-08-23 15:05:11,198 [INFO] 开始批量提取 1 个文件的SECTION ID
2025-08-23 15:05:11,198 [INFO] [1/1] 处理文件: MAQR8700.ipo
2025-08-23 15:05:11,199 [INFO] 开始解析SECTION ID - 文件: MAQR8700.ipo 程序ID: MAQR8700
2025-08-23 15:05:11,199 [INFO] 成功读取 616 行
2025-08-23 15:05:11,200 [INFO] 找到SECTION ID: CONFIGURATION (行 21)
2025-08-23 15:05:11,200 [INFO] 找到SECTION ID: INPUT-OUTPUT (行 26)
2025-08-23 15:05:11,200 [INFO] 找到SECTION ID: FILE (行 37)
2025-08-23 15:05:11,201 [INFO] 找到SECTION ID: WORKING-STORAGE (行 53)
2025-08-23 15:05:11,204 [INFO] 找到SECTION ID: LINKAGE (行 309)
2025-08-23 15:05:11,204 [INFO] 找到SECTION ID: ＭＡＱＲ８７００−ＭＡＩＮ (行 328)
2025-08-23 15:05:11,205 [INFO] 找到SECTION ID: Ｓ０００−初期処理 (行 349)
2025-08-23 15:05:11,205 [INFO] 找到SECTION ID: Ｓ２００−ワークエリア初期化処理 (行 400)
2025-08-23 15:05:11,206 [INFO] 找到SECTION ID: Ｍ０００−主処理 (行 437)
2025-08-23 15:05:11,207 [INFO] 找到SECTION ID: Ｍ１００−総合口座関連登録予約受付編集出力処理 (行 460)
2025-08-23 15:05:11,208 [INFO] 找到SECTION ID: Ｅ０００−終了処理 (行 511)
2025-08-23 15:05:11,208 [INFO] 找到SECTION ID: Ｅ１００−入出力件数表示処理 (行 531)
2025-08-23 15:05:11,208 [INFO] 找到SECTION ID: Ｅ１１０−件数出力処理 (行 551)
2025-08-23 15:05:11,209 [INFO] 找到SECTION ID: Ｒ１００−ファイル入力処理 (行 586)
2025-08-23 15:05:11,209 [INFO] 找到SECTION ID: ＺＡ００−メッセージ出力処理 (行 605)
2025-08-23 15:05:11,209 [INFO] 成功提取 15 个SECTION ID
2025-08-23 15:05:11,210 [INFO] MAQR8700: 找到 15 个SECTION
2025-08-23 15:05:11,210 [INFO] 批量提取完成: 处理文件: 1, 成功文件: 1, 总SECTION数: 15
2025-08-23 15:05:11,210 [INFO]    MAQR8700: ['CONFIGURATION', 'INPUT-OUTPUT', 'FILE', 'WORKING-STORAGE', 'LINKAGE', 'ＭＡＱＲ８７００−ＭＡＩＮ', 'Ｓ０００−初期処理', 'Ｓ２００−ワークエリア初期化処理', 'Ｍ０００−主処理', 'Ｍ１００−総合口座関連登録予約受付編集出力処理', 'Ｅ０００−終了処理', 'Ｅ１００−入出力件数表示処理', 'Ｅ１１０−件数出力処理', 'Ｒ１００−ファイル入力処理', 'ＺＡ００−メッセージ出力処理']
2025-08-23 15:05:22,963 [INFO] 🧪 SECTION ID 提取器测试
2025-08-23 15:05:22,963 [INFO] ============================================================
2025-08-23 15:05:22,963 [INFO] 
📝 测试1: 基本SECTION ID提取
2025-08-23 15:05:22,978 [INFO] 开始解析SECTION ID - 文件: MAQR8700.ipo 程序ID: MAQR8700
2025-08-23 15:05:22,980 [INFO] 成功读取 616 行
2025-08-23 15:05:22,981 [INFO] 找到SECTION ID: CONFIGURATION (行 21)
2025-08-23 15:05:22,981 [INFO] 找到SECTION ID: INPUT-OUTPUT (行 26)
2025-08-23 15:05:22,981 [INFO] 找到SECTION ID: FILE (行 37)
2025-08-23 15:05:22,982 [INFO] 找到SECTION ID: WORKING-STORAGE (行 53)
2025-08-23 15:05:22,986 [INFO] 找到SECTION ID: LINKAGE (行 309)
2025-08-23 15:05:22,986 [INFO] 找到SECTION ID: ＭＡＱＲ８７００−ＭＡＩＮ (行 328)
2025-08-23 15:05:22,986 [INFO] 找到SECTION ID: Ｓ０００−初期処理 (行 349)
2025-08-23 15:05:22,987 [INFO] 找到SECTION ID: Ｓ２００−ワークエリア初期化処理 (行 400)
2025-08-23 15:05:22,987 [INFO] 找到SECTION ID: Ｍ０００−主処理 (行 437)
2025-08-23 15:05:22,988 [INFO] 找到SECTION ID: Ｍ１００−総合口座関連登録予約受付編集出力処理 (行 460)
2025-08-23 15:05:22,989 [INFO] 找到SECTION ID: Ｅ０００−終了処理 (行 511)
2025-08-23 15:05:22,989 [INFO] 找到SECTION ID: Ｅ１００−入出力件数表示処理 (行 531)
2025-08-23 15:05:22,990 [INFO] 找到SECTION ID: Ｅ１１０−件数出力処理 (行 551)
2025-08-23 15:05:22,990 [INFO] 找到SECTION ID: Ｒ１００−ファイル入力処理 (行 586)
2025-08-23 15:05:22,991 [INFO] 找到SECTION ID: ＺＡ００−メッセージ出力処理 (行 605)
2025-08-23 15:05:22,991 [INFO] 成功提取 15 个SECTION ID
2025-08-23 15:05:22,991 [INFO] 
📋 MAQR8700 的SECTION ID列表:
==================================================
2025-08-23 15:05:22,991 [INFO]     1. CONFIGURATION
2025-08-23 15:05:22,991 [INFO]     2. INPUT-OUTPUT
2025-08-23 15:05:22,991 [INFO]     3. FILE
2025-08-23 15:05:22,991 [INFO]     4. WORKING-STORAGE
2025-08-23 15:05:22,991 [INFO]     5. LINKAGE
2025-08-23 15:05:22,991 [INFO]     6. ＭＡＱＲ８７００−ＭＡＩＮ
2025-08-23 15:05:22,991 [INFO]     7. Ｓ０００−初期処理
2025-08-23 15:05:22,991 [INFO]     8. Ｓ２００−ワークエリア初期化処理
2025-08-23 15:05:22,991 [INFO]     9. Ｍ０００−主処理
2025-08-23 15:05:22,991 [INFO]    10. Ｍ１００−総合口座関連登録予約受付編集出力処理
2025-08-23 15:05:22,991 [INFO]    11. Ｅ０００−終了処理
2025-08-23 15:05:22,991 [INFO]    12. Ｅ１００−入出力件数表示処理
2025-08-23 15:05:22,991 [INFO]    13. Ｅ１１０−件数出力処理
2025-08-23 15:05:22,991 [INFO]    14. Ｒ１００−ファイル入力処理
2025-08-23 15:05:22,991 [INFO]    15. ＺＡ００−メッセージ出力処理
2025-08-23 15:05:22,991 [INFO] 
✅ 总计: 15 个SECTION ID
2025-08-23 15:05:22,991 [INFO] 
📝 测试2: SECTION详细信息提取
2025-08-23 15:05:22,993 [INFO] 开始解析SECTION详细信息 - 文件: MAQR8700.ipo
2025-08-23 15:05:22,994 [INFO] 成功读取 616 行
2025-08-23 15:05:22,994 [INFO] 找到SECTION: CONFIGURATION (行 21)
2025-08-23 15:05:22,994 [INFO] 找到SECTION: INPUT-OUTPUT (行 26)
2025-08-23 15:05:22,994 [INFO] 找到SECTION: FILE (行 37)
2025-08-23 15:05:22,995 [INFO] 找到SECTION: WORKING-STORAGE (行 53)
2025-08-23 15:05:22,998 [INFO] 找到SECTION: LINKAGE (行 309)
2025-08-23 15:05:22,999 [INFO] 找到SECTION: ＭＡＱＲ８７００−ＭＡＩＮ (行 328)
2025-08-23 15:05:22,999 [INFO] 找到SECTION: Ｓ０００−初期処理 (行 349)
2025-08-23 15:05:23,000 [INFO] 找到SECTION: Ｓ２００−ワークエリア初期化処理 (行 400)
2025-08-23 15:05:23,001 [INFO] 找到SECTION: Ｍ０００−主処理 (行 437)
2025-08-23 15:05:23,001 [INFO] 找到SECTION: Ｍ１００−総合口座関連登録予約受付編集出力処理 (行 460)
2025-08-23 15:05:23,002 [INFO] 找到SECTION: Ｅ０００−終了処理 (行 511)
2025-08-23 15:05:23,002 [INFO] 找到SECTION: Ｅ１００−入出力件数表示処理 (行 531)
2025-08-23 15:05:23,003 [INFO] 找到SECTION: Ｅ１１０−件数出力処理 (行 551)
2025-08-23 15:05:23,003 [INFO] 找到SECTION: Ｒ１００−ファイル入力処理 (行 586)
2025-08-23 15:05:23,004 [INFO] 找到SECTION: ＺＡ００−メッセージ出力処理 (行 605)
2025-08-23 15:05:23,004 [INFO] 成功提取 15 个SECTION详细信息
2025-08-23 15:05:23,004 [INFO] 
📋 MAQR8700 的SECTION详细信息:
======================================================================
2025-08-23 15:05:23,004 [INFO]     1. SECTION ID: CONFIGURATION
2025-08-23 15:05:23,004 [INFO]        行号: 21
2025-08-23 15:05:23,004 [INFO]        内容: CONFIGURATION               SECTION.

2025-08-23 15:05:23,004 [INFO]     2. SECTION ID: INPUT-OUTPUT
2025-08-23 15:05:23,004 [INFO]        行号: 26
2025-08-23 15:05:23,004 [INFO]        内容: INPUT-OUTPUT                SECTION.

2025-08-23 15:05:23,004 [INFO]     3. SECTION ID: FILE
2025-08-23 15:05:23,004 [INFO]        行号: 37
2025-08-23 15:05:23,004 [INFO]        内容: FILE                        SECTION.

2025-08-23 15:05:23,004 [INFO]     4. SECTION ID: WORKING-STORAGE
2025-08-23 15:05:23,004 [INFO]        行号: 53
2025-08-23 15:05:23,004 [INFO]        内容: WORKING-STORAGE             SECTION.

2025-08-23 15:05:23,004 [INFO]     5. SECTION ID: LINKAGE
2025-08-23 15:05:23,004 [INFO]        行号: 309
2025-08-23 15:05:23,005 [INFO]        内容: LINKAGE                     SECTION.

2025-08-23 15:05:23,005 [INFO]     6. SECTION ID: ＭＡＱＲ８７００−ＭＡＩＮ
2025-08-23 15:05:23,005 [INFO]        行号: 328
2025-08-23 15:05:23,005 [INFO]        内容: ＭＡＱＲ８７００−ＭＡＩＮ    SECTION.

2025-08-23 15:05:23,005 [INFO]     7. SECTION ID: Ｓ０００−初期処理
2025-08-23 15:05:23,005 [INFO]        行号: 349
2025-08-23 15:05:23,005 [INFO]        内容: Ｓ０００−初期処理 SECTION.

2025-08-23 15:05:23,005 [INFO]     8. SECTION ID: Ｓ２００−ワークエリア初期化処理
2025-08-23 15:05:23,005 [INFO]        行号: 400
2025-08-23 15:05:23,005 [INFO]        内容: Ｓ２００−ワークエリア初期化処理 SECTION.

2025-08-23 15:05:23,005 [INFO]     9. SECTION ID: Ｍ０００−主処理
2025-08-23 15:05:23,005 [INFO]        行号: 437
2025-08-23 15:05:23,005 [INFO]        内容: Ｍ０００−主処理 SECTION.

2025-08-23 15:05:23,005 [INFO]    10. SECTION ID: Ｍ１００−総合口座関連登録予約受付編集出力処理
2025-08-23 15:05:23,005 [INFO]        行号: 460
2025-08-23 15:05:23,005 [INFO]        内容: Ｍ１００−総合口座関連登録予約受付編集出力処理 SECTION.

2025-08-23 15:05:23,005 [INFO]    11. SECTION ID: Ｅ０００−終了処理
2025-08-23 15:05:23,005 [INFO]        行号: 511
2025-08-23 15:05:23,005 [INFO]        内容: Ｅ０００−終了処理 SECTION.

2025-08-23 15:05:23,005 [INFO]    12. SECTION ID: Ｅ１００−入出力件数表示処理
2025-08-23 15:05:23,005 [INFO]        行号: 531
2025-08-23 15:05:23,005 [INFO]        内容: Ｅ１００−入出力件数表示処理  SECTION.

2025-08-23 15:05:23,005 [INFO]    13. SECTION ID: Ｅ１１０−件数出力処理
2025-08-23 15:05:23,005 [INFO]        行号: 551
2025-08-23 15:05:23,005 [INFO]        内容: Ｅ１１０−件数出力処理  SECTION.

2025-08-23 15:05:23,005 [INFO]    14. SECTION ID: Ｒ１００−ファイル入力処理
2025-08-23 15:05:23,005 [INFO]        行号: 586
2025-08-23 15:05:23,005 [INFO]        内容: Ｒ１００−ファイル入力処理      SECTION.

2025-08-23 15:05:23,005 [INFO]    15. SECTION ID: ＺＡ００−メッセージ出力処理
2025-08-23 15:05:23,005 [INFO]        行号: 605
2025-08-23 15:05:23,005 [INFO]        内容: ＺＡ００−メッセージ出力処理      SECTION.

2025-08-23 15:05:23,005 [INFO] ✅ 总计: 15 个SECTION
2025-08-23 15:05:23,005 [INFO] 
🎯 返回给调用函数的数组格式:
2025-08-23 15:05:23,006 [INFO]    类型: <class 'list'>
2025-08-23 15:05:23,006 [INFO]    内容: ['CONFIGURATION', 'INPUT-OUTPUT', 'FILE', 'WORKING-STORAGE', 'LINKAGE', 'ＭＡＱＲ８７００−ＭＡＩＮ', 'Ｓ０００−初期処理', 'Ｓ２００−ワークエリア初期化処理', 'Ｍ０００−主処理', 'Ｍ１００−総合口座関連登録予約受付編集出力処理', 'Ｅ０００−終了処理', 'Ｅ１００−入出力件数表示処理', 'Ｅ１１０−件数出力処理', 'Ｒ１００−ファイル入力処理', 'ＺＡ００−メッセージ出力処理']
2025-08-23 15:05:23,006 [INFO]    长度: 15
2025-08-23 15:05:23,006 [INFO] 
📝 测试4: 批量处理示例
2025-08-23 15:05:23,007 [INFO] 开始批量提取 1 个文件的SECTION ID
2025-08-23 15:05:23,007 [INFO] [1/1] 处理文件: MAQR8700.ipo
2025-08-23 15:05:23,007 [INFO] 开始解析SECTION ID - 文件: MAQR8700.ipo 程序ID: MAQR8700
2025-08-23 15:05:23,008 [INFO] 成功读取 616 行
2025-08-23 15:05:23,008 [INFO] 找到SECTION ID: CONFIGURATION (行 21)
2025-08-23 15:05:23,008 [INFO] 找到SECTION ID: INPUT-OUTPUT (行 26)
2025-08-23 15:05:23,009 [INFO] 找到SECTION ID: FILE (行 37)
2025-08-23 15:05:23,009 [INFO] 找到SECTION ID: WORKING-STORAGE (行 53)
2025-08-23 15:05:23,012 [INFO] 找到SECTION ID: LINKAGE (行 309)
2025-08-23 15:05:23,013 [INFO] 找到SECTION ID: ＭＡＱＲ８７００−ＭＡＩＮ (行 328)
2025-08-23 15:05:23,013 [INFO] 找到SECTION ID: Ｓ０００−初期処理 (行 349)
2025-08-23 15:05:23,014 [INFO] 找到SECTION ID: Ｓ２００−ワークエリア初期化処理 (行 400)
2025-08-23 15:05:23,015 [INFO] 找到SECTION ID: Ｍ０００−主処理 (行 437)
2025-08-23 15:05:23,015 [INFO] 找到SECTION ID: Ｍ１００−総合口座関連登録予約受付編集出力処理 (行 460)
2025-08-23 15:05:23,017 [INFO] 找到SECTION ID: Ｅ０００−終了処理 (行 511)
2025-08-23 15:05:23,017 [INFO] 找到SECTION ID: Ｅ１００−入出力件数表示処理 (行 531)
2025-08-23 15:05:23,018 [INFO] 找到SECTION ID: Ｅ１１０−件数出力処理 (行 551)
2025-08-23 15:05:23,019 [INFO] 找到SECTION ID: Ｒ１００−ファイル入力処理 (行 586)
2025-08-23 15:05:23,019 [INFO] 找到SECTION ID: ＺＡ００−メッセージ出力処理 (行 605)
2025-08-23 15:05:23,019 [INFO] 成功提取 15 个SECTION ID
2025-08-23 15:05:23,020 [INFO] MAQR8700: 找到 15 个SECTION
2025-08-23 15:05:23,020 [INFO] 批量提取完成: 处理文件: 1, 成功文件: 1, 总SECTION数: 15
2025-08-23 15:05:23,020 [INFO]    MAQR8700: ['CONFIGURATION', 'INPUT-OUTPUT', 'FILE', 'WORKING-STORAGE', 'LINKAGE', 'ＭＡＱＲ８７００−ＭＡＩＮ', 'Ｓ０００−初期処理', 'Ｓ２００−ワークエリア初期化処理', 'Ｍ０００−主処理', 'Ｍ１００−総合口座関連登録予約受付編集出力処理', 'Ｅ０００−終了処理', 'Ｅ１００−入出力件数表示処理', 'Ｅ１１０−件数出力処理', 'Ｒ１００−ファイル入力処理', 'ＺＡ００−メッセージ出力処理']
2025-08-23 15:41:47,802 [INFO] 🧪 SECTION ID 提取器测试
2025-08-23 15:41:47,802 [INFO] ============================================================
2025-08-23 15:41:47,802 [INFO] 
📝 测试1: 基本SECTION ID提取
2025-08-23 15:41:47,818 [INFO] 开始解析SECTION ID - 文件: MAQR8700.ipo 程序ID: MAQR8700
2025-08-23 15:41:47,820 [INFO] 成功读取 616 行
2025-08-23 15:41:47,821 [INFO] 找到SECTION ID: CONFIGURATION (行 21)
2025-08-23 15:41:47,821 [INFO] 找到SECTION ID: INPUT-OUTPUT (行 26)
2025-08-23 15:41:47,821 [INFO] 找到SECTION ID: FILE (行 37)
2025-08-23 15:41:47,822 [INFO] 找到SECTION ID: WORKING-STORAGE (行 53)
2025-08-23 15:41:47,825 [INFO] 找到SECTION ID: LINKAGE (行 309)
2025-08-23 15:41:47,826 [INFO] 找到SECTION ID: ＭＡＱＲ８７００−ＭＡＩＮ (行 328)
2025-08-23 15:41:47,826 [INFO] 找到SECTION ID: Ｓ０００−初期処理 (行 349)
2025-08-23 15:41:47,827 [INFO] 找到SECTION ID: Ｓ２００−ワークエリア初期化処理 (行 400)
2025-08-23 15:41:47,828 [INFO] 找到SECTION ID: Ｍ０００−主処理 (行 437)
2025-08-23 15:41:47,828 [INFO] 找到SECTION ID: Ｍ１００−総合口座関連登録予約受付編集出力処理 (行 460)
2025-08-23 15:41:47,829 [INFO] 找到SECTION ID: Ｅ０００−終了処理 (行 511)
2025-08-23 15:41:47,829 [INFO] 找到SECTION ID: Ｅ１００−入出力件数表示処理 (行 531)
2025-08-23 15:41:47,830 [INFO] 找到SECTION ID: Ｅ１１０−件数出力処理 (行 551)
2025-08-23 15:41:47,830 [INFO] 找到SECTION ID: Ｒ１００−ファイル入力処理 (行 586)
2025-08-23 15:41:47,831 [INFO] 找到SECTION ID: ＺＡ００−メッセージ出力処理 (行 605)
2025-08-23 15:41:47,831 [INFO] 成功提取 15 个SECTION ID
2025-08-23 15:41:47,831 [INFO] 
📋 MAQR8700 的SECTION ID列表:
==================================================
2025-08-23 15:41:47,831 [INFO]     1. CONFIGURATION
2025-08-23 15:41:47,831 [INFO]     2. INPUT-OUTPUT
2025-08-23 15:41:47,831 [INFO]     3. FILE
2025-08-23 15:41:47,831 [INFO]     4. WORKING-STORAGE
2025-08-23 15:41:47,831 [INFO]     5. LINKAGE
2025-08-23 15:41:47,831 [INFO]     6. ＭＡＱＲ８７００−ＭＡＩＮ
2025-08-23 15:41:47,831 [INFO]     7. Ｓ０００−初期処理
2025-08-23 15:41:47,831 [INFO]     8. Ｓ２００−ワークエリア初期化処理
2025-08-23 15:41:47,831 [INFO]     9. Ｍ０００−主処理
2025-08-23 15:41:47,831 [INFO]    10. Ｍ１００−総合口座関連登録予約受付編集出力処理
2025-08-23 15:41:47,831 [INFO]    11. Ｅ０００−終了処理
2025-08-23 15:41:47,831 [INFO]    12. Ｅ１００−入出力件数表示処理
2025-08-23 15:41:47,831 [INFO]    13. Ｅ１１０−件数出力処理
2025-08-23 15:41:47,831 [INFO]    14. Ｒ１００−ファイル入力処理
2025-08-23 15:41:47,832 [INFO]    15. ＺＡ００−メッセージ出力処理
2025-08-23 15:41:47,832 [INFO] 
✅ 总计: 15 个SECTION ID
2025-08-23 15:41:47,832 [INFO] 
📝 测试2: SECTION详细信息提取
2025-08-23 15:41:47,833 [INFO] 开始解析SECTION详细信息 - 文件: MAQR8700.ipo
2025-08-23 15:41:47,834 [INFO] 成功读取 616 行
2025-08-23 15:41:47,834 [INFO] 找到SECTION: CONFIGURATION (行 21)
2025-08-23 15:41:47,834 [INFO] 找到SECTION: INPUT-OUTPUT (行 26)
2025-08-23 15:41:47,835 [INFO] 找到SECTION: FILE (行 37)
2025-08-23 15:41:47,835 [INFO] 找到SECTION: WORKING-STORAGE (行 53)
2025-08-23 15:41:47,838 [INFO] 找到SECTION: LINKAGE (行 309)
2025-08-23 15:41:47,839 [INFO] 找到SECTION: ＭＡＱＲ８７００−ＭＡＩＮ (行 328)
2025-08-23 15:41:47,839 [INFO] 找到SECTION: Ｓ０００−初期処理 (行 349)
2025-08-23 15:41:47,840 [INFO] 找到SECTION: Ｓ２００−ワークエリア初期化処理 (行 400)
2025-08-23 15:41:47,840 [INFO] 找到SECTION: Ｍ０００−主処理 (行 437)
2025-08-23 15:41:47,841 [INFO] 找到SECTION: Ｍ１００−総合口座関連登録予約受付編集出力処理 (行 460)
2025-08-23 15:41:47,842 [INFO] 找到SECTION: Ｅ０００−終了処理 (行 511)
2025-08-23 15:41:47,842 [INFO] 找到SECTION: Ｅ１００−入出力件数表示処理 (行 531)
2025-08-23 15:41:47,843 [INFO] 找到SECTION: Ｅ１１０−件数出力処理 (行 551)
2025-08-23 15:41:47,844 [INFO] 找到SECTION: Ｒ１００−ファイル入力処理 (行 586)
2025-08-23 15:41:47,845 [INFO] 找到SECTION: ＺＡ００−メッセージ出力処理 (行 605)
2025-08-23 15:41:47,845 [INFO] 成功提取 15 个SECTION详细信息
2025-08-23 15:41:47,845 [INFO] 
📋 MAQR8700 的SECTION详细信息:
======================================================================
2025-08-23 15:41:47,846 [INFO]     1. SECTION ID: CONFIGURATION
2025-08-23 15:41:47,846 [INFO]        行号: 21
2025-08-23 15:41:47,846 [INFO]        内容: CONFIGURATION               SECTION.

2025-08-23 15:41:47,846 [INFO]     2. SECTION ID: INPUT-OUTPUT
2025-08-23 15:41:47,846 [INFO]        行号: 26
2025-08-23 15:41:47,846 [INFO]        内容: INPUT-OUTPUT                SECTION.

2025-08-23 15:41:47,846 [INFO]     3. SECTION ID: FILE
2025-08-23 15:41:47,846 [INFO]        行号: 37
2025-08-23 15:41:47,846 [INFO]        内容: FILE                        SECTION.

2025-08-23 15:41:47,846 [INFO]     4. SECTION ID: WORKING-STORAGE
2025-08-23 15:41:47,846 [INFO]        行号: 53
2025-08-23 15:41:47,846 [INFO]        内容: WORKING-STORAGE             SECTION.

2025-08-23 15:41:47,846 [INFO]     5. SECTION ID: LINKAGE
2025-08-23 15:41:47,846 [INFO]        行号: 309
2025-08-23 15:41:47,846 [INFO]        内容: LINKAGE                     SECTION.

2025-08-23 15:41:47,846 [INFO]     6. SECTION ID: ＭＡＱＲ８７００−ＭＡＩＮ
2025-08-23 15:41:47,846 [INFO]        行号: 328
2025-08-23 15:41:47,846 [INFO]        内容: ＭＡＱＲ８７００−ＭＡＩＮ    SECTION.

2025-08-23 15:41:47,846 [INFO]     7. SECTION ID: Ｓ０００−初期処理
2025-08-23 15:41:47,846 [INFO]        行号: 349
2025-08-23 15:41:47,846 [INFO]        内容: Ｓ０００−初期処理 SECTION.

2025-08-23 15:41:47,846 [INFO]     8. SECTION ID: Ｓ２００−ワークエリア初期化処理
2025-08-23 15:41:47,846 [INFO]        行号: 400
2025-08-23 15:41:47,846 [INFO]        内容: Ｓ２００−ワークエリア初期化処理 SECTION.

2025-08-23 15:41:47,846 [INFO]     9. SECTION ID: Ｍ０００−主処理
2025-08-23 15:41:47,847 [INFO]        行号: 437
2025-08-23 15:41:47,847 [INFO]        内容: Ｍ０００−主処理 SECTION.

2025-08-23 15:41:47,847 [INFO]    10. SECTION ID: Ｍ１００−総合口座関連登録予約受付編集出力処理
2025-08-23 15:41:47,847 [INFO]        行号: 460
2025-08-23 15:41:47,847 [INFO]        内容: Ｍ１００−総合口座関連登録予約受付編集出力処理 SECTION.

2025-08-23 15:41:47,847 [INFO]    11. SECTION ID: Ｅ０００−終了処理
2025-08-23 15:41:47,847 [INFO]        行号: 511
2025-08-23 15:41:47,847 [INFO]        内容: Ｅ０００−終了処理 SECTION.

2025-08-23 15:41:47,847 [INFO]    12. SECTION ID: Ｅ１００−入出力件数表示処理
2025-08-23 15:41:47,847 [INFO]        行号: 531
2025-08-23 15:41:47,847 [INFO]        内容: Ｅ１００−入出力件数表示処理  SECTION.

2025-08-23 15:41:47,847 [INFO]    13. SECTION ID: Ｅ１１０−件数出力処理
2025-08-23 15:41:47,847 [INFO]        行号: 551
2025-08-23 15:41:47,847 [INFO]        内容: Ｅ１１０−件数出力処理  SECTION.

2025-08-23 15:41:47,847 [INFO]    14. SECTION ID: Ｒ１００−ファイル入力処理
2025-08-23 15:41:47,847 [INFO]        行号: 586
2025-08-23 15:41:47,847 [INFO]        内容: Ｒ１００−ファイル入力処理      SECTION.

2025-08-23 15:41:47,847 [INFO]    15. SECTION ID: ＺＡ００−メッセージ出力処理
2025-08-23 15:41:47,847 [INFO]        行号: 605
2025-08-23 15:41:47,847 [INFO]        内容: ＺＡ００−メッセージ出力処理      SECTION.

2025-08-23 15:41:47,847 [INFO] ✅ 总计: 15 个SECTION
2025-08-23 15:41:47,847 [INFO] 
🎯 返回给调用函数的数组格式:
2025-08-23 15:41:47,847 [INFO]    类型: <class 'list'>
2025-08-23 15:41:47,847 [INFO]    内容: ['CONFIGURATION', 'INPUT-OUTPUT', 'FILE', 'WORKING-STORAGE', 'LINKAGE', 'ＭＡＱＲ８７００−ＭＡＩＮ', 'Ｓ０００−初期処理', 'Ｓ２００−ワークエリア初期化処理', 'Ｍ０００−主処理', 'Ｍ１００−総合口座関連登録予約受付編集出力処理', 'Ｅ０００−終了処理', 'Ｅ１００−入出力件数表示処理', 'Ｅ１１０−件数出力処理', 'Ｒ１００−ファイル入力処理', 'ＺＡ００−メッセージ出力処理']
2025-08-23 15:41:47,847 [INFO]    长度: 15
2025-08-23 15:41:47,848 [INFO] 
📝 测试4: 批量处理示例
2025-08-23 15:41:47,850 [INFO] 开始批量提取 1 个文件的SECTION ID
2025-08-23 15:41:47,850 [INFO] [1/1] 处理文件: MAQR8700.ipo
2025-08-23 15:41:47,851 [INFO] 开始解析SECTION ID - 文件: MAQR8700.ipo 程序ID: MAQR8700
2025-08-23 15:41:47,851 [INFO] 成功读取 616 行
2025-08-23 15:41:47,852 [INFO] 找到SECTION ID: CONFIGURATION (行 21)
2025-08-23 15:41:47,852 [INFO] 找到SECTION ID: INPUT-OUTPUT (行 26)
2025-08-23 15:41:47,852 [INFO] 找到SECTION ID: FILE (行 37)
2025-08-23 15:41:47,852 [INFO] 找到SECTION ID: WORKING-STORAGE (行 53)
2025-08-23 15:41:47,856 [INFO] 找到SECTION ID: LINKAGE (行 309)
2025-08-23 15:41:47,856 [INFO] 找到SECTION ID: ＭＡＱＲ８７００−ＭＡＩＮ (行 328)
2025-08-23 15:41:47,857 [INFO] 找到SECTION ID: Ｓ０００−初期処理 (行 349)
2025-08-23 15:41:47,857 [INFO] 找到SECTION ID: Ｓ２００−ワークエリア初期化処理 (行 400)
2025-08-23 15:41:47,858 [INFO] 找到SECTION ID: Ｍ０００−主処理 (行 437)
2025-08-23 15:41:47,858 [INFO] 找到SECTION ID: Ｍ１００−総合口座関連登録予約受付編集出力処理 (行 460)
2025-08-23 15:41:47,860 [INFO] 找到SECTION ID: Ｅ０００−終了処理 (行 511)
2025-08-23 15:41:47,860 [INFO] 找到SECTION ID: Ｅ１００−入出力件数表示処理 (行 531)
2025-08-23 15:41:47,860 [INFO] 找到SECTION ID: Ｅ１１０−件数出力処理 (行 551)
2025-08-23 15:41:47,861 [INFO] 找到SECTION ID: Ｒ１００−ファイル入力処理 (行 586)
2025-08-23 15:41:47,861 [INFO] 找到SECTION ID: ＺＡ００−メッセージ出力処理 (行 605)
2025-08-23 15:41:47,861 [INFO] 成功提取 15 个SECTION ID
2025-08-23 15:41:47,862 [INFO] MAQR8700: 找到 15 个SECTION
2025-08-23 15:41:47,862 [INFO] 批量提取完成: 处理文件: 1, 成功文件: 1, 总SECTION数: 15
2025-08-23 15:41:47,862 [INFO]    MAQR8700: ['CONFIGURATION', 'INPUT-OUTPUT', 'FILE', 'WORKING-STORAGE', 'LINKAGE', 'ＭＡＱＲ８７００−ＭＡＩＮ', 'Ｓ０００−初期処理', 'Ｓ２００−ワークエリア初期化処理', 'Ｍ０００−主処理', 'Ｍ１００−総合口座関連登録予約受付編集出力処理', 'Ｅ０００−終了処理', 'Ｅ１００−入出力件数表示処理', 'Ｅ１１０−件数出力処理', 'Ｒ１００−ファイル入力処理', 'ＺＡ００−メッセージ出力処理']
2025-08-23 15:51:25,777 [INFO] 🧪 SECTION ID 提取器测试
2025-08-23 15:51:25,777 [INFO] ============================================================
2025-08-23 15:51:25,777 [INFO] 
📝 测试1: 基本SECTION ID提取
2025-08-23 15:51:25,795 [INFO] 开始解析SECTION ID - 文件: MAQR8700.ipo 程序ID: MAQR8700
2025-08-23 15:51:25,797 [INFO] 成功读取 616 行
2025-08-23 15:51:25,805 [INFO] 成功提取 0 个SECTION ID
2025-08-23 15:51:25,806 [INFO] 
📋 MAQR8700 的SECTION ID列表:
==================================================
2025-08-23 15:51:25,806 [INFO]    ❌ 未找到任何SECTION ID
2025-08-23 15:51:25,806 [INFO] 
📝 测试2: SECTION详细信息提取
2025-08-23 15:51:25,807 [INFO] 开始解析SECTION详细信息 - 文件: MAQR8700.ipo
2025-08-23 15:51:25,808 [INFO] 成功读取 616 行
2025-08-23 15:51:25,814 [INFO] 成功提取 0 个SECTION详细信息
2025-08-23 15:51:25,814 [INFO] 
📋 MAQR8700 的SECTION详细信息:
======================================================================
2025-08-23 15:51:25,814 [INFO]    ❌ 未找到任何SECTION
2025-08-23 15:51:25,814 [INFO] 
🎯 返回给调用函数的数组格式:
2025-08-23 15:51:25,814 [INFO]    类型: <class 'list'>
2025-08-23 15:51:25,814 [INFO]    内容: []
2025-08-23 15:51:25,814 [INFO]    长度: 0
2025-08-23 15:51:25,815 [INFO] 
📝 测试4: 批量处理示例
2025-08-23 15:51:25,816 [INFO] 开始批量提取 1 个文件的SECTION ID
2025-08-23 15:51:25,817 [INFO] [1/1] 处理文件: MAQR8700.ipo
2025-08-23 15:51:25,817 [INFO] 开始解析SECTION ID - 文件: MAQR8700.ipo 程序ID: MAQR8700
2025-08-23 15:51:25,818 [INFO] 成功读取 616 行
2025-08-23 15:51:25,825 [INFO] 成功提取 0 个SECTION ID
2025-08-23 15:51:25,825 [INFO] MAQR8700: 找到 0 个SECTION
2025-08-23 15:51:25,825 [INFO] 批量提取完成: 处理文件: 1, 成功文件: 0, 总SECTION数: 0
2025-08-23 15:51:25,825 [INFO]    MAQR8700: []
2025-08-23 15:51:27,481 [INFO] 🧪 SECTION ID 提取器测试
2025-08-23 15:51:27,481 [INFO] ============================================================
2025-08-23 15:51:27,481 [INFO] 
📝 测试1: 基本SECTION ID提取
2025-08-23 15:51:27,498 [INFO] 开始解析SECTION ID - 文件: MAQR8700.ipo 程序ID: MAQR8700
2025-08-23 15:51:27,500 [INFO] 成功读取 616 行
2025-08-23 15:51:27,509 [INFO] 成功提取 0 个SECTION ID
2025-08-23 15:51:27,509 [INFO] 
📋 MAQR8700 的SECTION ID列表:
==================================================
2025-08-23 15:51:27,509 [INFO]    ❌ 未找到任何SECTION ID
2025-08-23 15:51:27,509 [INFO] 
📝 测试2: SECTION详细信息提取
2025-08-23 15:51:27,511 [INFO] 开始解析SECTION详细信息 - 文件: MAQR8700.ipo
2025-08-23 15:51:27,512 [INFO] 成功读取 616 行
2025-08-23 15:51:27,517 [INFO] 成功提取 0 个SECTION详细信息
2025-08-23 15:51:27,517 [INFO] 
📋 MAQR8700 的SECTION详细信息:
======================================================================
2025-08-23 15:51:27,518 [INFO]    ❌ 未找到任何SECTION
2025-08-23 15:51:27,518 [INFO] 
🎯 返回给调用函数的数组格式:
2025-08-23 15:51:27,518 [INFO]    类型: <class 'list'>
2025-08-23 15:51:27,518 [INFO]    内容: []
2025-08-23 15:51:27,518 [INFO]    长度: 0
2025-08-23 15:51:27,518 [INFO] 
📝 测试4: 批量处理示例
2025-08-23 15:51:27,520 [INFO] 开始批量提取 1 个文件的SECTION ID
2025-08-23 15:51:27,520 [INFO] [1/1] 处理文件: MAQR8700.ipo
2025-08-23 15:51:27,520 [INFO] 开始解析SECTION ID - 文件: MAQR8700.ipo 程序ID: MAQR8700
2025-08-23 15:51:27,521 [INFO] 成功读取 616 行
2025-08-23 15:51:27,527 [INFO] 成功提取 0 个SECTION ID
2025-08-23 15:51:27,527 [INFO] MAQR8700: 找到 0 个SECTION
2025-08-23 15:51:27,527 [INFO] 批量提取完成: 处理文件: 1, 成功文件: 0, 总SECTION数: 0
2025-08-23 15:51:27,527 [INFO]    MAQR8700: []
2025-08-23 15:51:45,996 [INFO] 🧪 SECTION ID 提取器测试
2025-08-23 15:51:45,996 [INFO] ============================================================
2025-08-23 15:51:45,997 [INFO] 
📝 测试1: 基本SECTION ID提取
2025-08-23 15:51:46,013 [INFO] 开始解析SECTION ID - 文件: MAQR8700.ipo 程序ID: MAQR8700
2025-08-23 15:51:46,015 [INFO] 成功读取 616 行
2025-08-23 15:51:46,024 [INFO] 成功提取 0 个SECTION ID
2025-08-23 15:51:46,024 [INFO] 
📋 MAQR8700 的SECTION ID列表:
==================================================
2025-08-23 15:51:46,024 [INFO]    ❌ 未找到任何SECTION ID
2025-08-23 15:51:46,024 [INFO] 
📝 测试2: SECTION详细信息提取
2025-08-23 15:51:46,026 [INFO] 开始解析SECTION详细信息 - 文件: MAQR8700.ipo
2025-08-23 15:51:46,027 [INFO] 成功读取 616 行
2025-08-23 15:51:46,032 [INFO] 成功提取 0 个SECTION详细信息
2025-08-23 15:51:46,033 [INFO] 
📋 MAQR8700 的SECTION详细信息:
======================================================================
2025-08-23 15:51:46,033 [INFO]    ❌ 未找到任何SECTION
2025-08-23 15:51:46,033 [INFO] 
🎯 返回给调用函数的数组格式:
2025-08-23 15:51:46,033 [INFO]    类型: <class 'list'>
2025-08-23 15:51:46,033 [INFO]    内容: []
2025-08-23 15:51:46,033 [INFO]    长度: 0
2025-08-23 15:51:46,033 [INFO] 
📝 测试4: 批量处理示例
2025-08-23 15:51:46,035 [INFO] 开始批量提取 1 个文件的SECTION ID
2025-08-23 15:51:46,035 [INFO] [1/1] 处理文件: MAQR8700.ipo
2025-08-23 15:51:46,035 [INFO] 开始解析SECTION ID - 文件: MAQR8700.ipo 程序ID: MAQR8700
2025-08-23 15:51:46,036 [INFO] 成功读取 616 行
2025-08-23 15:51:46,042 [INFO] 成功提取 0 个SECTION ID
2025-08-23 15:51:46,042 [INFO] MAQR8700: 找到 0 个SECTION
2025-08-23 15:51:46,042 [INFO] 批量提取完成: 处理文件: 1, 成功文件: 0, 总SECTION数: 0
2025-08-23 15:51:46,042 [INFO]    MAQR8700: []
2025-08-23 15:52:05,173 [INFO] 🧪 SECTION ID 提取器测试
2025-08-23 15:52:05,174 [INFO] ============================================================
2025-08-23 15:52:05,174 [INFO] 
📝 测试1: 基本SECTION ID提取
2025-08-23 15:52:05,190 [INFO] 开始解析SECTION ID - 文件: MAQR8700.ipo 程序ID: MAQR8700
2025-08-23 15:52:05,191 [INFO] 成功读取 616 行
2025-08-23 15:52:05,192 [INFO] 找到SECTION ID: CONFIGURATION (行 21)
2025-08-23 15:52:05,192 [INFO] 找到SECTION ID: INPUT-OUTPUT (行 26)
2025-08-23 15:52:05,192 [INFO] 找到SECTION ID: FILE (行 37)
2025-08-23 15:52:05,193 [INFO] 找到SECTION ID: WORKING-STORAGE (行 53)
2025-08-23 15:52:05,197 [INFO] 找到SECTION ID: LINKAGE (行 309)
2025-08-23 15:52:05,197 [INFO] 找到SECTION ID: ＭＡＱＲ８７００−ＭＡＩＮ (行 328)
2025-08-23 15:52:05,197 [INFO] 找到SECTION ID: Ｓ０００−初期処理 (行 349)
2025-08-23 15:52:05,198 [INFO] 找到SECTION ID: Ｓ２００−ワークエリア初期化処理 (行 400)
2025-08-23 15:52:05,199 [INFO] 找到SECTION ID: Ｍ０００−主処理 (行 437)
2025-08-23 15:52:05,199 [INFO] 找到SECTION ID: Ｍ１００−総合口座関連登録予約受付編集出力処理 (行 460)
2025-08-23 15:52:05,200 [INFO] 找到SECTION ID: Ｅ０００−終了処理 (行 511)
2025-08-23 15:52:05,200 [INFO] 找到SECTION ID: Ｅ１００−入出力件数表示処理 (行 531)
2025-08-23 15:52:05,201 [INFO] 找到SECTION ID: Ｅ１１０−件数出力処理 (行 551)
2025-08-23 15:52:05,202 [INFO] 找到SECTION ID: Ｒ１００−ファイル入力処理 (行 586)
2025-08-23 15:52:05,202 [INFO] 找到SECTION ID: ＺＡ００−メッセージ出力処理 (行 605)
2025-08-23 15:52:05,202 [INFO] 成功提取 15 个SECTION ID
2025-08-23 15:52:05,202 [INFO] 
📋 MAQR8700 的SECTION ID列表:
==================================================
2025-08-23 15:52:05,202 [INFO]     1. CONFIGURATION
2025-08-23 15:52:05,202 [INFO]     2. INPUT-OUTPUT
2025-08-23 15:52:05,202 [INFO]     3. FILE
2025-08-23 15:52:05,202 [INFO]     4. WORKING-STORAGE
2025-08-23 15:52:05,202 [INFO]     5. LINKAGE
2025-08-23 15:52:05,202 [INFO]     6. ＭＡＱＲ８７００−ＭＡＩＮ
2025-08-23 15:52:05,202 [INFO]     7. Ｓ０００−初期処理
2025-08-23 15:52:05,202 [INFO]     8. Ｓ２００−ワークエリア初期化処理
2025-08-23 15:52:05,203 [INFO]     9. Ｍ０００−主処理
2025-08-23 15:52:05,203 [INFO]    10. Ｍ１００−総合口座関連登録予約受付編集出力処理
2025-08-23 15:52:05,203 [INFO]    11. Ｅ０００−終了処理
2025-08-23 15:52:05,203 [INFO]    12. Ｅ１００−入出力件数表示処理
2025-08-23 15:52:05,203 [INFO]    13. Ｅ１１０−件数出力処理
2025-08-23 15:52:05,203 [INFO]    14. Ｒ１００−ファイル入力処理
2025-08-23 15:52:05,203 [INFO]    15. ＺＡ００−メッセージ出力処理
2025-08-23 15:52:05,203 [INFO] 
✅ 总计: 15 个SECTION ID
2025-08-23 15:52:05,203 [INFO] 
📝 测试2: SECTION详细信息提取
2025-08-23 15:52:05,204 [INFO] 开始解析SECTION详细信息 - 文件: MAQR8700.ipo
2025-08-23 15:52:05,205 [INFO] 成功读取 616 行
2025-08-23 15:52:05,205 [INFO] 找到SECTION: CONFIGURATION (行 21)
2025-08-23 15:52:05,206 [INFO] 找到SECTION: INPUT-OUTPUT (行 26)
2025-08-23 15:52:05,206 [INFO] 找到SECTION: FILE (行 37)
2025-08-23 15:52:05,206 [INFO] 找到SECTION: WORKING-STORAGE (行 53)
2025-08-23 15:52:05,210 [INFO] 找到SECTION: LINKAGE (行 309)
2025-08-23 15:52:05,210 [INFO] 找到SECTION: ＭＡＱＲ８７００−ＭＡＩＮ (行 328)
2025-08-23 15:52:05,210 [INFO] 找到SECTION: Ｓ０００−初期処理 (行 349)
2025-08-23 15:52:05,211 [INFO] 找到SECTION: Ｓ２００−ワークエリア初期化処理 (行 400)
2025-08-23 15:52:05,212 [INFO] 找到SECTION: Ｍ０００−主処理 (行 437)
2025-08-23 15:52:05,212 [INFO] 找到SECTION: Ｍ１００−総合口座関連登録予約受付編集出力処理 (行 460)
2025-08-23 15:52:05,213 [INFO] 找到SECTION: Ｅ０００−終了処理 (行 511)
2025-08-23 15:52:05,213 [INFO] 找到SECTION: Ｅ１００−入出力件数表示処理 (行 531)
2025-08-23 15:52:05,214 [INFO] 找到SECTION: Ｅ１１０−件数出力処理 (行 551)
2025-08-23 15:52:05,214 [INFO] 找到SECTION: Ｒ１００−ファイル入力処理 (行 586)
2025-08-23 15:52:05,215 [INFO] 找到SECTION: ＺＡ００−メッセージ出力処理 (行 605)
2025-08-23 15:52:05,215 [INFO] 成功提取 15 个SECTION详细信息
2025-08-23 15:52:05,215 [INFO] 
📋 MAQR8700 的SECTION详细信息:
======================================================================
2025-08-23 15:52:05,215 [INFO]     1. SECTION ID: CONFIGURATION
2025-08-23 15:52:05,215 [INFO]        行号: 21
2025-08-23 15:52:05,215 [INFO]        内容: CONFIGURATION               SECTION.

2025-08-23 15:52:05,215 [INFO]     2. SECTION ID: INPUT-OUTPUT
2025-08-23 15:52:05,215 [INFO]        行号: 26
2025-08-23 15:52:05,215 [INFO]        内容: INPUT-OUTPUT                SECTION.

2025-08-23 15:52:05,215 [INFO]     3. SECTION ID: FILE
2025-08-23 15:52:05,215 [INFO]        行号: 37
2025-08-23 15:52:05,215 [INFO]        内容: FILE                        SECTION.

2025-08-23 15:52:05,215 [INFO]     4. SECTION ID: WORKING-STORAGE
2025-08-23 15:52:05,215 [INFO]        行号: 53
2025-08-23 15:52:05,215 [INFO]        内容: WORKING-STORAGE             SECTION.

2025-08-23 15:52:05,216 [INFO]     5. SECTION ID: LINKAGE
2025-08-23 15:52:05,216 [INFO]        行号: 309
2025-08-23 15:52:05,216 [INFO]        内容: LINKAGE                     SECTION.

2025-08-23 15:52:05,216 [INFO]     6. SECTION ID: ＭＡＱＲ８７００−ＭＡＩＮ
2025-08-23 15:52:05,216 [INFO]        行号: 328
2025-08-23 15:52:05,216 [INFO]        内容: ＭＡＱＲ８７００−ＭＡＩＮ    SECTION.

2025-08-23 15:52:05,216 [INFO]     7. SECTION ID: Ｓ０００−初期処理
2025-08-23 15:52:05,216 [INFO]        行号: 349
2025-08-23 15:52:05,216 [INFO]        内容: Ｓ０００−初期処理 SECTION.

2025-08-23 15:52:05,216 [INFO]     8. SECTION ID: Ｓ２００−ワークエリア初期化処理
2025-08-23 15:52:05,216 [INFO]        行号: 400
2025-08-23 15:52:05,216 [INFO]        内容: Ｓ２００−ワークエリア初期化処理 SECTION.

2025-08-23 15:52:05,216 [INFO]     9. SECTION ID: Ｍ０００−主処理
2025-08-23 15:52:05,216 [INFO]        行号: 437
2025-08-23 15:52:05,216 [INFO]        内容: Ｍ０００−主処理 SECTION.

2025-08-23 15:52:05,216 [INFO]    10. SECTION ID: Ｍ１００−総合口座関連登録予約受付編集出力処理
2025-08-23 15:52:05,216 [INFO]        行号: 460
2025-08-23 15:52:05,216 [INFO]        内容: Ｍ１００−総合口座関連登録予約受付編集出力処理 SECTION.

2025-08-23 15:52:05,216 [INFO]    11. SECTION ID: Ｅ０００−終了処理
2025-08-23 15:52:05,216 [INFO]        行号: 511
2025-08-23 15:52:05,216 [INFO]        内容: Ｅ０００−終了処理 SECTION.

2025-08-23 15:52:05,216 [INFO]    12. SECTION ID: Ｅ１００−入出力件数表示処理
2025-08-23 15:52:05,216 [INFO]        行号: 531
2025-08-23 15:52:05,216 [INFO]        内容: Ｅ１００−入出力件数表示処理  SECTION.

2025-08-23 15:52:05,216 [INFO]    13. SECTION ID: Ｅ１１０−件数出力処理
2025-08-23 15:52:05,216 [INFO]        行号: 551
2025-08-23 15:52:05,216 [INFO]        内容: Ｅ１１０−件数出力処理  SECTION.

2025-08-23 15:52:05,216 [INFO]    14. SECTION ID: Ｒ１００−ファイル入力処理
2025-08-23 15:52:05,216 [INFO]        行号: 586
2025-08-23 15:52:05,216 [INFO]        内容: Ｒ１００−ファイル入力処理      SECTION.

2025-08-23 15:52:05,216 [INFO]    15. SECTION ID: ＺＡ００−メッセージ出力処理
2025-08-23 15:52:05,216 [INFO]        行号: 605
2025-08-23 15:52:05,216 [INFO]        内容: ＺＡ００−メッセージ出力処理      SECTION.

2025-08-23 15:52:05,217 [INFO] ✅ 总计: 15 个SECTION
2025-08-23 15:52:05,217 [INFO] 
🎯 返回给调用函数的数组格式:
2025-08-23 15:52:05,217 [INFO]    类型: <class 'list'>
2025-08-23 15:52:05,217 [INFO]    内容: ['CONFIGURATION', 'INPUT-OUTPUT', 'FILE', 'WORKING-STORAGE', 'LINKAGE', 'ＭＡＱＲ８７００−ＭＡＩＮ', 'Ｓ０００−初期処理', 'Ｓ２００−ワークエリア初期化処理', 'Ｍ０００−主処理', 'Ｍ１００−総合口座関連登録予約受付編集出力処理', 'Ｅ０００−終了処理', 'Ｅ１００−入出力件数表示処理', 'Ｅ１１０−件数出力処理', 'Ｒ１００−ファイル入力処理', 'ＺＡ００−メッセージ出力処理']
2025-08-23 15:52:05,217 [INFO]    长度: 15
2025-08-23 15:52:05,217 [INFO] 
📝 测试4: 批量处理示例
2025-08-23 15:52:05,219 [INFO] 开始批量提取 1 个文件的SECTION ID
2025-08-23 15:52:05,219 [INFO] [1/1] 处理文件: MAQR8700.ipo
2025-08-23 15:52:05,220 [INFO] 开始解析SECTION ID - 文件: MAQR8700.ipo 程序ID: MAQR8700
2025-08-23 15:52:05,220 [INFO] 成功读取 616 行
2025-08-23 15:52:05,221 [INFO] 找到SECTION ID: CONFIGURATION (行 21)
2025-08-23 15:52:05,221 [INFO] 找到SECTION ID: INPUT-OUTPUT (行 26)
2025-08-23 15:52:05,221 [INFO] 找到SECTION ID: FILE (行 37)
2025-08-23 15:52:05,222 [INFO] 找到SECTION ID: WORKING-STORAGE (行 53)
2025-08-23 15:52:05,227 [INFO] 找到SECTION ID: LINKAGE (行 309)
2025-08-23 15:52:05,227 [INFO] 找到SECTION ID: ＭＡＱＲ８７００−ＭＡＩＮ (行 328)
2025-08-23 15:52:05,228 [INFO] 找到SECTION ID: Ｓ０００−初期処理 (行 349)
2025-08-23 15:52:05,229 [INFO] 找到SECTION ID: Ｓ２００−ワークエリア初期化処理 (行 400)
2025-08-23 15:52:05,230 [INFO] 找到SECTION ID: Ｍ０００−主処理 (行 437)
2025-08-23 15:52:05,231 [INFO] 找到SECTION ID: Ｍ１００−総合口座関連登録予約受付編集出力処理 (行 460)
2025-08-23 15:52:05,240 [INFO] 找到SECTION ID: Ｅ０００−終了処理 (行 511)
2025-08-23 15:52:05,242 [INFO] 找到SECTION ID: Ｅ１００−入出力件数表示処理 (行 531)
2025-08-23 15:52:05,243 [INFO] 找到SECTION ID: Ｅ１１０−件数出力処理 (行 551)
2025-08-23 15:52:05,245 [INFO] 找到SECTION ID: Ｒ１００−ファイル入力処理 (行 586)
2025-08-23 15:52:05,246 [INFO] 找到SECTION ID: ＺＡ００−メッセージ出力処理 (行 605)
2025-08-23 15:52:05,247 [INFO] 成功提取 15 个SECTION ID
2025-08-23 15:52:05,247 [INFO] MAQR8700: 找到 15 个SECTION
2025-08-23 15:52:05,247 [INFO] 批量提取完成: 处理文件: 1, 成功文件: 1, 总SECTION数: 15
2025-08-23 15:52:05,247 [INFO]    MAQR8700: ['CONFIGURATION', 'INPUT-OUTPUT', 'FILE', 'WORKING-STORAGE', 'LINKAGE', 'ＭＡＱＲ８７００−ＭＡＩＮ', 'Ｓ０００−初期処理', 'Ｓ２００−ワークエリア初期化処理', 'Ｍ０００−主処理', 'Ｍ１００−総合口座関連登録予約受付編集出力処理', 'Ｅ０００−終了処理', 'Ｅ１００−入出力件数表示処理', 'Ｅ１１０−件数出力処理', 'Ｒ１００−ファイル入力処理', 'ＺＡ００−メッセージ出力処理']
2025-08-23 15:54:16,019 [INFO] 🧪 SECTION ID 提取器测试
2025-08-23 15:54:16,020 [INFO] ============================================================
2025-08-23 15:54:16,020 [INFO] 
📝 测试1: 基本SECTION ID提取
2025-08-23 15:54:16,036 [INFO] 开始解析SECTION ID - 文件: MAQR8700.ipo 程序ID: MAQR8700
2025-08-23 15:54:16,038 [INFO] 成功读取 616 行
2025-08-23 15:54:16,048 [INFO] 成功提取 0 个SECTION ID
2025-08-23 15:54:16,048 [INFO] 
📋 MAQR8700 的SECTION ID列表:
==================================================
2025-08-23 15:54:16,048 [INFO]    ❌ 未找到任何SECTION ID
2025-08-23 15:54:16,048 [INFO] 
📝 测试2: SECTION详细信息提取
2025-08-23 15:54:16,049 [INFO] 开始解析SECTION详细信息 - 文件: MAQR8700.ipo
2025-08-23 15:54:16,050 [INFO] 成功读取 616 行
2025-08-23 15:54:16,056 [INFO] 成功提取 0 个SECTION详细信息
2025-08-23 15:54:16,056 [INFO] 
📋 MAQR8700 的SECTION详细信息:
======================================================================
2025-08-23 15:54:16,056 [INFO]    ❌ 未找到任何SECTION
2025-08-23 15:54:16,056 [INFO] 
🎯 返回给调用函数的数组格式:
2025-08-23 15:54:16,056 [INFO]    类型: <class 'list'>
2025-08-23 15:54:16,056 [INFO]    内容: []
2025-08-23 15:54:16,056 [INFO]    长度: 0
2025-08-23 15:54:16,057 [INFO] 
📝 测试4: 批量处理示例
2025-08-23 15:54:16,058 [INFO] 开始批量提取 1 个文件的SECTION ID
2025-08-23 15:54:16,058 [INFO] [1/1] 处理文件: MAQR8700.ipo
2025-08-23 15:54:16,058 [INFO] 开始解析SECTION ID - 文件: MAQR8700.ipo 程序ID: MAQR8700
2025-08-23 15:54:16,059 [INFO] 成功读取 616 行
2025-08-23 15:54:16,065 [INFO] 成功提取 0 个SECTION ID
2025-08-23 15:54:16,065 [INFO] MAQR8700: 找到 0 个SECTION
2025-08-23 15:54:16,065 [INFO] 批量提取完成: 处理文件: 1, 成功文件: 0, 总SECTION数: 0
2025-08-23 15:54:16,065 [INFO]    MAQR8700: []
2025-08-23 16:07:25,429 [INFO] 🧪 SECTION ID 提取器测试
2025-08-23 16:07:25,430 [INFO] ============================================================
2025-08-23 16:07:25,430 [INFO] 
📝 测试1: 基本SECTION ID提取
2025-08-23 16:07:25,445 [INFO] 开始解析SECTION ID - 文件: MAQR8700.ipo 程序ID: MAQR8700
2025-08-23 16:07:25,447 [INFO] 成功读取 616 行
2025-08-23 16:07:25,447 [INFO] 找到SECTION ID: CONFIGURATION (行 21)
2025-08-23 16:07:25,448 [INFO] 找到SECTION ID: INPUT-OUTPUT (行 26)
2025-08-23 16:07:25,448 [INFO] 找到SECTION ID: FILE (行 37)
2025-08-23 16:07:25,448 [INFO] 找到SECTION ID: WORKING-STORAGE (行 53)
2025-08-23 16:07:25,452 [INFO] 找到SECTION ID: LINKAGE (行 309)
2025-08-23 16:07:25,452 [INFO] 找到SECTION ID: ＭＡＱＲ８７００−ＭＡＩＮ (行 328)
2025-08-23 16:07:25,453 [INFO] 找到SECTION ID: Ｓ０００−初期処理 (行 349)
2025-08-23 16:07:25,453 [INFO] 找到SECTION ID: Ｓ２００−ワークエリア初期化処理 (行 400)
2025-08-23 16:07:25,454 [INFO] 找到SECTION ID: Ｍ０００−主処理 (行 437)
2025-08-23 16:07:25,454 [INFO] 找到SECTION ID: Ｍ１００−総合口座関連登録予約受付編集出力処理 (行 460)
2025-08-23 16:07:25,456 [INFO] 找到SECTION ID: Ｅ０００−終了処理 (行 511)
2025-08-23 16:07:25,456 [INFO] 找到SECTION ID: Ｅ１００−入出力件数表示処理 (行 531)
2025-08-23 16:07:25,456 [INFO] 找到SECTION ID: Ｅ１１０−件数出力処理 (行 551)
2025-08-23 16:07:25,457 [INFO] 找到SECTION ID: Ｒ１００−ファイル入力処理 (行 586)
2025-08-23 16:07:25,457 [INFO] 找到SECTION ID: ＺＡ００−メッセージ出力処理 (行 605)
2025-08-23 16:07:25,457 [INFO] 成功提取 10 个SECTION ID
2025-08-23 16:07:25,458 [INFO] 
📋 MAQR8700 的SECTION ID列表:
==================================================
2025-08-23 16:07:25,458 [INFO]     1. ＭＡＱＲ８７００−ＭＡＩＮ
2025-08-23 16:07:25,458 [INFO]     2. Ｓ０００−初期処理
2025-08-23 16:07:25,458 [INFO]     3. Ｓ２００−ワークエリア初期化処理
2025-08-23 16:07:25,458 [INFO]     4. Ｍ０００−主処理
2025-08-23 16:07:25,458 [INFO]     5. Ｍ１００−総合口座関連登録予約受付編集出力処理
2025-08-23 16:07:25,458 [INFO]     6. Ｅ０００−終了処理
2025-08-23 16:07:25,458 [INFO]     7. Ｅ１００−入出力件数表示処理
2025-08-23 16:07:25,458 [INFO]     8. Ｅ１１０−件数出力処理
2025-08-23 16:07:25,458 [INFO]     9. Ｒ１００−ファイル入力処理
2025-08-23 16:07:25,458 [INFO]    10. ＺＡ００−メッセージ出力処理
2025-08-23 16:07:25,458 [INFO] 
✅ 总计: 10 个SECTION ID
2025-08-23 16:07:25,458 [INFO] 
📝 测试2: SECTION详细信息提取
2025-08-23 16:07:25,459 [INFO] ❌ 测试失败: 'SectionIdExtractor' object has no attribute 'extract_section_details'
2025-08-23 16:08:14,845 [INFO] 🧪 SECTION ID 提取器测试
2025-08-23 16:08:14,846 [INFO] ============================================================
2025-08-23 16:08:14,846 [INFO] 
📝 测试1: 基本SECTION ID提取
2025-08-23 16:08:14,860 [INFO] 开始解析SECTION ID - 文件: MAQR8700.ipo 程序ID: MAQR8700
2025-08-23 16:08:14,862 [INFO] 成功读取 616 行
2025-08-23 16:08:14,863 [INFO] 找到SECTION ID: CONFIGURATION (行 21)
2025-08-23 16:08:14,863 [INFO] 找到SECTION ID: INPUT-OUTPUT (行 26)
2025-08-23 16:08:14,863 [INFO] 找到SECTION ID: FILE (行 37)
2025-08-23 16:08:14,864 [INFO] 找到SECTION ID: WORKING-STORAGE (行 53)
2025-08-23 16:08:14,868 [INFO] 找到SECTION ID: LINKAGE (行 309)
2025-08-23 16:08:14,868 [INFO] 找到SECTION ID: ＭＡＱＲ８７００−ＭＡＩＮ (行 328)
2025-08-23 16:08:14,869 [INFO] 找到SECTION ID: Ｓ０００−初期処理 (行 349)
2025-08-23 16:08:14,869 [INFO] 找到SECTION ID: Ｓ２００−ワークエリア初期化処理 (行 400)
2025-08-23 16:08:14,870 [INFO] 找到SECTION ID: Ｍ０００−主処理 (行 437)
2025-08-23 16:08:14,870 [INFO] 找到SECTION ID: Ｍ１００−総合口座関連登録予約受付編集出力処理 (行 460)
2025-08-23 16:08:14,871 [INFO] 找到SECTION ID: Ｅ０００−終了処理 (行 511)
2025-08-23 16:08:14,871 [INFO] 找到SECTION ID: Ｅ１００−入出力件数表示処理 (行 531)
2025-08-23 16:08:14,872 [INFO] 找到SECTION ID: Ｅ１１０−件数出力処理 (行 551)
2025-08-23 16:08:14,873 [INFO] 找到SECTION ID: Ｒ１００−ファイル入力処理 (行 586)
2025-08-23 16:08:14,873 [INFO] 找到SECTION ID: ＺＡ００−メッセージ出力処理 (行 605)
2025-08-23 16:08:14,873 [INFO] 成功提取 10 个SECTION ID
2025-08-23 16:08:14,873 [INFO] 
📋 MAQR8700 的SECTION ID列表:
==================================================
2025-08-23 16:08:14,873 [INFO]     1. ＭＡＱＲ８７００−ＭＡＩＮ
2025-08-23 16:08:14,873 [INFO]     2. Ｓ０００−初期処理
2025-08-23 16:08:14,873 [INFO]     3. Ｓ２００−ワークエリア初期化処理
2025-08-23 16:08:14,873 [INFO]     4. Ｍ０００−主処理
2025-08-23 16:08:14,873 [INFO]     5. Ｍ１００−総合口座関連登録予約受付編集出力処理
2025-08-23 16:08:14,873 [INFO]     6. Ｅ０００−終了処理
2025-08-23 16:08:14,873 [INFO]     7. Ｅ１００−入出力件数表示処理
2025-08-23 16:08:14,873 [INFO]     8. Ｅ１１０−件数出力処理
2025-08-23 16:08:14,874 [INFO]     9. Ｒ１００−ファイル入力処理
2025-08-23 16:08:14,874 [INFO]    10. ＺＡ００−メッセージ出力処理
2025-08-23 16:08:14,874 [INFO] 
✅ 总计: 10 个SECTION ID
2025-08-23 16:08:14,874 [INFO] 
📝 测试2: SECTION详细信息提取
2025-08-23 16:08:14,875 [INFO] ❌ 测试失败: 'SectionIdExtractor' object has no attribute 'extract_section_details'
2025-08-23 16:08:21,440 [INFO] 🧪 SECTION ID 提取器测试
2025-08-23 16:08:21,440 [INFO] ============================================================
2025-08-23 16:08:21,440 [INFO] 
📝 测试1: 基本SECTION ID提取
2025-08-23 16:08:21,456 [INFO] 开始解析SECTION ID - 文件: MAQR8700.ipo 程序ID: MAQR8700
2025-08-23 16:08:21,457 [INFO] 成功读取 616 行
2025-08-23 16:08:21,458 [INFO] 找到SECTION ID: CONFIGURATION (行 21)
2025-08-23 16:08:21,459 [INFO] 找到SECTION ID: INPUT-OUTPUT (行 26)
2025-08-23 16:08:21,459 [INFO] 找到SECTION ID: FILE (行 37)
2025-08-23 16:08:21,459 [INFO] 找到SECTION ID: WORKING-STORAGE (行 53)
2025-08-23 16:08:21,463 [INFO] 找到SECTION ID: LINKAGE (行 309)
2025-08-23 16:08:21,463 [INFO] 找到SECTION ID: ＭＡＱＲ８７００−ＭＡＩＮ (行 328)
2025-08-23 16:08:21,463 [INFO] 找到SECTION ID: Ｓ０００−初期処理 (行 349)
2025-08-23 16:08:21,464 [INFO] 找到SECTION ID: Ｓ２００−ワークエリア初期化処理 (行 400)
2025-08-23 16:08:21,465 [INFO] 找到SECTION ID: Ｍ０００−主処理 (行 437)
2025-08-23 16:08:21,465 [INFO] 找到SECTION ID: Ｍ１００−総合口座関連登録予約受付編集出力処理 (行 460)
2025-08-23 16:08:21,466 [INFO] 找到SECTION ID: Ｅ０００−終了処理 (行 511)
2025-08-23 16:08:21,466 [INFO] 找到SECTION ID: Ｅ１００−入出力件数表示処理 (行 531)
2025-08-23 16:08:21,467 [INFO] 找到SECTION ID: Ｅ１１０−件数出力処理 (行 551)
2025-08-23 16:08:21,467 [INFO] 找到SECTION ID: Ｒ１００−ファイル入力処理 (行 586)
2025-08-23 16:08:21,468 [INFO] 找到SECTION ID: ＺＡ００−メッセージ出力処理 (行 605)
2025-08-23 16:08:21,468 [INFO] 成功提取 10 个SECTION ID
2025-08-23 16:08:21,468 [INFO] 
📋 MAQR8700 的SECTION ID列表:
==================================================
2025-08-23 16:08:21,468 [INFO]     1. ＭＡＱＲ８７００−ＭＡＩＮ
2025-08-23 16:08:21,468 [INFO]     2. Ｓ０００−初期処理
2025-08-23 16:08:21,468 [INFO]     3. Ｓ２００−ワークエリア初期化処理
2025-08-23 16:08:21,468 [INFO]     4. Ｍ０００−主処理
2025-08-23 16:08:21,468 [INFO]     5. Ｍ１００−総合口座関連登録予約受付編集出力処理
2025-08-23 16:08:21,468 [INFO]     6. Ｅ０００−終了処理
2025-08-23 16:08:21,468 [INFO]     7. Ｅ１００−入出力件数表示処理
2025-08-23 16:08:21,468 [INFO]     8. Ｅ１１０−件数出力処理
2025-08-23 16:08:21,468 [INFO]     9. Ｒ１００−ファイル入力処理
2025-08-23 16:08:21,468 [INFO]    10. ＺＡ００−メッセージ出力処理
2025-08-23 16:08:21,468 [INFO] 
✅ 总计: 10 个SECTION ID
2025-08-23 16:08:21,469 [INFO] 
📝 测试2: SECTION详细信息提取
2025-08-23 16:08:21,470 [INFO] ❌ 测试失败: 'SectionIdExtractor' object has no attribute 'extract_section_details'
